symbol,bucket,outcome,mean,lo,hi,n,days,gross_share,net_share
QQQ,0-25% (heavy offset),y_r15,0.026907893807420542,-0.0036071695582101816,0.06300891123416419,312,57,0.22807786445385594,0.02859595642208357
QQQ,0-25% (heavy offset),y_rv15,0.04176674348041777,0.03540301265086347,0.047845542395672395,312,57,0.22807786445385594,0.02859595642208357
QQQ,25-50%,y_r15,0.003719403058027513,-0.016307285841258384,0.02170986733323311,295,54,0.2133672176416263,0.08086827964436623
QQQ,25-50%,y_rv15,0.04308863396297516,0.0381602143990118,0.04773707636549563,295,54,0.2133672176416263,0.08086827964436623
QQQ,50-75%,y_r15,-0.0048726185779006306,-0.023170593397651325,0.013497581057732199,327,58,0.22659471696483943,0.1430466030620119
QQQ,50-75%,y_rv15,0.040973443813486415,0.03658211258132931,0.045198323103067026,327,58,0.22659471696483943,0.1430466030620119
QQQ,75-100% (one-sided),y_r15,0.010612782919301076,-9.247635830029609e-05,0.02189534755410302,1027,64,0.22391091090087445,0.21383599175368442
QQQ,75-100% (one-sided),y_rv15,0.04269120331853035,0.038793213604544526,0.04639097168731056,1027,64,0.22391091090087445,0.21383599175368442
SPY,0-25% (heavy offset),y_r15,0.011330032692633614,-0.02807234744603212,0.04933309315299349,108,34,0.2572289960383646,0.029725179230659784
SPY,0-25% (heavy offset),y_rv15,0.027809110257503676,0.023547190918428666,0.03181083351197572,108,34,0.2572289960383646,0.029725179230659784
SPY,25-50%,y_r15,-0.001318712603542993,-0.027537333204008616,0.027588266133745747,112,38,0.24072185229389026,0.08721857877907611
SPY,25-50%,y_rv15,0.02560487880463182,0.021955320293556825,0.02887353523474045,112,38,0.24072185229389026,0.08721857877907611
SPY,50-75%,y_r15,0.013485866215935798,-0.004481544240668942,0.03401525908188642,110,40,0.24732900483309947,0.1563998212583883
SPY,50-75%,y_rv15,0.024742892128660685,0.02237019022429011,0.02752212341943996,110,40,0.24732900483309947,0.1563998212583883
SPY,75-100% (one-sided),y_r15,0.006327423661034337,-0.002790075694955853,0.015593457606076567,699,64,0.2845687185043067,0.2792482976736071
SPY,75-100% (one-sided),y_rv15,0.02754838489556927,0.025145124704697097,0.029968176431765144,699,64,0.2845687185043067,0.2792482976736071
SPXW,0-25% (heavy offset),y_r15,-0.003286208579157604,-0.010078734516413966,0.003591313236254936,592,59,0.34847571872289224,0.04433670456237787
SPXW,0-25% (heavy offset),y_rv15,0.02307875900282833,0.020777513347966566,0.025429146407899714,592,59,0.34847571872289224,0.04433670456237787
SPXW,25-50%,y_r15,0.012319617067575377,-0.00031776661354504114,0.026735523582710235,546,63,0.3435269394577162,0.12845258334907877
SPXW,25-50%,y_rv15,0.024953479246000703,0.022327150305931864,0.02750672417189373,546,63,0.3435269394577162,0.12845258334907877
SPXW,50-75%,y_r15,0.008855669368828837,-0.0031685720712334785,0.021382318938576027,687,63,0.33668387594362426,0.21308081194826828
SPXW,50-75%,y_rv15,0.02501672726237337,0.022613414034823986,0.027538925696558154,687,63,0.33668387594362426,0.21308081194826828
SPXW,75-100% (one-sided),y_r15,0.002517495365084136,-0.005210704358587516,0.011570357747225465,741,59,0.3669660790678036,0.3332325580150988
SPXW,75-100% (one-sided),y_rv15,0.024239717336487887,0.02139486681363187,0.02697863859206731,741,59,0.3669660790678036,0.3332325580150988
