symbol,contrast,controls,coef,lo,hi,rel_to_mean,n,days
QQQ,king,False,-0.007269465975452225,-0.009778042359325277,-0.0044761407602469435,-0.17178405228724739,1961,64
QQQ,king,True,0.00022808540612987146,-0.0014437953785862495,0.0017374422888134264,0.0053898643263316824,1961,64
QQQ,first_encounter,False,0.006115006802431066,0.0018924289599903455,0.010055415311804457,0.14450313844688487,1961,64
QQQ,first_encounter,True,-0.0012560964841729924,-0.0033774497188013473,0.0010961617609331496,-0.02968269537867638,1961,64
QQQ,agg_net_pos,False,0.007290219560401561,0.0012611785901278979,0.01341861389494664,0.17227447825995618,1961,64
QQQ,agg_net_pos,True,0.002952951259035526,0.00048371460955616726,0.006471355148657979,0.06978090759304988,1961,64
QQQ,upward,False,-0.004031870488722452,-0.006240786388463374,-0.00197766302559055,-0.09527674428753632,1961,64
QQQ,upward,True,-0.0027774432805869526,-0.0040569646030833816,-0.0014003538239116917,-0.06563349541058026,1961,64
SPY,king,False,-0.00427940983244645,-0.006712184903433428,-0.0019581083327977343,-0.15812007305972964,1029,64
SPY,king,True,-0.00042205293580023837,-0.001961472894813417,0.0011112749119574045,-0.015594449621960146,1029,64
SPY,first_encounter,False,0.0012142362309983232,-0.001166450191401868,0.0033999181142129404,0.04486485965927362,1029,64
SPY,first_encounter,True,-0.0009795216030698127,-0.0033370534297010447,0.0011865732830185812,-0.036192380142389735,1029,64
SPY,agg_net_pos,False,0.000915382520080701,-0.004388301666187853,0.006915478369293139,0.033822502779551455,1029,64
SPY,agg_net_pos,True,-0.00017010669332959423,-0.0017402983467362239,0.002309262660121396,-0.006285278538477313,1029,64
SPY,upward,False,-0.0022153664129502745,-0.0038322077666042573,4.099303289820656e-05,-0.08185565598645009,1029,64
SPY,upward,True,-0.001978045350437842,-0.0030974205810561273,-0.0007387384660015876,-0.07308687122118582,1029,64
SPXW,king,False,-0.004516485599483862,-0.006624594693605757,-0.002404191502885594,-0.18562084737121345,2566,64
SPXW,king,True,-0.0006789046475084634,-0.0015697463272816195,0.0001374972892308994,-0.027901972270027216,2566,64
SPXW,first_encounter,False,0.002995978227129088,0.0009424097275555627,0.005226045527365632,0.12313025359561854,2566,64
SPXW,first_encounter,True,-0.0009683630591992112,-0.0024747401999815435,0.0006732312794379393,-0.03979828290210413,2566,64
SPXW,agg_net_pos,False,-0.00013144230503012896,-0.0037166892869051203,0.003867068838512329,-0.00540208343471886,2566,64
SPXW,agg_net_pos,True,-0.0006650137731967456,-0.0021730979697679193,0.0010869327581437026,-0.02733107797540957,2566,64
SPXW,upward,False,-0.0017066918807940958,-0.0026712341245334593,-0.0005830729126266582,-0.07014250043236567,2566,64
SPXW,upward,True,-0.001363865775338084,-0.0020158335255582786,-0.000732316866534961,-0.05605285688230318,2566,64
POOL,king,False,-0.03326542438379979,-0.03739627424291494,-0.028733622492334288,-0.25217213767911767,42345,64
POOL,king,True,-0.0016841715436791804,-0.0032759677169003935,-2.7857021439558324e-05,-0.012767044048136274,42345,64
POOL,first_encounter,False,0.059267582635074915,0.052370957000289056,0.06500102490728475,0.4492843029965701,42345,64
POOL,first_encounter,True,0.004132783005522628,0.0021835704127938127,0.005953597392465841,0.0313290073513719,42345,64
POOL,agg_net_pos,False,-0.017563423418677657,-0.022977567491555988,-0.01236193108674944,-0.13314142568427115,42345,64
POOL,agg_net_pos,True,-0.0031224650992839336,-0.005002059419394696,-0.0012688661824220402,-0.023670183486320703,42345,64
POOL,upward,False,-0.0012509639340405813,-0.003543414100793406,0.0008779194294349157,-0.00948306703581752,42345,64
POOL,upward,True,-0.00014298678760151222,-0.0012793436944500212,0.0011981955506205212,-0.0010839267665228745,42345,64
