symbol,outcome,real,real_lo,real_hi,placebo,placebo_lo,placebo_hi,diff,diff_lo,diff_hi,p_boot,n_real,n_placebo,days
QQQ,y_r1,0.0009703051547515537,-0.00145501134065774,0.0035266102305933304,0.00025147900505940546,-0.0020401042979147654,0.002767967204730482,0.0007188261496921482,-0.0016462386165864477,0.0030418774710266197,0.545,2053,2045,64
QQQ,y_r5,-0.0006924422375070438,-0.004671858731246115,0.003423420081606202,0.0006188100586845731,-0.004410204053034403,0.005881486442764145,-0.001311252296191617,-0.005859903269613464,0.003388389861452629,0.608,2026,2017,64
QQQ,y_r15,0.009586164484029588,-0.0003906859333553618,0.02093340472675331,0.007775911182322834,-0.0026618697669968973,0.021423010063325695,0.0018102533017067546,-0.004961408400536276,0.008728221265754853,0.616,1961,1958,64
QQQ,y_r30,0.005433598674372884,-0.00454696881144845,0.016006057792808292,0.005235028031326104,-0.005786691288028804,0.016656917999328242,0.00019857064304678023,-0.007894357233119835,0.008047049533945751,0.987,1913,1888,64
QQQ,y_cont,0.5109637939826619,0.4885965947066855,0.5333041375391997,0.5204290091930541,0.49945272130799495,0.5430279929573472,-0.00946521521039223,-0.032178113674422144,0.013074666845153538,0.425,1961,1958,64
QQQ,y_target,0.4069352371239164,0.3727372163328241,0.4402013779848473,0.40551583248212464,0.3765779187738991,0.43596971829260656,0.0014194046417917439,-0.02238417684992853,0.02567615283020486,0.871,1961,1958,64
QQQ,y_stop,0.3997960224375319,0.37262392531520994,0.42444726050181236,0.4009193054136874,0.372686153883563,0.4279307153802241,-0.0011232829761555485,-0.027729330114808513,0.0268245764481861,0.898,1961,1958,64
QQQ,y_ambig,0.00407955124936257,0.0009866070226074897,0.008200922603792926,0.002553626149131767,0.0004952763288815599,0.0053225122217284105,0.0015259251002308033,-0.0011872126676129018,0.004711212140747384,0.324,1961,1958,64
QQQ,y_mfe15,0.1392770967246647,0.12245973551435013,0.15826469558005302,0.1378347079942019,0.1211246966726517,0.1557568449646262,0.001442388730462818,-0.00297492635467893,0.005875165736190364,0.557,1961,1958,64
QQQ,y_mae15,0.13150741659777584,0.120292437600038,0.14241408598036626,0.13028876387170357,0.11909736647164179,0.14130191924675642,0.0012186527260722724,-0.0035319978287601515,0.005671699651556579,0.591,1961,1958,64
QQQ,y_range15,0.2707845133224405,0.24361064642239316,0.29829016416076903,0.2681234718659056,0.24270851894406104,0.29334077633436123,0.002661041456534896,-0.002979592253046874,0.00812191516709469,0.347,1961,1958,64
QQQ,y_rv15,0.042317467067878006,0.03889505054319533,0.04575028417881734,0.04188276721004336,0.0386315339056679,0.044898354488824475,0.00043469985783464726,-0.00034673198392619673,0.0011641793957183353,0.286,1961,1958,64
QQQ,y_cross15,0.6713450292397661,0.64,0.7003611048925527,0.6779359430604982,0.6496791842032215,0.7044547178757705,-0.0065909138207320694,-0.039707430673812764,0.02710734564400664,0.682,1710,1686,64
QQQ,y_cross30,0.762936221419976,0.7373808549606422,0.7858502634592197,0.7731196054254007,0.746049763912427,0.7971486175115208,-0.010183384005424734,-0.04320180567207299,0.02393177615459746,0.536,1662,1622,64
QQQ,y_exit_far,0.32596956308296515,0.29827005778156673,0.3526412132934782,0.32230997038499504,0.293689497716895,0.3500464361328589,0.0036595926979701154,-0.02240256793343897,0.03080901493056882,0.802,2037,2026,64
SPY,y_r1,0.0016375472879790205,-0.0005013668805381271,0.0036142921362173025,-0.00029318680325985503,-0.0025245180019743507,0.0019825185454046823,0.0019307340912388755,-0.0003470257697205992,0.0042922326076815795,0.102,1079,1097,64
SPY,y_r5,-0.00036537962156792683,-0.005210054781630646,0.004831569710158721,-0.001684486973423399,-0.0060365624542556276,0.0028172147571036248,0.0013191073518554722,-0.0030566597210647532,0.005221100887012785,0.548,1068,1081,64
SPY,y_r15,0.006785483131218226,-0.0025548378337246513,0.017286981854801705,0.006362411758291927,-0.0022093531530843857,0.01668496124636137,0.0004230713729262989,-0.005667715908590896,0.006550806349113187,0.872,1029,1048,64
SPY,y_r30,0.006508986427280537,-0.002913948674571346,0.01788472047793539,0.007526119437687508,-0.0020122569864788054,0.01684086082824152,-0.0010171330104069712,-0.010056914484821565,0.007019869825633092,0.774,1001,1019,64
SPY,y_cont,0.49854227405247814,0.4616769656935862,0.536886979402362,0.5162213740458015,0.4853372375316296,0.5484567835276267,-0.017679099993323344,-0.05384253778747177,0.020936030699205993,0.388,1029,1048,64
SPY,y_target,0.2886297376093295,0.24566630898325906,0.3270406270459009,0.2872137404580153,0.24406015375912785,0.3292822587354831,0.0014159971513141856,-0.028919639107569894,0.028871231182224212,0.997,1029,1048,64
SPY,y_stop,0.3012633624878523,0.266381785068392,0.33521926399413815,0.2786259541984733,0.23715954535669337,0.3143668902111066,0.02263740828937899,-0.008523902717441814,0.05351645856159696,0.169,1029,1048,64
SPY,y_ambig,0.0,0.0,0.0,0.0009541984732824427,0.0,0.0031487041368025996,-0.0009541984732824427,-0.0031949733305176534,0.0,0.762,1029,1048,64
SPY,y_mfe15,0.0911478963291716,0.07700712760947212,0.10633166800488349,0.09025893895376493,0.0767827214467209,0.10656608847239825,0.0008889573754066737,-0.0036718921272460075,0.0055819499784539725,0.69,1029,1048,64
SPY,y_mae15,0.08526449390923739,0.07615580047416128,0.0947751679831276,0.08468913302743462,0.07593850525631587,0.09328718244214033,0.0005753608818027667,-0.004198507830498651,0.005839943212365729,0.833,1029,1048,64
SPY,y_range15,0.17641239023840918,0.1556271660788092,0.2000100572792745,0.1749480719811997,0.15372360482331549,0.19659883241342127,0.001464318257209496,-0.005102550102493647,0.008122249509414885,0.706,1029,1048,64
SPY,y_rv15,0.027064304674523573,0.024545875238465045,0.02941101125287236,0.026935017850739793,0.02443797779042828,0.029336953871366058,0.00012928682378378006,-0.0007019449744099169,0.000974086786862516,0.719,1029,1048,64
SPY,y_cross15,0.5670103092783505,0.5257076588741908,0.6072114854121482,0.5366098294884654,0.495894371816722,0.5715720007926173,0.030400479789885138,-0.012369875992803292,0.07506177648080443,0.183,970,997,64
SPY,y_cross30,0.6871686108165429,0.6531493837523679,0.7206174604171902,0.6449948400412797,0.6097560975609756,0.6776581526581527,0.042173770775263186,0.0017840490124319958,0.08327860431125265,0.045,943,969,64
SPY,y_exit_far,0.2597526165556613,0.22350938256658595,0.2932055226982097,0.22389463781749766,0.18943599680192838,0.2584177448643741,0.035857978738163626,0.006202421520376377,0.06601718262815673,0.018,1051,1063,64
SPXW,y_r1,0.0006442287605061134,-0.0002373111510316899,0.0015602958836665529,0.0012823060224229868,-0.0004241467858249037,0.003170545783807183,-0.0006380772619168734,-0.0021770595404694997,0.0008581812978169811,0.423,2706,2707,64
SPXW,y_r5,-0.0013208800475235075,-0.004586608955438977,0.0020249376685861063,0.0005272753460477612,-0.0032137046378754304,0.004474557260979725,-0.0018481553935712687,-0.003994357647900576,0.0003656682495687648,0.097,2658,2671,64
SPXW,y_r15,0.004961178628974129,-0.0007289384002464526,0.012047893683197182,0.003871062501508897,-0.0032545631721540963,0.012866456854241513,0.0010901161274652319,-0.0027978637155211127,0.004939649635328451,0.564,2566,2578,64
SPXW,y_r30,0.006774434595766266,0.0006015030086466055,0.013689055899769806,0.006960859572528151,-0.0010324640170069799,0.017096718221942617,-0.00018642497676188505,-0.004817593559989829,0.00395521592603733,0.954,2476,2498,64
SPXW,y_cont,0.5066250974279034,0.48504579712528495,0.5281090846853297,0.5015515903801396,0.47860890677168694,0.5262154068477751,0.00507350704776377,-0.01230006907011242,0.02200166741774226,0.535,2566,2578,64
SPXW,y_target,0.2579890880748246,0.22425388213159497,0.29054824028316684,0.25368502715283164,0.2178140888918468,0.28995408594239613,0.00430406092199298,-0.012124312010643271,0.020600718494712882,0.544,2566,2578,64
SPXW,y_stop,0.25565081839438814,0.2251127662772735,0.2833923118211542,0.2540729247478666,0.2244874594300668,0.28003175191554724,0.0015778936465215554,-0.013343221620877945,0.015328822450871095,0.851,2566,2578,64
SPXW,y_ambig,0.0,0.0,0.0,0.0003878975950349108,0.0,0.0012259910093992644,-0.0003878975950349108,-0.0012368345553294459,0.0,0.716,2566,2578,64
SPXW,y_mfe15,0.07986173064382307,0.0696489223066369,0.09121192393110554,0.0805107044982825,0.06992993941031889,0.09341285654511486,-0.0006489738544594309,-0.0030938766597123296,0.0017689925447536962,0.662,2566,2578,64
SPXW,y_mae15,0.07708225648603484,0.07018508727664134,0.08399366604207778,0.07613457768441488,0.06956022559457055,0.0822775709511533,0.0009476788016199583,-0.001530162976561555,0.0034364099245110156,0.498,2566,2578,64
SPXW,y_range15,0.15694398712985796,0.1403299804018273,0.17296119298453333,0.15664528218269735,0.14033805135197128,0.1743156484611572,0.0002987049471606107,-0.002328003808147739,0.0028818263919810814,0.788,2566,2578,64
SPXW,y_rv15,0.02433177988058409,0.02220527035047975,0.02639065820484377,0.024339753104213,0.022290568484490708,0.02643878121424118,-7.973223628911924e-06,-0.00040069610315274635,0.0003733743795851826,0.975,2566,2578,64
SPXW,y_cross15,0.7058550185873605,0.6844436915133914,0.7252567026564062,0.705552963135791,0.6850390482342941,0.7248256974536248,0.0003020554515695828,-0.02295963833559629,0.023272518530531403,0.955,2152,2143,64
SPXW,y_cross30,0.7891944042450555,0.769309592141962,0.8072867385782645,0.7860936745533559,0.7677014133780351,0.8039811230705136,0.0031007296916996108,-0.023261762053352307,0.02854119792108266,0.874,2073,2071,64
SPXW,y_exit_far,0.3531377645748236,0.3269897726768348,0.3770860363008797,0.362555720653789,0.33490833001195697,0.39094143034526957,-0.009417956078965395,-0.03349668442891701,0.013818457789970214,0.45,2693,2692,64
POOL,y_r1,7.136273023252408e-05,-0.002013929852693788,0.0022430438801321014,0.0009323715405799508,-0.0012118767762618699,0.002919427016756927,-0.0008610088103474267,-0.003346871036128224,0.0015088260179336934,0.491,44308,44698,64
POOL,y_r5,-0.003269884751544469,-0.0076435413286658335,0.0011448022525558045,-0.003782547934950059,-0.007241480430755899,-0.00015847524496500817,0.0005126631834055902,-0.00442318835438584,0.005329254939471119,0.844,43696,44097,64
POOL,y_r15,0.0007326885398641822,-0.0072710825113397205,0.00970471989479734,0.0030731376540120733,-0.004230769545954159,0.010982040027626164,-0.0023404491141478913,-0.010843639138004369,0.005213235046824503,0.577,42345,42746,64
POOL,y_r30,0.001558261950432363,-0.010922547932601107,0.014274026874270734,-0.0010433102534345518,-0.011821138611129886,0.00949665125773866,0.0026015722038669146,-0.009188744711545826,0.01467276567061489,0.7,40643,41072,64
POOL,y_cont,0.4901405124571968,0.48284219515045457,0.4971434346222522,0.4942216815608478,0.4883180448654097,0.5007323006005324,-0.004081169103650972,-0.01209771958015497,0.004133454951712787,0.326,42345,42746,64
POOL,y_target,0.4552367457787224,0.44838393625670103,0.4617753071083454,0.4589201328779301,0.45315574762379723,0.4649198563109244,-0.00368338709920768,-0.01072069867628479,0.0038747329745967988,0.347,42345,42746,64
POOL,y_stop,0.4576455307592396,0.44992387761896585,0.46498763243110575,0.4529312684227764,0.44489242549846847,0.4613234922815308,0.00471426233646316,-0.002175883234455919,0.011290764995697108,0.184,42345,42746,64
POOL,y_ambig,0.0763962687448341,0.06661710709288259,0.08582876929124186,0.0771768118654377,0.06764518110318815,0.08693389193210546,-0.0007805431206036051,-0.004391687355450277,0.00305589951952001,0.679,42345,42746,64
POOL,y_mfe15,0.404817826214921,0.3807535030575451,0.42856546931022,0.40677742042324055,0.3833053873929172,0.4307548118048305,-0.0019595942083195372,-0.008431286446383097,0.004020940261938912,0.519,42345,42746,64
POOL,y_mae15,0.40389155687060113,0.3824117365196424,0.42503136809654757,0.40207121024031933,0.379642411937284,0.424281835074106,0.0018203466302817994,-0.00413280320798808,0.007847509182386856,0.519,42345,42746,64
POOL,y_range15,0.8087093830855223,0.7624231271764829,0.8557485561411586,0.8088486306635599,0.7640465348377062,0.8563127085165603,-0.00013924757803762677,-0.007267425111160594,0.006668087821974855,0.941,42345,42746,64
POOL,y_rv15,0.13191554265257155,0.12537290366748824,0.1380781031601149,0.131599609347415,0.12485486987883793,0.13806129049066865,0.00031593330515655715,-0.0006714122837376477,0.0012120105729121792,0.552,42345,42746,64
POOL,y_cross15,0.7699249979395039,0.7628354189204877,0.7765603713279106,0.7829529576152772,0.776430757564505,0.789562784777616,-0.013027959675773304,-0.020631245820831097,-0.005483201067440046,0.002,24266,25764,64
POOL,y_cross30,0.8316891397061991,0.8258333967863017,0.8369522593624052,0.8439802445146142,0.8383168197843731,0.8494979388424221,-0.01229110480841511,-0.01866978838171772,-0.005608961902077043,0.001,23213,24702,64
POOL,y_exit_far,0.4366916885231075,0.4294690264104859,0.44479632385215717,0.4378291169023237,0.4299728457296205,0.4457617536724349,-0.0011374283792161544,-0.009373531623519173,0.00705689893318418,0.776,44228,44627,64
