symbol,outcome,real,real_lo,real_hi,placebo,placebo_lo,placebo_hi,diff,diff_lo,diff_hi,p_boot,n_real,n_placebo,days,tag
SPY,y_r1,9.142392757328383e-05,-0.003466359929933352,0.003587653822852932,0.0010804640525761962,-0.0019000278658381387,0.003687539732947281,-0.0009890401250029124,-0.004573066355191898,0.002382421131363397,0.577,699,702,64,band0.10
SPY,y_r5,0.00021880324166605322,-0.007967050984529515,0.009201657382564914,0.0009695182229442416,-0.006407133782879527,0.00823719400253908,-0.0007507149812781884,-0.0070051606683189105,0.005825550854477146,0.824,686,693,64,band0.10
SPY,y_r15,0.012527638135596953,0.0007422306147535229,0.02853630578132706,0.010065899241049838,-0.005035067491637041,0.03020346947460335,0.002461738894547115,-0.0063092274415210755,0.012454122503423261,0.61,665,667,64,band0.10
SPY,y_r30,0.009138984842596983,-0.005414198509894958,0.023844692158355166,0.00860147763076824,-0.00846638043832402,0.028914177358434698,0.0005375072118287434,-0.013647389204967534,0.015247758201669653,0.889,643,648,64,band0.10
SPY,y_cont,0.524812030075188,0.4836907788035681,0.5652173913043478,0.5097451274362819,0.4609597382398685,0.5546134655426336,0.015066902638906088,-0.03219304528026733,0.06488330750756457,0.55,665,667,64,band0.10
SPY,y_target,0.32030075187969925,0.26922413793103445,0.36685872030037747,0.31334332833583206,0.26226324754455393,0.3550131491344873,0.006957423543867192,-0.03367897630908592,0.04467039153696592,0.759,665,667,64,band0.10
SPY,y_stop,0.29473684210526313,0.2495827729394979,0.3333446404341926,0.29685157421289354,0.25480692675159233,0.336959574987787,-0.0021147321076304126,-0.04840836160826822,0.04126655813802887,0.887,665,667,64,band0.10
SPY,y_ambig,0.0030075187969924814,0.0,0.010564900024315874,0.0014992503748125937,0.0,0.00488639266781631,0.0015082684221798877,0.0,0.004874935805240644,0.727,665,667,64,band0.10
SPY,y_mfe15,0.10008694360236316,0.08159907487846614,0.11971341398484922,0.09842329858822187,0.07936958282909617,0.1196821577995141,0.0016636450141412906,-0.004450376139097207,0.007948645059821862,0.566,665,667,64,band0.10
SPY,y_mae15,0.08907472950298644,0.0778222335158868,0.09995658921855302,0.08939635003143322,0.07917996722582323,0.10063103060071213,-0.000321620528446781,-0.0073795649459319065,0.006319785430913279,0.909,665,667,64,band0.10
SPY,y_range15,0.18916167310534954,0.16090496245988228,0.22003834572181655,0.18781964861965478,0.16171918806338514,0.21522824799278378,0.0013420244856947594,-0.004934897929625649,0.007340891605492398,0.691,665,667,64,band0.10
SPY,y_rv15,0.028658783234764694,0.025447512479567166,0.03175852334936952,0.02849052030749566,0.02551123170437547,0.03150339865296597,0.00016826292726903475,-0.00053715383422221,0.0008481957129141439,0.648,665,667,64,band0.10
SPY,y_cross15,0.35714285714285715,0.295283251920352,0.4166666666666667,0.33435114503816793,0.26644403253504134,0.39737615537392096,0.02279171210468922,-0.012751117943186289,0.06017904221699483,0.219,658,655,64,band0.10
SPY,y_cross30,0.48822605965463106,0.43383178648343756,0.5361940008548005,0.46938775510204084,0.40923664989695724,0.5235330740452135,0.018838304552590224,-0.0171670784759703,0.05755769500648684,0.307,637,637,64,band0.10
SPY,y_exit_far,0.15384615384615385,0.10423844228504123,0.1985993257211306,0.14329738058551617,0.09883977549851494,0.18646397871875806,0.01054877326063769,-0.01997817013783895,0.03812874221333186,0.5,624,649,64,band0.10
