symbol,level,x_mid,mean,lo,hi,n,days
QQQ,placebo,0.012,-0.0024903860264080175,-0.005810090773230914,0.0008871618190772531,8036,64
QQQ,placebo,0.037500000000000006,-0.0008765054365311088,-0.004671201925196726,0.003114951284254232,8638,64
QQQ,placebo,0.0625,0.0007064290576632446,-0.0019781912650590257,0.0035006271392928503,8386,64
QQQ,placebo,0.0875,0.000972894782328494,-0.0025514691725638202,0.0044784378809908,8223,64
QQQ,placebo,0.1125,0.0017435296155700385,-0.001813728487854593,0.005465673193753902,8373,64
QQQ,placebo,0.1375,0.002036510756224389,-0.0002091035071721482,0.004319835175583679,8488,64
QQQ,placebo,0.16249999999999998,-0.0029436749652506414,-0.005977560444498238,0.0002623487145906684,8521,64
QQQ,placebo,0.1875,0.0006049347478258893,-0.0032790297412614764,0.00425837225359701,8264,64
QQQ,placebo,0.21250000000000002,0.0008223561235872244,-0.0017796874509264432,0.0035162110792951017,8167,64
QQQ,placebo,0.2375,0.0024246211179249897,-0.0012817080372886848,0.006179835548198743,8399,64
QQQ,placebo,0.2625,0.0015965804563320464,-0.0017029287272162042,0.004869366057182706,8298,64
QQQ,placebo,0.2875,-0.0008364727335808561,-0.0033340827674191577,0.0017335862945700253,8417,64
QQQ,placebo,0.3125,-0.003665063145838732,-0.007306356975667337,-0.00019482027524032894,8385,64
QQQ,placebo,0.3375,0.0012097758347694662,-0.002156092237090991,0.004433839907556846,8182,64
QQQ,real,0.012,-0.0008387055804106596,-0.00447326734109592,0.002589975686818007,7984,64
QQQ,real,0.037500000000000006,0.001075605433857026,-0.002664037387607932,0.004397088187958405,8562,64
QQQ,real,0.0625,0.002754735307565046,0.0002304879108122216,0.0051962060595953435,8432,64
QQQ,real,0.0875,-0.002376979691892935,-0.005902485236295237,0.0012235508441994804,8430,64
QQQ,real,0.1125,0.0004739247112052268,-0.003334324143302651,0.00461054016551534,8462,64
QQQ,real,0.1375,0.0008176494277716427,-0.0013886619634194224,0.002838400311051141,8190,64
QQQ,real,0.16249999999999998,0.0021790836630596055,-0.0015201476820255085,0.006085345938799164,8390,64
QQQ,real,0.1875,0.0027348116901647563,-0.0010376082125204474,0.006388054361523935,8294,64
QQQ,real,0.21250000000000002,-2.959239817490505e-05,-0.0021770425161884736,0.002205901338643322,8425,64
QQQ,real,0.2375,-0.003507151191144638,-0.006813362978105851,-0.00032801103942794936,8436,64
QQQ,real,0.2625,0.0018442663536644888,-0.0018997470723685146,0.005616866892816776,8152,64
QQQ,real,0.2875,-7.877359093514233e-05,-0.0029135865402357517,0.0026273644192290327,8215,64
QQQ,real,0.3125,0.0018675158889397893,-0.001829903255441467,0.005529424386155054,8438,64
QQQ,real,0.3375,0.001790149647680659,-0.001972616423150358,0.005367523956731516,8314,64
SPY,placebo,0.012,0.0014166380145636099,-0.0010766217205436762,0.004037363775905679,7929,64
SPY,placebo,0.037500000000000006,0.00035093004595881103,-0.002655783702204015,0.0032565690913366587,8752,64
SPY,placebo,0.0625,0.0006462897029016584,-0.000525924581489893,0.001922418776342829,8462,64
SPY,placebo,0.0875,-0.0006184997848924946,-0.0034593952152337628,0.002029761334400857,8733,64
SPY,placebo,0.1125,-0.0009308791302822426,-0.003777107416896898,0.0019079383691277358,8365,64
SPY,placebo,0.1375,0.0007161338293894825,-0.0009766376705113902,0.002382346778262487,8204,64
SPY,placebo,0.16249999999999998,0.00026635177000342144,-0.0026543696429077246,0.0031245218693539047,8785,64
SPY,placebo,0.1875,0.0008485158256384058,-0.0014899178206760832,0.0031400249369316503,8543,64
SPY,placebo,0.21250000000000002,-9.472579153926111e-05,-0.0025302464947452,0.0022779049248369734,8688,64
SPY,placebo,0.2375,-0.0004589230600907975,-0.003017161512073316,0.0021734119798652394,8625,64
SPY,placebo,0.2625,-0.00033667909466840473,-0.0017056456424352712,0.0009962380244431092,8108,64
SPY,placebo,0.2875,0.0008065238409651395,-0.0019891830038669166,0.0036453578209690433,8693,64
SPY,placebo,0.3125,0.00018274032307869566,-0.0026086626486022876,0.00290956734078945,8640,64
SPY,placebo,0.3375,0.00027978367281850325,-0.0016043348141062015,0.00226915488581358,8529,64
SPY,real,0.012,-3.425835883335198e-05,-0.002730893226329023,0.002573858260980386,8318,64
SPY,real,0.037500000000000006,-0.0007991518202163128,-0.0034313998652030385,0.0020153710573711015,8578,64
SPY,real,0.0625,-9.974231577298664e-05,-0.0014343052332439247,0.0012330535502135288,8082,64
SPY,real,0.0875,0.0007197717222758515,-0.002228597612065131,0.003940073160381565,8525,64
SPY,real,0.1125,0.0008738304307327256,-0.0019245308978129841,0.003656934721346879,8718,64
SPY,real,0.1375,-0.0006328962177252896,-0.00210580309011048,0.0008356675763091713,8539,64
SPY,real,0.16249999999999998,-0.000390301371229466,-0.003200005319372765,0.0023679671307583,8704,64
SPY,real,0.1875,-0.000372243519336143,-0.002630366814549458,0.001875349317057468,8260,64
SPY,real,0.21250000000000002,0.001279251482068767,-0.0013140960028596843,0.004041885303785835,8342,64
SPY,real,0.2375,0.0004940848984470152,-0.0021914328776752416,0.0032566774454923855,8874,64
SPY,real,0.2625,0.0007997274339062421,-0.0004168553755939416,0.00202171043660846,8481,64
SPY,real,0.2875,-0.0009420191267135991,-0.003874230516206539,0.001950352679849002,8720,64
SPY,real,0.3125,-0.0013782382041054844,-0.004266636852354919,0.0015038306446900041,8367,64
SPY,real,0.3375,-0.0002009498547007236,-0.002034028683158132,0.0016859140877803042,8236,64
SPXW,placebo,0.012,-0.0011836890695886657,-0.002821479766372702,0.0003660431719842996,16805,64
SPXW,placebo,0.037500000000000006,0.00101864257387672,0.00023783613652585427,0.0018241500468040369,16822,64
SPXW,placebo,0.0625,-5.484463780263458e-05,-0.0007934193574250603,0.0007346098783761561,16719,64
SPXW,placebo,0.0875,-0.0012011282966317637,-0.0028407733382069043,0.00032720660860966275,16946,64
SPXW,placebo,0.1125,0.0011471710912086437,-0.0004187665235495929,0.0029078430870526717,16925,64
SPXW,placebo,0.1375,0.00017299958784353694,-0.0009145198612004798,0.001295711516943281,16747,64
SPXW,placebo,0.16249999999999998,-0.0007856937698067265,-0.0016482271643557653,-2.937465243273662e-05,16817,64
SPXW,placebo,0.1875,0.0007013138283328933,-0.0007337470345810572,0.0021482162745237823,16727,64
SPXW,placebo,0.21250000000000002,-0.0009396717619538053,-0.0025665892742650076,0.0006127040944327684,16978,64
SPXW,placebo,0.2375,0.0006927614762181352,-0.00041991906076679393,0.0017946726814278,16780,64
SPXW,placebo,0.2625,0.00020018402950085278,-0.0005378399052112156,0.0009644036417820493,16701,64
SPXW,placebo,0.2875,-0.0010342066655441345,-0.0023804561230336132,0.00027934450963037875,16965,64
SPXW,placebo,0.3125,0.0015244281237416055,-9.458071312174749e-05,0.0031514000435580647,16840,64
SPXW,placebo,0.3375,-0.0008060792406418594,-0.0020673602626350724,0.00032177743371110114,16919,64
SPXW,real,0.012,0.0016320064694989303,-8.049097312372968e-05,0.0033051156453877324,16924,64
SPXW,real,0.037500000000000006,-0.00026315085179585805,-0.0011968119679142005,0.00063160389176547,16697,64
SPXW,real,0.0625,-0.0008843783226284769,-0.0016852998388182457,-0.00011626878153820533,16760,64
SPXW,real,0.0875,0.0009751548591709815,-0.0004202812468906902,0.0023891194279823842,16873,64
SPXW,real,0.1125,-0.0009761887833757238,-0.0026207326758206184,0.0006657777651409902,16904,64
SPXW,real,0.1375,0.0009028693791978605,-7.057926285200786e-05,0.0018907692218820017,16773,64
SPXW,real,0.16249999999999998,1.2036063242123367e-05,-0.000634175293606344,0.0006695667465868229,16698,64
SPXW,real,0.1875,-0.00130005143295861,-0.0028073336465111094,0.00022883634393441296,16961,64
SPXW,real,0.21250000000000002,0.0014644337761689516,-0.0002793897328866327,0.003237810797848852,16883,64
SPXW,real,0.2375,-0.00027711652280712533,-0.0014973091979757144,0.0008621814927100549,16847,64
SPXW,real,0.2625,-0.0002718603111942601,-0.0010781520115203112,0.0005012621393731705,16815,64
SPXW,real,0.2875,0.0004570327112810601,-0.0009374620281141749,0.0017814907619509224,16678,64
SPXW,real,0.3125,-0.0009548739176995908,-0.0025908607988818677,0.0005196624683591124,16935,64
SPXW,real,0.3375,0.0009841295135812828,-0.0002451265179725219,0.0022863827648985807,16803,64
