symbol,level,split,n,days
AAOI,placebo,dev,552,22
AAOI,placebo,holdout,366,21
AAOI,placebo,val,513,21
AAOI,real,dev,539,22
AAOI,real,holdout,336,21
AAOI,real,val,511,21
AAPL,placebo,dev,193,22
AAPL,placebo,holdout,165,21
AAPL,placebo,val,164,21
AAPL,real,dev,232,22
AAPL,real,holdout,199,21
AAPL,real,val,155,21
ADBE,placebo,dev,215,22
ADBE,placebo,holdout,203,21
ADBE,placebo,val,193,21
ADBE,real,dev,210,22
ADBE,real,holdout,202,21
ADBE,real,val,212,21
AFRM,placebo,dev,261,22
AFRM,placebo,holdout,235,21
AFRM,placebo,val,207,21
AFRM,real,dev,267,22
AFRM,real,holdout,189,21
AFRM,real,val,226,21
AMD,placebo,dev,780,22
AMD,placebo,holdout,520,21
AMD,placebo,val,497,21
AMD,real,dev,764,22
AMD,real,holdout,495,21
AMD,real,val,468,21
AMZN,placebo,dev,191,22
AMZN,placebo,holdout,129,20
AMZN,placebo,val,171,21
AMZN,real,dev,167,22
AMZN,real,holdout,136,21
AMZN,real,val,155,21
APP,placebo,dev,602,22
APP,placebo,holdout,321,21
APP,placebo,val,349,21
APP,real,dev,650,22
APP,real,holdout,319,21
APP,real,val,329,21
ARM,placebo,dev,429,22
ARM,placebo,holdout,307,21
ARM,placebo,val,343,21
ARM,real,dev,475,22
ARM,real,holdout,316,21
ARM,real,val,282,21
ASTS,placebo,dev,287,22
ASTS,placebo,holdout,190,21
ASTS,placebo,val,218,21
ASTS,real,dev,337,22
ASTS,real,holdout,203,21
ASTS,real,val,249,21
AVGO,placebo,dev,434,22
AVGO,placebo,holdout,231,21
AVGO,placebo,val,327,21
AVGO,real,dev,391,22
AVGO,real,holdout,233,21
AVGO,real,val,296,21
BE,placebo,dev,449,22
BE,placebo,holdout,357,21
BE,placebo,val,311,21
BE,real,dev,426,22
BE,real,holdout,382,21
BE,real,val,362,21
CIFR,placebo,dev,231,22
CIFR,placebo,holdout,100,20
CIFR,placebo,val,134,20
CIFR,real,dev,189,22
CIFR,real,holdout,102,21
CIFR,real,val,106,21
CRM,placebo,dev,169,22
CRM,placebo,holdout,184,21
CRM,placebo,val,154,20
CRM,real,dev,135,22
CRM,real,holdout,204,21
CRM,real,val,182,21
CRWD,placebo,dev,402,22
CRWD,placebo,holdout,230,21
CRWD,placebo,val,211,21
CRWD,real,dev,435,22
CRWD,real,holdout,261,21
CRWD,real,val,228,21
CRWV,placebo,dev,388,22
CRWV,placebo,holdout,326,21
CRWV,placebo,val,365,21
CRWV,real,dev,385,22
CRWV,real,holdout,281,21
CRWV,real,val,337,21
DELL,placebo,dev,588,22
DELL,placebo,holdout,657,21
DELL,placebo,val,529,21
DELL,real,dev,655,22
DELL,real,holdout,651,21
DELL,real,val,560,21
GOOG,placebo,dev,268,22
GOOG,placebo,holdout,198,21
GOOG,placebo,val,191,21
GOOG,real,dev,239,22
GOOG,real,holdout,207,21
GOOG,real,val,172,21
GOOGL,placebo,dev,251,22
GOOGL,placebo,holdout,225,21
GOOGL,placebo,val,212,21
GOOGL,real,dev,265,22
GOOGL,real,holdout,179,21
GOOGL,real,val,176,21
GS,placebo,dev,492,22
GS,placebo,holdout,398,21
GS,placebo,val,462,21
GS,real,dev,446,22
GS,real,holdout,421,21
GS,real,val,439,21
HIMS,placebo,dev,274,22
HIMS,placebo,holdout,189,21
HIMS,placebo,val,178,21
HIMS,real,dev,239,22
HIMS,real,holdout,171,21
HIMS,real,val,178,21
HOOD,placebo,dev,362,22
HOOD,placebo,holdout,368,21
HOOD,placebo,val,288,21
HOOD,real,dev,376,22
HOOD,real,holdout,295,21
HOOD,real,val,258,21
INTC,placebo,dev,423,22
INTC,placebo,holdout,299,21
INTC,placebo,val,304,21
INTC,real,dev,400,22
INTC,real,holdout,282,21
INTC,real,val,279,21
IONQ,placebo,dev,275,22
IONQ,placebo,holdout,248,21
IONQ,placebo,val,302,21
IONQ,real,dev,279,22
IONQ,real,holdout,264,21
IONQ,real,val,312,21
IREN,placebo,dev,337,22
IREN,placebo,holdout,311,21
IREN,placebo,val,307,21
IREN,real,dev,341,22
IREN,real,holdout,303,21
IREN,real,val,320,21
JPM,placebo,dev,196,22
JPM,placebo,holdout,143,21
JPM,placebo,val,142,21
JPM,real,dev,194,22
JPM,real,holdout,190,21
JPM,real,val,152,21
META,placebo,dev,613,22
META,placebo,holdout,573,21
META,placebo,val,421,21
META,real,dev,639,22
META,real,holdout,589,21
META,real,val,439,21
MRVL,placebo,dev,322,22
MRVL,placebo,holdout,280,21
MRVL,placebo,val,289,21
MRVL,real,dev,340,22
MRVL,real,holdout,268,21
MRVL,real,val,284,21
MSFT,placebo,dev,292,22
MSFT,placebo,holdout,290,21
MSFT,placebo,val,285,21
MSFT,real,dev,293,22
MSFT,real,holdout,254,21
MSFT,real,val,300,21
MU,placebo,dev,811,22
MU,placebo,holdout,603,21
MU,placebo,val,772,21
MU,real,dev,872,22
MU,real,holdout,617,21
MU,real,val,739,21
NBIS,placebo,dev,400,22
NBIS,placebo,holdout,310,21
NBIS,placebo,val,342,21
NBIS,real,dev,371,22
NBIS,real,holdout,315,21
NBIS,real,val,356,21
NOW,placebo,dev,324,22
NOW,placebo,holdout,293,21
NOW,placebo,val,321,21
NOW,real,dev,314,22
NOW,real,holdout,301,21
NOW,real,val,306,21
NVDA,placebo,dev,228,22
NVDA,placebo,holdout,123,20
NVDA,placebo,val,130,21
NVDA,real,dev,191,22
NVDA,real,holdout,137,19
NVDA,real,val,177,21
OKLO,placebo,dev,337,22
OKLO,placebo,holdout,234,21
OKLO,placebo,val,308,21
OKLO,real,dev,340,22
OKLO,real,holdout,233,21
OKLO,real,val,339,21
PLTR,placebo,dev,358,22
PLTR,placebo,holdout,168,21
PLTR,placebo,val,162,21
PLTR,real,dev,365,22
PLTR,real,holdout,119,21
PLTR,real,val,182,21
QCOM,placebo,dev,263,22
QCOM,placebo,holdout,217,21
QCOM,placebo,val,127,21
QCOM,real,dev,226,22
QCOM,real,holdout,174,21
QCOM,real,val,149,21
QQQ,placebo,dev,964,22
QQQ,placebo,holdout,497,21
QQQ,placebo,val,584,21
QQQ,real,dev,967,22
QQQ,real,holdout,524,21
QQQ,real,val,562,21
RGTI,placebo,dev,82,21
RGTI,placebo,holdout,73,17
RGTI,placebo,val,66,18
RGTI,real,dev,97,21
RGTI,real,holdout,70,20
RGTI,real,val,103,19
RKLB,placebo,dev,372,22
RKLB,placebo,holdout,215,21
RKLB,placebo,val,233,21
RKLB,real,dev,385,22
RKLB,real,holdout,204,21
RKLB,real,val,224,21
SHOP,placebo,dev,386,22
SHOP,placebo,holdout,350,21
SHOP,placebo,val,257,21
SHOP,real,dev,331,22
SHOP,real,holdout,335,21
SHOP,real,val,251,21
SMCI,placebo,dev,233,22
SMCI,placebo,holdout,227,21
SMCI,placebo,val,222,21
SMCI,real,dev,210,22
SMCI,real,holdout,231,21
SMCI,real,val,191,21
SMH,placebo,dev,688,22
SMH,placebo,holdout,292,21
SMH,placebo,val,392,21
SMH,real,dev,634,22
SMH,real,holdout,328,21
SMH,real,val,421,21
SNDK,placebo,dev,1572,22
SNDK,placebo,holdout,1081,21
SNDK,placebo,val,1151,21
SNDK,real,dev,1439,22
SNDK,real,holdout,1059,21
SNDK,real,val,1031,21
SNOW,placebo,dev,301,22
SNOW,placebo,holdout,319,21
SNOW,placebo,val,296,21
SNOW,real,dev,331,22
SNOW,real,holdout,371,21
SNOW,real,val,326,21
SPXW,placebo,dev,1185,22
SPXW,placebo,holdout,820,21
SPXW,placebo,val,702,21
SPXW,real,dev,1187,22
SPXW,real,holdout,805,21
SPXW,real,val,714,21
SPY,placebo,dev,504,22
SPY,placebo,holdout,342,21
SPY,placebo,val,251,21
SPY,real,dev,503,22
SPY,real,holdout,310,21
SPY,real,val,266,21
TEM,placebo,dev,272,22
TEM,placebo,holdout,240,21
TEM,placebo,val,223,21
TEM,real,dev,267,22
TEM,real,holdout,217,21
TEM,real,val,216,21
TSM,placebo,dev,444,22
TSM,placebo,holdout,217,21
TSM,placebo,val,292,21
TSM,real,dev,441,22
TSM,real,holdout,231,21
TSM,real,val,298,21
U,placebo,dev,195,22
U,placebo,holdout,224,21
U,placebo,val,234,21
U,real,dev,201,22
U,real,holdout,251,21
U,real,val,198,21
VIX,placebo,dev,89,22
VIX,placebo,holdout,76,19
VIX,placebo,val,57,18
VIX,real,dev,101,22
VIX,real,holdout,70,20
VIX,real,val,46,15
XOM,placebo,dev,156,20
XOM,placebo,holdout,97,19
XOM,placebo,val,79,18
XOM,real,dev,198,21
XOM,real,holdout,79,19
XOM,real,val,109,20
