target,kind,part,model,baseline,skill_vs_prev,lo,hi,skill_vs_mean,mean_lo,mean_hi,mae,alpha,n,days,tag,symbol
y_r15,ridge,val,M0,train_mean,-0.00013762811688966536,-0.0016181392543445805,0.0015718831495596078,-0.00013762811688966536,-0.0016181392543445805,0.0015718831495596078,0.10404175432745302,100000.0,534,21,,QQQ
y_r15,ridge,val,M1,M0,-0.00022540278084792753,-0.0004892649959443663,8.928275283968933e-05,-0.0003630619194978646,-0.0018541550078459202,0.001541475292692756,0.1040462806485148,100000.0,534,21,,QQQ
y_r15,ridge,val,M2,M1,6.231609321993847e-05,-0.00032093782468573526,0.0003903346761045283,-0.00030072320167739974,-0.001877971331956879,0.001716261275611751,0.10403366218246814,100000.0,534,21,,QQQ
y_r15,ridge,val,M3,M2,0.0001890191919180495,-0.0007376751850260322,0.0011407276750646815,-0.00011164716730283075,-0.002284330217223546,0.0022108802099962085,0.10402737494954747,100000.0,534,21,,QQQ
y_r15,ridge,holdout,M0,train_mean,0.0005920551626588111,-0.001022422563448977,0.0018558101365400647,0.0005920551626588111,-0.001022422563448977,0.0018558101365400647,0.112008392581144,100000.0,500,21,,QQQ
y_r15,ridge,holdout,M1,M0,0.00018190758227798476,-2.1590450690167627e-06,0.00047459086758968856,0.0007738550456135584,-0.0008504762776508912,0.002142233909927638,0.11198200401273681,100000.0,500,21,,QQQ
y_r15,ridge,holdout,M2,M1,-0.00016669913689315585,-0.0004156524026423969,5.475722783041255e-05,0.0006072849096886435,-0.0009885847867268927,0.0019417828393309682,0.11200905195671802,100000.0,500,21,,QQQ
y_r15,ridge,holdout,M3,M2,0.0001034708002828344,-0.0004210670528383975,0.0006733254970867268,0.0007106928737158347,-0.0012978581766043995,0.002412160247385983,0.11199596689677221,100000.0,500,21,,QQQ
y_rv15,ridge,val,M0,train_mean,0.6684129512198178,0.6176724159438807,0.7116658489958713,0.6684129512198178,0.6176724159438807,0.7116658489958713,0.010712011321388125,0.1,534,21,,QQQ
y_rv15,ridge,val,M1,M0,0.06370943654503458,-0.056155579211067896,0.18102342362725468,0.6895381752632341,0.6271481909697753,0.7451883108360637,0.009915458734999038,0.1,534,21,,QQQ
y_rv15,ridge,val,M2,M1,-0.018444198245329613,-0.07481167017454073,0.042528237813763484,0.6838119558201825,0.61988888017851,0.7429313945189747,0.010312546542947672,100.0,534,21,,QQQ
y_rv15,ridge,val,M3,M2,-0.07961212019211139,-0.19017318617096085,-0.010939570304280917,0.6586395552436302,0.5900352447608417,0.7223982797657965,0.010658986667556727,100.0,534,21,,QQQ
y_rv15,ridge,holdout,M0,train_mean,0.6406054705050758,0.5037630557901247,0.7861378598553532,0.6406054705050758,0.5037630557901247,0.7861378598553532,0.009003177564779374,0.1,500,21,,QQQ
y_rv15,ridge,holdout,M1,M0,-0.05730656402680867,-0.14543660525506194,0.08158640416008392,0.62000980488969,0.45318217880080336,0.7953595225728964,0.008662734495491882,0.1,500,21,,QQQ
y_rv15,ridge,holdout,M2,M1,-0.013282955657960338,-0.054840590709274564,0.017405396734820854,0.6149624119775801,0.44849452632060527,0.7894011557608186,0.008852599400866015,100.0,500,21,,QQQ
y_rv15,ridge,holdout,M3,M2,-0.004387564224432872,-0.036312653035011994,0.015119965342795824,0.613273034831311,0.4511574664963113,0.7837052830246751,0.008913412319648133,100.0,500,21,,QQQ
y_abs15,ridge,val,M0,train_mean,0.3415874243985504,0.2174202071842862,0.4806852772071496,0.3415874243985504,0.2174202071842862,0.4806852772071496,0.07375374264604985,100,534,21,,QQQ
y_abs15,ridge,val,M1,M0,-0.02296804838612232,-0.09235487925665442,0.046741973962451416,0.326464972504105,0.2012521875361587,0.4577541535318087,0.07203840861978654,100,534,21,,QQQ
y_abs15,ridge,val,M2,M1,0.01252356331276927,-0.0732256039890371,0.08022762424407023,0.33490003106431754,0.23203809342835757,0.440600067894496,0.07563124436682142,1000,534,21,,QQQ
y_abs15,ridge,val,M3,M2,-0.006004774338719043,-0.018818672521275857,0.007179416847144429,0.3309062558381698,0.221846473770685,0.43816482419338676,0.07569608593778834,1000,534,21,,QQQ
y_abs15,ridge,holdout,M0,train_mean,0.2582039623118043,0.09854866091877511,0.41316155708938745,0.2582039623118043,0.09854866091877511,0.41316155708938745,0.07016828923409603,100,500,21,,QQQ
y_abs15,ridge,holdout,M1,M0,-0.07434773727118893,-0.10554781281371456,-0.034004350069580754,0.2030531053929534,0.02712982912039385,0.3721148131912962,0.07014809319312797,100,500,21,,QQQ
y_abs15,ridge,holdout,M2,M1,0.04291892956012733,-0.04428271875025193,0.10941280964793662,0.23725721302575553,0.11823049708325858,0.3671189604528716,0.07073882361890146,1000,500,21,,QQQ
y_abs15,ridge,holdout,M3,M2,-0.0033058879741856284,-0.010909261636693684,0.004404013534176348,0.23473567081890045,0.11858612546144356,0.36404271958171047,0.07085123005214337,1000,500,21,,QQQ
y_r15,gbm,val,M0,train_mean,-0.0948486915828004,-0.176437402692024,-0.019635389307379587,-0.0948486915828004,-0.176437402692024,-0.019635389307379587,0.10885017441873697,,534,21,,QQQ
y_r15,gbm,val,M1,M0,-0.019088609489132047,-0.07421460134205252,0.02721198552329228,-0.11574783070611172,-0.19503188975796956,-0.05927397899373394,0.111223954101194,,534,21,,QQQ
y_r15,gbm,val,M2,M1,0.00683945531747987,-0.021252722990906043,0.03485554469355635,-0.10811672327242206,-0.17345150101192075,-0.051153395121421696,0.11066608342430728,,534,21,,QQQ
y_r15,gbm,val,M3,M2,0.0190998326276709,-0.021039685459293144,0.0635193729979644,-0.08695187932599557,-0.14860599349356915,-0.024291628250161942,0.11024100229604902,,534,21,,QQQ
y_r15,gbm,holdout,M0,train_mean,-0.002529425102562044,-0.07525315323649452,0.05027399367255463,-0.002529425102562044,-0.07525315323649452,0.05027399367255463,0.1117427999644178,,500,21,,QQQ
y_r15,gbm,holdout,M1,M0,0.0012329946757192456,-0.023252348678001033,0.027829835223791878,-0.0012933116591586913,-0.0628495817077106,0.04973850368757931,0.1130699917649531,,500,21,,QQQ
y_r15,gbm,holdout,M2,M1,0.006323157841067184,-0.012422856976715196,0.03182800880168225,0.005038023995667107,-0.04748540941394348,0.04723135359695985,0.11181253698648824,,500,21,,QQQ
y_r15,gbm,holdout,M3,M2,-0.012639401766719294,-0.04751154090929831,0.026731853616785116,-0.007537700161660554,-0.042732896038867915,0.025272991153453314,0.11280990888950877,,500,21,,QQQ
y_r15,ridge,val,M0,train_mean,0.0027908821560506114,-0.00376098820044275,0.01275667536242967,0.0027908821560506114,-0.00376098820044275,0.01275667536242967,0.0669031031891237,10000.0,252,21,,SPY
y_r15,ridge,val,M1,M0,6.568605728141108e-05,-0.0006901710613365641,0.0006055036336983561,0.0028563848912868117,-0.003560885513889461,0.012394723271854868,0.06689152494027482,10000.0,252,21,,SPY
y_r15,ridge,val,M2,M1,0.0011392992070726748,-0.0026608636021302535,0.004943890468966971,0.003992429821317867,-0.002868857918846662,0.014331725272928796,0.0667029584242068,10000.0,252,21,,SPY
y_r15,ridge,val,M3,M2,-0.0009552352758221971,-0.0031202637925171863,0.0026397612139167433,0.003041008255297295,-0.003558623276314393,0.013908897198320355,0.06659520425550476,10000.0,252,21,,SPY
y_r15,ridge,holdout,M0,train_mean,-0.0018277007222915476,-0.02339462591746307,0.009024447253634221,-0.0018277007222915476,-0.02339462591746307,0.009024447253634221,0.08516933520507557,10000.0,295,21,,SPY
y_r15,ridge,holdout,M1,M0,-0.0003342421149934438,-0.0013366517978710135,0.0004294830722421508,-0.0021625537318399335,-0.023534015545258045,0.008291384635621278,0.08519420958862835,10000.0,295,21,,SPY
y_r15,ridge,holdout,M2,M1,-0.0008909499366716034,-0.00479312340134877,0.00160135288993943,-0.0030554303956220608,-0.02541158301682178,0.007803499807461223,0.08526122981919046,10000.0,295,21,,SPY
y_r15,ridge,holdout,M3,M2,0.0001505487624727797,-0.001738106018577623,0.0016172378198930995,-0.002904421641884314,-0.024731326305305477,0.007679228035205838,0.08534977356454378,10000.0,295,21,,SPY
y_rv15,ridge,val,M0,train_mean,0.6227911995896255,0.5176518875942945,0.7127866431833203,0.6227911995896255,0.5176518875942945,0.7127866431833203,0.006578764106070155,10,252,21,,SPY
y_rv15,ridge,val,M1,M0,-0.0729188395636926,-0.11726836976900944,-0.02964537150881567,0.5952855715904883,0.4866720853105295,0.6953880962149169,0.006765683561851186,10,252,21,,SPY
y_rv15,ridge,val,M2,M1,0.0172612751827812,-0.049840368300115796,0.09013398680629701,0.602271458709707,0.48100313454076565,0.7105599704600257,0.006699445592001542,10,252,21,,SPY
y_rv15,ridge,val,M3,M2,0.038232029396611855,0.004381940226550721,0.07100567200762707,0.6174774279921891,0.4986689622351834,0.7234149174109764,0.006488536033507219,10,252,21,,SPY
y_rv15,ridge,holdout,M0,train_mean,0.5009163645417949,0.35834634700505275,0.5978799442977599,0.5009163645417949,0.35834634700505275,0.5978799442977599,0.007044166944667699,10,295,21,,SPY
y_rv15,ridge,holdout,M1,M0,0.007793079543014003,-0.017156067530393438,0.07661582719375871,0.5048057630115373,0.37566319177327134,0.6167410537926789,0.006775014171747815,10,295,21,,SPY
y_rv15,ridge,holdout,M2,M1,-0.01316525429678328,-0.11382243370387854,0.026370125251094296,0.49828640495528265,0.33315604743042043,0.5977967863027893,0.006786677041125964,10,295,21,,SPY
y_rv15,ridge,holdout,M3,M2,-0.015569352077131615,-0.07416383928765845,0.0087933341812075,0.49047504935214803,0.3032200398012376,0.5858516006927352,0.006926963324285495,10,295,21,,SPY
y_abs15,ridge,val,M0,train_mean,0.2670321261493741,0.12129535621755279,0.45304190802460964,0.2670321261493741,0.12129535621755279,0.45304190802460964,0.047904290654966014,100,252,21,,SPY
y_abs15,ridge,val,M1,M0,0.0006938962760776324,-0.07388636264601235,0.04086358817261791,0.26754072982752364,0.13352815978585675,0.4369143100489585,0.04832607225226733,100,252,21,,SPY
y_abs15,ridge,val,M2,M1,-0.021321134467336078,-0.14649995171112437,0.06129332279241499,0.2519238672363294,0.15529222973599122,0.37923881638153295,0.05171816966797877,1000,252,21,,SPY
y_abs15,ridge,val,M3,M2,-0.01789404811166806,-0.042434347272364094,0.004785515023880757,0.23853775692546575,0.1368609894519251,0.3710943210461119,0.05228059453148096,1000,252,21,,SPY
y_abs15,ridge,holdout,M0,train_mean,0.2529216907455961,-0.04300656616213968,0.3814844486120876,0.2529216907455961,-0.04300656616213968,0.3814844486120876,0.0599152117500061,100,295,21,,SPY
y_abs15,ridge,holdout,M1,M0,-2.2801569372621344e-06,-0.07814925198667212,0.026517614703230833,0.2529199872898066,-0.07540934297602873,0.38970090467378654,0.06156978094397,100,295,21,,SPY
y_abs15,ridge,holdout,M2,M1,-0.02396228956113089,-0.1067866336025701,0.10543579853984181,0.23501823969991165,0.0301926432559738,0.3239234987527683,0.06119206313413659,1000,295,21,,SPY
y_abs15,ridge,holdout,M3,M2,0.0017965717362482536,-0.012878197546189312,0.007589223142711651,0.23639258430921228,0.032997359019708836,0.3240631592693495,0.061617258597066314,1000,295,21,,SPY
y_r15,gbm,val,M0,train_mean,-0.1914137718825395,-0.31269373510417015,-0.10779598562019085,-0.1914137718825395,-0.31269373510417015,-0.10779598562019085,0.07442955596648536,,252,21,,SPY
y_r15,gbm,val,M1,M0,0.0026660826918660785,-0.06297785737928574,0.04009617600277621,-0.18823736424647253,-0.33494291159763995,-0.11083439231286975,0.07543028445954278,,252,21,,SPY
y_r15,gbm,val,M2,M1,-0.017638617126845446,-0.08647648601982873,0.04118256307529498,-0.20919622817022798,-0.3800755538264383,-0.11403559169600323,0.07548397098820449,,252,21,,SPY
y_r15,gbm,val,M3,M2,-0.022668015934401264,-0.08666226487723278,0.07260032507717654,-0.23660630753820855,-0.3476390677250019,-0.14841825552544413,0.07565888963792601,,252,21,,SPY
y_r15,gbm,holdout,M0,train_mean,-0.06636105985041696,-0.18038323351604996,-0.007954266416692392,-0.06636105985041696,-0.18038323351604996,-0.007954266416692392,0.08704557572787529,,295,21,,SPY
y_r15,gbm,holdout,M1,M0,0.011548818190929233,-0.025400586629823745,0.023693426177604615,-0.05404584984431793,-0.17644606635699925,-0.0013774698559444057,0.08751057032217399,,295,21,,SPY
y_r15,gbm,holdout,M2,M1,-0.05129009865528711,-0.09865434682511333,-0.03457658589904242,-0.10810796547002899,-0.26031761296491757,-0.0441006141478656,0.08968165590997357,,295,21,,SPY
y_r15,gbm,holdout,M3,M2,0.02652332559895998,0.008392944731672158,0.0590483405116131,-0.07871725710306632,-0.20178311452510672,-0.02905906726755949,0.08897190480619639,,295,21,,SPY
y_r15,ridge,val,M0,train_mean,0.00448421888111783,-0.009348802206435719,0.0172790993174277,0.00448421888111783,-0.009348802206435719,0.0172790993174277,0.06183009645533982,10000.0,675,21,,SPXW
y_r15,ridge,val,M1,M0,-0.0001527882635616873,-0.0009016517260943102,0.0010622805264604656,0.004332115753572396,-0.009610420029809252,0.017408098886263792,0.06182605756011785,10000.0,675,21,,SPXW
y_r15,ridge,val,M2,M1,0.0007929857317426903,-0.0009781654432465924,0.0023574506466897465,0.005121666179334294,-0.009625369572813448,0.018571270138372585,0.0617865716087218,10000.0,675,21,,SPXW
y_r15,ridge,val,M3,M2,-0.00017936007695085188,-0.0013499774471920245,0.0010149535289148551,0.004943224724823447,-0.009608641791270255,0.01867810329816405,0.061777920609233664,10000.0,675,21,,SPXW
y_r15,ridge,holdout,M0,train_mean,0.01528294103132155,-0.003093468081045819,0.025476707952065563,0.01528294103132155,-0.003093468081045819,0.025476707952065563,0.07492874890579701,10000.0,762,21,,SPXW
y_r15,ridge,holdout,M1,M0,-0.0002484547984342722,-0.000932442665862182,0.0012488441025737926,0.01503828335292079,-0.0025966887292078462,0.024782604459415637,0.07490206087440077,10000.0,762,21,,SPXW
y_r15,ridge,holdout,M2,M1,-0.0001803302451499622,-0.0009017399291006922,0.0015601971106906734,0.014860664965094417,-0.0019244167311681603,0.024181168975592374,0.07491652921900031,10000.0,762,21,,SPXW
y_r15,ridge,holdout,M3,M2,-0.00021345731069399854,-0.0015686337266543836,0.0010217530435514283,0.014650379771978916,-0.0021880925454748623,0.023926958525951423,0.07493105423989335,10000.0,762,21,,SPXW
y_rv15,ridge,val,M0,train_mean,0.7114664523585228,0.615001437557334,0.7799145822947982,0.7114664523585228,0.615001437557334,0.7799145822947982,0.005314801506826446,0.1,675,21,,SPXW
y_rv15,ridge,val,M1,M0,0.03842457464624227,-0.008853270198056411,0.09123001017314282,0.7225532311978178,0.6219329688631704,0.7921657768189413,0.00517728000070853,0.1,675,21,,SPXW
y_rv15,ridge,val,M2,M1,-0.027834092723795223,-0.1585422498700753,0.08019782716332542,0.7148307521090604,0.6205569209166775,0.78667727784952,0.005313933461810868,100.0,675,21,,SPXW
y_rv15,ridge,val,M3,M2,-0.008121595302754026,-0.030538807871754125,0.0124306761092676,0.7125147228848995,0.6224092611401139,0.7818605860804,0.005352984796506517,100.0,675,21,,SPXW
y_rv15,ridge,holdout,M0,train_mean,0.4458034046997542,0.2748634838370158,0.5850478970389212,0.4458034046997542,0.2748634838370158,0.5850478970389212,0.0059848838920680105,0.1,762,21,,SPXW
y_rv15,ridge,holdout,M1,M0,0.03925037310627144,0.011171869470673897,0.06699193026220959,0.4675558278395142,0.2943466111179629,0.6073625627584294,0.005725099140218977,0.1,762,21,,SPXW
y_rv15,ridge,holdout,M2,M1,0.00026790996434689074,-0.05584966976633982,0.03481521562336315,0.46769847493869443,0.3143958887895968,0.5935883421084313,0.0058925230452821515,100.0,762,21,,SPXW
y_rv15,ridge,holdout,M3,M2,-0.002041260974426251,-0.019278419211654286,0.009094222735213106,0.4666119086089593,0.30556195975665223,0.5892015559004118,0.00591629989083026,100.0,762,21,,SPXW
y_abs15,ridge,val,M0,train_mean,0.30093712853863974,0.18846401919090572,0.447030484643822,0.30093712853863974,0.18846401919090572,0.447030484643822,0.044187640466040734,1000,675,21,,SPXW
y_abs15,ridge,val,M1,M0,-0.01620920131215442,-0.04342151231987402,0.0129651519466112,0.2896058777252698,0.16766645264147922,0.4425808215898595,0.044007564409736646,1000,675,21,,SPXW
y_abs15,ridge,val,M2,M1,0.006243542799219903,-0.03427632192740969,0.033381077006854123,0.2940412538320063,0.1821794216268104,0.43682101979053434,0.04387473294364236,1000,675,21,,SPXW
y_abs15,ridge,val,M3,M2,-0.003188213752938651,-0.018491873329418797,0.006149300769213471,0.29179050644846627,0.18492169818409349,0.43294952116228674,0.04401469532595519,1000,675,21,,SPXW
y_abs15,ridge,holdout,M0,train_mean,0.2721768323933971,0.032017196043438674,0.4094881842274317,0.2721768323933971,0.032017196043438674,0.4094881842274317,0.050045843101352266,1000,762,21,,SPXW
y_abs15,ridge,holdout,M1,M0,0.0094725970010332,-0.002679585698390069,0.027790595564550977,0.27907120794815,0.0432807083232614,0.4148095996105725,0.04944111161370518,1000,762,21,,SPXW
y_abs15,ridge,holdout,M2,M1,-5.522881092279164e-05,-0.015101273100882768,0.02453761638045575,0.2790313919082049,0.0463770839086218,0.4117170852840916,0.04926785687775748,1000,762,21,,SPXW
y_abs15,ridge,holdout,M3,M2,-0.0033344954819081174,-0.011235956085612581,0.007226475968636704,0.27662732534192525,0.04961773011180425,0.40508711598911845,0.04917110064581978,1000,762,21,,SPXW
y_r15,gbm,val,M0,train_mean,-0.03938359876198816,-0.07991111026595846,0.001578292573279952,-0.03938359876198816,-0.07991111026595846,0.001578292573279952,0.06356035721853721,,675,21,,SPXW
y_r15,gbm,val,M1,M0,-0.004157708892430723,-0.035628264007104456,0.0205300689193583,-0.0437050531932075,-0.10479204256755768,0.005905672151223947,0.06362329784336297,,675,21,,SPXW
y_r15,gbm,val,M2,M1,-0.0019192810448807052,-0.04653131869538167,0.03715493008421007,-0.04570821651824741,-0.0864396604479726,-0.008551183598270036,0.06376849525694721,,675,21,,SPXW
y_r15,gbm,val,M3,M2,0.014502191956056398,-0.014811184057118837,0.04467335260237438,-0.030543155232274355,-0.08200638001656746,0.010040186668277662,0.06351256394347986,,675,21,,SPXW
y_r15,gbm,holdout,M0,train_mean,0.009133287165126291,-0.08519594134975332,0.06457195770446102,0.009133287165126291,-0.08519594134975332,0.06457195770446102,0.07525065241828664,,762,21,,SPXW
y_r15,gbm,holdout,M1,M0,0.0007537345686244867,-0.018858387107845664,0.03291452677382138,0.009880137659489252,-0.06786719431542028,0.051379233899406095,0.07578635457516204,,762,21,,SPXW
y_r15,gbm,holdout,M2,M1,-0.007434423530534806,-0.021008744413276787,0.01639709265323558,0.0025191672568550816,-0.060681139282533894,0.03566204838041174,0.07578671175768131,,762,21,,SPXW
y_r15,gbm,holdout,M3,M2,-0.009386706356388608,-0.02900789241475678,0.015490877499031646,-0.006843892416230846,-0.06733791341213086,0.022428782375358985,0.07604689966823881,,762,21,,SPXW
y_r15,ridge,val,M0,train_mean,-0.001205795276265853,-0.00374878595721177,0.0011260554004433258,-0.001205795276265853,-0.00374878595721177,0.0011260554004433258,0.3713099983147699,100000.0,12961,21,,POOL
y_r15,ridge,val,M1,M0,5.970404042265898e-07,-5.003195128086557e-05,4.7146981456316865e-05,-0.0012051975159532713,-0.0037372289752778676,0.001128029122321491,0.37132119901385036,100000.0,12961,21,,POOL
y_r15,ridge,val,M2,M1,-0.00011935675872276619,-0.00022339111589341764,-6.6988792396139686e-06,-0.0013246981231451738,-0.003889576319402732,0.001002893471343801,0.37137424810453423,100000.0,12961,21,,POOL
y_r15,ridge,val,M3,M2,-0.0001430599905578589,-0.0006339780877073042,0.000353076120502818,-0.001467947625003907,-0.004095194943334074,0.0008409708509738302,0.3713962778778379,100000.0,12961,21,,POOL
y_r15,ridge,holdout,M0,train_mean,-0.0012851991497380144,-0.0023990024967496027,-0.00036752594512434196,-0.0012851991497380144,-0.0023990024967496027,-0.00036752594512434196,0.3316421137187234,100000.0,12597,21,,POOL
y_r15,ridge,holdout,M1,M0,-3.309929073314066e-05,-0.00011661323318161721,5.016949429855736e-05,-0.0013183409796513335,-0.0024494080568555733,-0.00038697542663124765,0.33166868526089294,100000.0,12597,21,,POOL
y_r15,ridge,holdout,M2,M1,1.3795648378889247e-05,-0.00014822116307976473,0.00014982272511872557,-0.001304527143903833,-0.0024211061338568927,-0.0003866248785039661,0.33168119191592493,100000.0,12597,21,,POOL
y_r15,ridge,holdout,M3,M2,-9.743502822945338e-05,-0.000423871485616184,0.00015705888123823672,-0.0014020892787725003,-0.002548842627976761,-0.0004215547025427153,0.33168703031602664,100000.0,12597,21,,POOL
