symbol,level,k,mean,lo,hi
QQQ,real,-10,-0.10493497056835838,-0.11565215260234907,-0.09531238732146294
QQQ,real,-9,-0.10452649738550153,-0.11506368971767343,-0.09516045162586294
QQQ,real,-8,-0.10411458196865832,-0.11421649859284974,-0.095133060729831
QQQ,real,-7,-0.10610308481334756,-0.11573990291704353,-0.09752193339437482
QQQ,real,-6,-0.10556475348850938,-0.11464518301653746,-0.09723885290581791
QQQ,real,-5,-0.10588825039020763,-0.11410136630344836,-0.09814110730931913
QQQ,real,-4,-0.10326495621912984,-0.11141987720031242,-0.0954997965526477
QQQ,real,-3,-0.0974094922275117,-0.10509948459079324,-0.08977778367098795
QQQ,real,-2,-0.08578711334087114,-0.09207634367514685,-0.07952484637403895
QQQ,real,-1,-0.06258947150118938,-0.06747285209590803,-0.05792473488124187
QQQ,real,0,0.0005612480886236929,0.00014933278100292405,0.0010267186691908438
QQQ,real,1,0.0009703051547515537,-0.0015322104484479196,0.003399851373731749
QQQ,real,2,0.002635388370546919,-0.000692873150558029,0.005975812427462901
QQQ,real,3,0.0008764556460647326,-0.0028352729966498237,0.004593593497407385
QQQ,real,4,0.0013774534853943456,-0.0024045465405642063,0.005171723945384923
QQQ,real,5,-0.0006924422375070438,-0.004852978300591514,0.0034722201799191462
QQQ,real,6,0.0003415092378218288,-0.004686587946228212,0.005399833361188232
QQQ,real,7,-0.00040772818677397974,-0.005636829714241888,0.004954115418913533
QQQ,real,8,0.00016053482828588573,-0.005497706405347921,0.006258665129716144
QQQ,real,9,0.001438970460549333,-0.004636430968698664,0.008404288375842355
QQQ,real,10,0.003214902039694362,-0.003723202960066428,0.010742560037296402
QQQ,real,11,0.005846767139949828,-0.0017658998854020293,0.015126024693996064
QQQ,real,12,0.0073664956769692565,-0.0009004361205108313,0.017371503900046513
QQQ,real,13,0.008476102744624375,-0.0001923460319760924,0.019337524882477825
QQQ,real,14,0.009549510374515282,0.000521992417857841,0.021413694269194598
QQQ,real,15,0.009586164484029588,0.00024840524569383923,0.02205166368427234
QQQ,real,16,0.008125048125590627,-0.0014447932999987396,0.02027452435863976
QQQ,real,17,0.010740613636497306,0.0008169823803128509,0.02369852596809552
QQQ,real,18,0.01055395345562306,0.00020879036289483691,0.024342903962236942
QQQ,real,19,0.008965061422544787,-0.0014991769295889324,0.022403223304515666
QQQ,real,20,0.009289385655025174,-0.0008747200516337573,0.022556904566669398
QQQ,real,21,0.010067003783363554,-0.0003758218243032933,0.02308512178685314
QQQ,real,22,0.010122020640610596,-0.0004990543001856617,0.022762949422397
QQQ,real,23,0.009286060253333898,-0.0015513471680355367,0.022047412512712087
QQQ,real,24,0.008526761161246153,-0.003595102632528737,0.022343024711877928
QQQ,real,25,0.009037614452549091,-0.0026891031235620508,0.021977051691446325
QQQ,real,26,0.00879228060166211,-0.0025508875908907317,0.021226364833399246
QQQ,real,27,0.009983851025854279,-0.0006953668352555705,0.02111342630802064
QQQ,real,28,0.006183026964314234,-0.004428330389200122,0.01750039598707064
QQQ,real,29,0.004342532518147052,-0.0062100692368792405,0.01591997339747816
QQQ,real,30,0.005433598674372884,-0.004907182306235873,0.01731434922160283
QQQ,placebo,-10,-0.1026411687028007,-0.11489720087370804,-0.09215634270736026
QQQ,placebo,-9,-0.10288760433779962,-0.11484474945259844,-0.0926161966460999
QQQ,placebo,-8,-0.10331133918332239,-0.11485707013632808,-0.09335941460275783
QQQ,placebo,-7,-0.10559008739368524,-0.11626519067084247,-0.09630258129999938
QQQ,placebo,-6,-0.10656486840363495,-0.11626980757719566,-0.09803983956963928
QQQ,placebo,-5,-0.10504664295978126,-0.11394333095403113,-0.096682293652216
QQQ,placebo,-4,-0.1032023943043613,-0.11135516157144634,-0.09528045262042913
QQQ,placebo,-3,-0.09719476173442385,-0.10488497606710856,-0.08986183906036596
QQQ,placebo,-2,-0.08483205649125562,-0.09102241455041826,-0.07866665131693766
QQQ,placebo,-1,-0.06252191468023045,-0.06653194510426728,-0.058320327786137
QQQ,placebo,0,0.0008449905659701047,0.0003552411364190482,0.0013258657547785652
QQQ,placebo,1,0.00025147900505940546,-0.002132709539156356,0.002765699171262728
QQQ,placebo,2,0.0023764383412210044,-0.0006741085796434892,0.005850722646062244
QQQ,placebo,3,0.002175317022847973,-0.0016666791198622444,0.006440756936369193
QQQ,placebo,4,0.0006013354786900667,-0.0038135187058022458,0.005491559068098615
QQQ,placebo,5,0.0006188100586845731,-0.004091493386043873,0.006031867136153048
QQQ,placebo,6,-0.0004506585172945176,-0.0062139146061047255,0.006023144726919351
QQQ,placebo,7,2.5153556773979495e-05,-0.006283758583069714,0.007293354038137157
QQQ,placebo,8,0.0017373456321111698,-0.0049140979539965424,0.009891073349614372
QQQ,placebo,9,0.003026486525415694,-0.0036932651618489885,0.011176220699129151
QQQ,placebo,10,0.0051283756730754766,-0.0019077263385309689,0.013758328877346532
QQQ,placebo,11,0.0063348140161297575,-0.0010348840994131969,0.01568374596109843
QQQ,placebo,12,0.005972189690655301,-0.0022188088559799302,0.016682209202179235
QQQ,placebo,13,0.00598004902095814,-0.0029640307023613595,0.017600553279394745
QQQ,placebo,14,0.006486229826908305,-0.0028588764099937215,0.018880431228244128
QQQ,placebo,15,0.007775911182322833,-0.0020349014721479505,0.020690730972346884
QQQ,placebo,16,0.008772323030946024,-0.0008154213344989948,0.020999379897600624
QQQ,placebo,17,0.010340021662774408,0.00014759891477856112,0.02338421763207529
QQQ,placebo,18,0.008875792032428182,-0.0012956823060836316,0.02192869337730647
QQQ,placebo,19,0.010785859740300026,0.000525267326147331,0.02466588472376551
QQQ,placebo,20,0.010095669875382091,0.00012899716241758359,0.023138729654269045
QQQ,placebo,21,0.00868135694279388,-0.0014401197608561824,0.022032881647469006
QQQ,placebo,22,0.008933564790496984,-0.0010732674217571248,0.021417501564734348
QQQ,placebo,23,0.007853510206611352,-0.0017538006982353949,0.01998717449255647
QQQ,placebo,24,0.007966528333701596,-0.0018643620057643426,0.020216098814659036
QQQ,placebo,25,0.006420775586539319,-0.0034714788669453493,0.018158103385731886
QQQ,placebo,26,0.006182595473486382,-0.0035193219902421077,0.01752214104311588
QQQ,placebo,27,0.004958751020777297,-0.005128889718465753,0.01657502777869328
QQQ,placebo,28,0.0051181155524034055,-0.005303076310142885,0.016597009339362728
QQQ,placebo,29,0.004098344138664097,-0.006151134844675771,0.015546044829254278
QQQ,placebo,30,0.005235028031326104,-0.005076048193935814,0.01689546967223113
SPY,real,-10,-0.08296719952299732,-0.09422175379542601,-0.07317168605909785
SPY,real,-9,-0.08254563197923634,-0.09321400781261382,-0.07338934643767805
SPY,real,-8,-0.08355771563790107,-0.09405436007747955,-0.07448275602449808
SPY,real,-7,-0.08253839517758196,-0.09290189813804922,-0.07388428370436738
SPY,real,-6,-0.08253344711151578,-0.0921862267992271,-0.07419502629420903
SPY,real,-5,-0.08044996458508075,-0.088621763387105,-0.07309623330043005
SPY,real,-4,-0.07695098399024157,-0.08480907914727258,-0.06984585692371965
SPY,real,-3,-0.07023727865451483,-0.07713641683320976,-0.06362819386805194
SPY,real,-2,-0.06005594660124642,-0.0662094960201327,-0.054194441363266226
SPY,real,-1,-0.04293592135700412,-0.04729899826995385,-0.03884923726824698
SPY,real,0,0.00023154717025740553,-0.00010969263415337014,0.0005634062592824181
SPY,real,1,0.0016375472879790205,-0.0005441928542657049,0.0037277008221603004
SPY,real,2,0.0014023248456269124,-0.001168300932669679,0.0040215849769485714
SPY,real,3,0.0003566902814592023,-0.0034684487555634276,0.004244032564728739
SPY,real,4,8.370518937765772e-05,-0.004482204404626399,0.004865337095896523
SPY,real,5,-0.00036537962156792683,-0.005165675067701605,0.00503521657584755
SPY,real,6,-7.372037258035167e-05,-0.005860619919723641,0.006034115454626506
SPY,real,7,0.0009079739274549109,-0.005102497918617586,0.007395791547493167
SPY,real,8,0.0014857737705771593,-0.004570300007897309,0.008191340014193292
SPY,real,9,0.0021117109557443657,-0.003538883913430903,0.008160008657592512
SPY,real,10,0.0016339431705347368,-0.004039924067193258,0.007594390742908169
SPY,real,11,0.0033804184859363615,-0.0033048579324928937,0.010780815158187176
SPY,real,12,0.003925949418598604,-0.003407369968550165,0.01237591659374133
SPY,real,13,0.006193639388910027,-0.0021929777919807523,0.015992166464815414
SPY,real,14,0.007340121435141481,-0.001620415227069007,0.01784128503234896
SPY,real,15,0.006785483131218226,-0.0027659113639847887,0.017934208159062045
SPY,real,16,0.007896469763267234,-0.0005753590780963752,0.01821648026869531
SPY,real,17,0.009653489631127868,-4.747555990098177e-05,0.021813902934386113
SPY,real,18,0.009619063262117698,-0.0001798503188017055,0.02190421157218646
SPY,real,19,0.009490372766070445,-1.0065446865123803e-06,0.02106856160472979
SPY,real,20,0.008960302240053624,-0.00027941992050594435,0.020273921312892074
SPY,real,21,0.010102281992215198,0.00041910359015467024,0.021709047632557824
SPY,real,22,0.011270757827066422,0.0015096379488152422,0.022637490942219212
SPY,real,23,0.009850320998186255,0.0003697876802418982,0.020562414445267536
SPY,real,24,0.010240458467708819,0.00029284031773484234,0.022013073929198403
SPY,real,25,0.010680931302526285,0.0008383351053411677,0.021978910046931137
SPY,real,26,0.009354035513675498,-0.000688878005761767,0.020474963011518403
SPY,real,27,0.008741396056506487,-0.001280754512079421,0.0197807294563309
SPY,real,28,0.007008029959939594,-0.0026233660588012506,0.017698839316321636
SPY,real,29,0.007218147180300952,-0.0020291077574939344,0.017928804521120032
SPY,real,30,0.006508986427280537,-0.0029860643424429703,0.017495738311702962
SPY,placebo,-10,-0.08207722651879114,-0.09168212920117026,-0.07297603483508487
SPY,placebo,-9,-0.08217476308527498,-0.09140049153698307,-0.07337833628075258
SPY,placebo,-8,-0.08048350548653363,-0.08941882497882721,-0.07198299606536622
SPY,placebo,-7,-0.08049844328281995,-0.08903263941238872,-0.07208368080333266
SPY,placebo,-6,-0.07894840206023129,-0.08692379029925403,-0.07117987061938509
SPY,placebo,-5,-0.07673618023878,-0.08429310051883657,-0.06907712193153541
SPY,placebo,-4,-0.07385340896058953,-0.08054694773494016,-0.06729820187705839
SPY,placebo,-3,-0.06862068419100431,-0.07484893832273067,-0.062410978748686424
SPY,placebo,-2,-0.0589675461455859,-0.06422235036659577,-0.05384522099754875
SPY,placebo,-1,-0.041827292429184336,-0.045390695750847615,-0.038050340925125326
SPY,placebo,0,4.665870641341529e-05,-0.00033981538009756246,0.00043559691765524255
SPY,placebo,1,-0.00029318680325985503,-0.0025167006004335585,0.0020459989366592105
SPY,placebo,2,-0.00018314318521451476,-0.0035110136630651725,0.0030339955469852915
SPY,placebo,3,-0.0014600177459215577,-0.005138738965483797,0.0020013052436291838
SPY,placebo,4,-0.00215519033757013,-0.005685050794108038,0.0011941341177021793
SPY,placebo,5,-0.001684486973423399,-0.0059899465869152615,0.0026070500923308644
SPY,placebo,6,-0.0018062326897383615,-0.006476067169211815,0.0029780033211126034
SPY,placebo,7,-0.001975616196973813,-0.0068650250869157015,0.003060071296506111
SPY,placebo,8,-0.0007177399915562913,-0.006400978062468494,0.004846783285215117
SPY,placebo,9,0.0007379092294646993,-0.005179145498800672,0.006831925431938781
SPY,placebo,10,0.0020796991652466497,-0.003800615946848624,0.008112194117032281
SPY,placebo,11,0.003941446890262892,-0.002615642312575615,0.010767252780395123
SPY,placebo,12,0.004284053476411326,-0.0024223071788769864,0.011661574608592221
SPY,placebo,13,0.005033750279529822,-0.0020583054804627207,0.012855056100852177
SPY,placebo,14,0.005417577508665899,-0.0026517425345213316,0.014746417712166652
SPY,placebo,15,0.006362411758291927,-0.0021972794880992853,0.01648482506609851
SPY,placebo,16,0.00778567964829456,-0.0010434808976340182,0.017912543873114514
SPY,placebo,17,0.00791441896036145,-0.0016094598352665752,0.01849489322209011
SPY,placebo,18,0.008452557275463754,-0.0015674052047397393,0.019525733078319157
SPY,placebo,19,0.008768423278805094,-0.0012476308418013758,0.019901965339729585
SPY,placebo,20,0.010474130375024896,0.00034038709630975785,0.02166946992123412
SPY,placebo,21,0.009592419097989734,-0.0005073486118001127,0.020787509058517575
SPY,placebo,22,0.010249735430614504,0.00038872103402076463,0.020424514664042253
SPY,placebo,23,0.009030171158866425,-0.0005903713259048045,0.018950938704952274
SPY,placebo,24,0.009162269334359867,-0.0004998413559551887,0.01894861450628038
SPY,placebo,25,0.010510223394353233,0.0003182611705143384,0.02085057980119668
SPY,placebo,26,0.010665251244632962,0.0006493478806840793,0.021005676450519477
SPY,placebo,27,0.009413567447483142,-0.0002543595289381599,0.01936088057061858
SPY,placebo,28,0.008617378581995152,-0.00033261634673840593,0.01832933503077985
SPY,placebo,29,0.008572639290380386,-0.00031230435832333147,0.017843408554009434
SPY,placebo,30,0.007526119437687509,-0.0013739034251231584,0.01680306116139365
SPXW,real,-10,-0.06098298168670209,-0.06837329533464767,-0.05432672041536041
SPXW,real,-9,-0.060218867402967655,-0.06749395590515822,-0.053638281843513734
SPXW,real,-8,-0.05968674221240281,-0.06695861433386906,-0.05325233390333013
SPXW,real,-7,-0.06057170406572156,-0.06733141214794643,-0.05452123343467374
SPXW,real,-6,-0.05994009051924151,-0.0662388188979177,-0.05438538381506458
SPXW,real,-5,-0.06029029132959758,-0.06607881443168964,-0.0550078885694957
SPXW,real,-4,-0.059361171826176846,-0.06457240129823695,-0.05456790958475975
SPXW,real,-3,-0.05601627124723958,-0.0604493556464329,-0.051703786026139974
SPXW,real,-2,-0.04933157443234053,-0.0529840766503023,-0.0457194707770119
SPXW,real,-1,-0.03605315051667088,-0.038465950594609034,-0.033534759520613466
SPXW,real,0,-0.00016904970137669568,-0.0002833123283296524,-5.2515251409847355e-05
SPXW,real,1,0.0006442287605061134,-0.00027762855111221015,0.0015585214703665662
SPXW,real,2,-0.0003894092512323964,-0.0019742505063107675,0.0013879159898053965
SPXW,real,3,-0.00021180628890011982,-0.002451132418247649,0.002016193986151838
SPXW,real,4,-0.0011176251067193754,-0.0037936176241671463,0.001485096286416091
SPXW,real,5,-0.0013208800475235075,-0.004650859434947939,0.0021195664463700913
SPXW,real,6,-0.001613385731272791,-0.005239290700407454,0.002157360731437791
SPXW,real,7,-0.0016889680840640746,-0.00566727324085698,0.002555402206684607
SPXW,real,8,-0.00042438786240641064,-0.004522168657753216,0.0038738228980214626
SPXW,real,9,0.0007961993540940581,-0.0034226300137900206,0.005182778578998735
SPXW,real,10,0.0013099056761796707,-0.0031384718411248836,0.005886080486885533
SPXW,real,11,0.0017924054671542898,-0.0031602504956948834,0.007134958671859021
SPXW,real,12,0.0027632045125294638,-0.0020787431584401933,0.008131941290379991
SPXW,real,13,0.0033582591734767128,-0.0017593847967615382,0.009033302895817502
SPXW,real,14,0.004098410617077562,-0.0013748559281790834,0.010473013179484887
SPXW,real,15,0.004961178628974127,-0.0008023181362660205,0.011709633055232488
SPXW,real,16,0.005734874206061742,-0.00020648149085789047,0.012654738672929476
SPXW,real,17,0.006305468136806868,2.1899735683622903e-05,0.01381814164109987
SPXW,real,18,0.007138090805371959,0.0010153777546163176,0.014360471783101939
SPXW,real,19,0.00701503226495458,0.0012229313568630866,0.01399186865409036
SPXW,real,20,0.008273403402218832,0.0022703991486206733,0.01534455250840831
SPXW,real,21,0.007965325104877019,0.0016550553430274611,0.01539789880670645
SPXW,real,22,0.008503250417157751,0.0021292109420217257,0.015616729723124582
SPXW,real,23,0.007464119075661759,0.000732739536913098,0.01494292265841714
SPXW,real,24,0.007726816240650365,0.0006868933193405778,0.015270572200943272
SPXW,real,25,0.007777537059760091,0.0009762626746595692,0.01522966522569278
SPXW,real,26,0.007863508643634746,0.0006898423502923771,0.01579743375031516
SPXW,real,27,0.007827106824573939,0.0009419076478873552,0.014928851209694833
SPXW,real,28,0.0064174927222428,-0.00013279170541725545,0.01329461779307286
SPXW,real,29,0.006081658975459337,-0.00014334189188517087,0.012611238466632152
SPXW,real,30,0.006774434595766266,0.0006246713544598468,0.01345208216491037
SPXW,placebo,-10,-0.06164407192613812,-0.06814956294757048,-0.05516916317488487
SPXW,placebo,-9,-0.06145418588507238,-0.06814677136404552,-0.05483039264387446
SPXW,placebo,-8,-0.06199935293182319,-0.06852796667548929,-0.05557139687374424
SPXW,placebo,-7,-0.06203779208687673,-0.06820413232875244,-0.05591908155944709
SPXW,placebo,-6,-0.061756076312222186,-0.06758827751848284,-0.05599310937230102
SPXW,placebo,-5,-0.06111642868965544,-0.0663413958205592,-0.05592656756850655
SPXW,placebo,-4,-0.06006170376704556,-0.06472942625330791,-0.055259074159566976
SPXW,placebo,-3,-0.05667926773562101,-0.06095413035925402,-0.052237329795059385
SPXW,placebo,-2,-0.04999765165213059,-0.0535359454490302,-0.04637107650599539
SPXW,placebo,-1,-0.03661006510258066,-0.039216777419330114,-0.03390635279533887
SPXW,placebo,0,-0.000190877414428334,-0.0003155057939814389,-7.050130787677035e-05
SPXW,placebo,1,0.0012823060224229868,-0.00037651781688210817,0.003049684299505657
SPXW,placebo,2,0.001309791084518842,-0.0007965936111682942,0.0033358263710279584
SPXW,placebo,3,0.0005853180985544167,-0.002053063032202185,0.00306463212334502
SPXW,placebo,4,-0.0003243362567909476,-0.0035146558507957986,0.0028304208509089416
SPXW,placebo,5,0.0005272753460477617,-0.003297605011134675,0.0043845521716157215
SPXW,placebo,6,0.00021494110943744466,-0.003882419923136716,0.004375350106489461
SPXW,placebo,7,0.0011302670048189461,-0.003332354168978792,0.005721788431135394
SPXW,placebo,8,0.0016624333660041708,-0.0031850927715978868,0.007004282348282244
SPXW,placebo,9,0.0018065116359583535,-0.0031957593805504707,0.007562859100480504
SPXW,placebo,10,0.00262896009176203,-0.002640865076213485,0.008669372477495964
SPXW,placebo,11,0.0030136389502056975,-0.002510070497930778,0.00952630796358079
SPXW,placebo,12,0.003761070658605333,-0.0023429526526827565,0.011192647772367484
SPXW,placebo,13,0.003528368730906216,-0.002981368173018911,0.0115757195772281
SPXW,placebo,14,0.0038201226818690725,-0.0032491101459237145,0.012464639525129778
SPXW,placebo,15,0.003871062501508897,-0.0033661151288217513,0.012528035883751586
SPXW,placebo,16,0.004734673198671979,-0.002529018375480409,0.013301096803225854
SPXW,placebo,17,0.006327629288165899,-0.0014023238818098378,0.015714301975053257
SPXW,placebo,18,0.00699393849811863,-0.0010732453294737556,0.016537969428721953
SPXW,placebo,19,0.007614476700220617,-0.00014627532554279486,0.016802452309007697
SPXW,placebo,20,0.007482535802560518,-0.0002998835660968044,0.016473823815804905
SPXW,placebo,21,0.007480281699876505,-0.00041426654640668123,0.016749963858777292
SPXW,placebo,22,0.007753646699031033,-0.00010642746168096935,0.01684387363157603
SPXW,placebo,23,0.007660487881674142,-0.00033368969430876697,0.016946079395952905
SPXW,placebo,24,0.007948189315277373,-0.00041191776722417295,0.017590301258538905
SPXW,placebo,25,0.007930686562881685,-0.0005862817466238534,0.017550346127290627
SPXW,placebo,26,0.008205925281036081,-0.0002426438339118646,0.017789250297182382
SPXW,placebo,27,0.007862059366528581,-0.0003733951136505942,0.017096031570231658
SPXW,placebo,28,0.007301081980410221,-0.0006867472361334686,0.01587258342224902
SPXW,placebo,29,0.007148357121760029,-0.0012686513386927585,0.016576682486583928
SPXW,placebo,30,0.0069608595725281506,-0.0011186035899786654,0.01584480772275287
