symbol,quartile,rv15,lo,hi,n,net_ratio_mid,rv30_pre
QQQ,Q1 (most negative),0.036202759572109104,0.03168572186539931,0.040328170552466,491,-0.2594955239792121,0.04241095508560049
QQQ,Q2,0.041146965687593774,0.03720243737555137,0.04498722774505669,492,0.2634696084289871,0.04583590895646919
QQQ,Q3,0.04585500809737166,0.0380072620935121,0.052193412593125876,491,0.6051415734442368,0.04938929736776945
QQQ,Q4 (most positive),0.04609832007412231,0.03757950066116311,0.053030297064251365,487,0.7869623664154423,0.05164341831514748
SPY,Q1 (most negative),0.02615692320146457,0.020603894860214522,0.0318427155753661,258,-0.47943303732704495,0.026972161482301787
SPY,Q2,0.02518745822618561,0.022407142609025044,0.027823408275825273,258,0.2605168903515395,0.029133002183902905
SPY,Q3,0.0303380397655688,0.025010700380714034,0.03494814505709935,259,0.7287648277697906,0.03386953485830297
SPY,Q4 (most positive),0.02655420000971926,0.024219895477605228,0.028165239968710037,254,0.9567767409407651,0.0291208538763096
SPXW,Q1 (most negative),0.024715795448538087,0.02061555138485939,0.029282479277661304,646,-0.19767678989806142,0.026182617572242155
SPXW,Q2,0.02361339668732379,0.020868426967295687,0.026350277644221792,637,0.14424668679501035,0.02647211542090539
SPXW,Q3,0.02493153353209028,0.021906473860302797,0.0279240934342362,645,0.3805351547481434,0.027958109436609004
SPXW,Q4 (most positive),0.02405387225046973,0.02123000614335298,0.026584955077618377,638,0.6121404678491815,0.026562098188712146
POOL,Q1 (most negative),0.14589551305741544,0.13681746379160345,0.15430868162437691,10589,-0.19647531455556846,0.1670906745775918
POOL,Q2,0.13732756241565844,0.12963413731504866,0.14468016533069342,10585,0.16915530419816066,0.15782763549252876
POOL,Q3,0.12964357613582533,0.12319412761119966,0.13586435951180614,10586,0.43341057358537083,0.1502658784492833
POOL,Q4 (most positive),0.11479045070520355,0.10939806025431033,0.12060917425576022,10585,0.7084639838947536,0.13275954872364878
