target,kind,part,model,baseline,skill_vs_prev,lo,hi,skill_vs_mean,mean_lo,mean_hi,mae,alpha,alpha_at_edge,n,days,tag,symbol,p_approx,p_holm
y_r15,ridge,val,M0,train_mean,-7.851535293035283e-07,-1.3236046128278777e-05,9.906179853505493e-06,-7.851535293035283e-07,-1.3236046128278777e-05,9.906179853505493e-06,0.09421206137843642,10000000.0,True,622,21,band0.025,QQQ,,
y_r15,ridge,val,M1,M0,-2.810178054035717e-06,-4.779770962337615e-06,-6.197867843948946e-07,-3.5953337897964843e-06,-1.5919131383618223e-05,7.81677627114674e-06,0.09421211857482477,10000000.0,True,622,21,band0.025,QQQ,,
y_r15,ridge,val,M2,M1,3.960912782208226e-07,-6.884047259059223e-06,6.350970822643906e-06,-3.1992410876036104e-06,-2.2087726636266237e-05,1.252988272473498e-05,0.09421196415626086,10000000.0,True,622,21,band0.025,QQQ,,
y_r15,ridge,val,M3,M2,0.00034417652629969986,-0.0021901616252559654,0.002786130151693685,0.00034097838631585997,-0.002209896685464274,0.0027911356040575355,0.09416080003121655,100000.0,False,622,21,band0.025,QQQ,,
y_r15,ridge,holdout,M0,train_mean,4.050068160399434e-06,-6.6095065257121275e-06,1.7234355717565817e-05,4.050068160399434e-06,-6.6095065257121275e-06,1.7234355717565817e-05,0.09577518743884467,10000000.0,True,589,21,band0.025,QQQ,,
y_r15,ridge,holdout,M1,M0,-2.9939805301637534e-08,-2.889421587104479e-07,3.109922644101147e-07,4.020128476223128e-06,-6.680536217135158e-06,1.7064602225941293e-05,0.09577516828624184,10000000.0,True,589,21,band0.025,QQQ,,
y_r15,ridge,holdout,M2,M1,-1.0579496381168951e-06,-4.4385056924944875e-06,1.7873590897221616e-06,2.962183091259618e-06,-8.820215095739492e-06,1.6794759867530536e-05,0.09577535795166907,10000000.0,True,589,21,band0.025,QQQ,,
y_r15,ridge,holdout,M3,M2,0.0004219652257971829,-0.001032303339220858,0.0020819916692413113,0.0004249261589501785,-0.0010409022295780669,0.0020988381984977564,0.09572164355060102,100000.0,False,589,21,band0.025,QQQ,0.5953268770537776,1.0
y_r15,ridge,val,M0,train_mean,0.0026136574118159617,-0.005941904472155979,0.009359638631655325,0.0026136574118159617,-0.005941904472155979,0.009359638631655325,0.06317613445004547,10000.0,False,347,21,band0.025,SPY,,
y_r15,ridge,val,M1,M0,3.013581760757944e-05,-0.0007770346893522517,0.0009582481828902418,0.002643714464720559,-0.0053978215126670335,0.009051431630890316,0.06318902296150086,10000.0,False,347,21,band0.025,SPY,,
y_r15,ridge,val,M2,M1,0.0017834478020209987,-0.000670676070114895,0.004191528916561453,0.004422447339990199,-0.003228882003511191,0.010835035674317685,0.06309344238202953,10000.0,False,347,21,band0.025,SPY,,
y_r15,ridge,val,M3,M2,0.0004855492346231838,-0.0024234901991621316,0.0036725943373042552,0.0049058492586923075,-0.003102079539877578,0.01221160680203344,0.06309247248873245,10000.0,False,347,21,band0.025,SPY,,
y_r15,ridge,holdout,M0,train_mean,-0.001813991420087424,-0.013814757212194167,0.006672740198877132,-0.001813991420087424,-0.013814757212194167,0.006672740198877132,0.0743611171104448,10000.0,False,394,21,band0.025,SPY,,
y_r15,ridge,holdout,M1,M0,-0.00039859034542044647,-0.0017683019640683916,0.0011829219569522889,-0.002213304804974614,-0.014692563806936265,0.006772479554996445,0.07438357815433429,10000.0,False,394,21,band0.025,SPY,,
y_r15,ridge,holdout,M2,M1,-0.0002641462187666921,-0.003813195378103673,0.003017104041284199,-0.0024780356598366193,-0.016748243185799733,0.008233256899529614,0.07440531044797133,10000.0,False,394,21,band0.025,SPY,,
y_r15,ridge,holdout,M3,M2,-9.632343214827088e-06,-0.0022772119351710807,0.002436158082907471,-0.0024876918723413244,-0.0177396363617367,0.00961095558131314,0.07450696937605321,10000.0,False,394,21,band0.025,SPY,0.9936082188425017,1.0
y_r15,ridge,val,M0,train_mean,0.00448421888111783,-0.009874932091075445,0.016762554126433085,0.00448421888111783,-0.009874932091075445,0.016762554126433085,0.06183009645533982,10000.0,False,675,21,band0.025,SPXW,,
y_r15,ridge,val,M1,M0,-0.0001527882635616873,-0.0008859951788821486,0.0010945520263699238,0.004332115753572396,-0.010049592455684875,0.01699383264973954,0.06182605756011785,10000.0,False,675,21,band0.025,SPXW,,
y_r15,ridge,val,M2,M1,0.0007929857317426903,-0.0010625061261047342,0.002303860121337929,0.005121666179334294,-0.010110134056807734,0.01792756372511856,0.0617865716087218,10000.0,False,675,21,band0.025,SPXW,,
y_r15,ridge,val,M3,M2,-0.00017936007695085188,-0.0014461016647680902,0.0009392802945844209,0.004943224724823447,-0.010469490549683607,0.018064012545669347,0.061777920609233664,10000.0,False,675,21,band0.025,SPXW,,
y_r15,ridge,holdout,M0,train_mean,0.01528294103132155,-0.002498528806033301,0.025859104169571746,0.01528294103132155,-0.002498528806033301,0.025859104169571746,0.07492874890579701,10000.0,False,762,21,band0.025,SPXW,,
y_r15,ridge,holdout,M1,M0,-0.0002484547984342722,-0.0009491848083562404,0.00116008796809969,0.01503828335292079,-0.0018625857295709036,0.0252178984463681,0.07490206087440077,10000.0,False,762,21,band0.025,SPXW,,
y_r15,ridge,holdout,M2,M1,-0.0001803302451499622,-0.0009550490058335582,0.00147060393767247,0.014860664965094417,-0.001421826641574475,0.024620973759087728,0.07491652921900031,10000.0,False,762,21,band0.025,SPXW,,
y_r15,ridge,holdout,M3,M2,-0.00021345731069399854,-0.0016622886607894627,0.001047598113930975,0.014650379771978916,-0.001574672844329139,0.02424457171341926,0.07493105423989335,10000.0,False,762,21,band0.025,SPXW,0.7574906188941575,1.0
y_r15,ridge,val,M0,train_mean,-9.344542821754231e-07,-1.6250983192739322e-05,1.7228665433610668e-05,-9.344542821754231e-07,-1.6250983192739322e-05,1.7228665433610668e-05,0.10408216684642341,10000000.0,True,534,21,band0.05,QQQ,,
y_r15,ridge,val,M1,M0,-2.2732942528413957e-06,-4.949541070409235e-06,1.0616316265477028e-06,-3.207750659317554e-06,-1.8898737308897795e-05,1.679315079612664e-05,0.10408220832118997,10000000.0,True,534,21,band0.05,QQQ,,
y_r15,ridge,val,M2,M1,7.171906573066877e-07,-3.449738859434559e-06,4.549721164057151e-06,-2.490557701406715e-06,-1.9348923549122878e-05,1.94712380862022e-05,0.10408207753323796,10000000.0,True,534,21,band0.05,QQQ,,
y_r15,ridge,val,M3,M2,1.964680197419355e-06,-7.158089555869829e-06,1.2382412518166495e-05,-5.25872610790401e-07,-2.2975922431389684e-05,2.5559025217708473e-05,0.10408199194914795,10000000.0,True,534,21,band0.05,QQQ,,
y_r15,ridge,holdout,M0,train_mean,6.854350327767378e-06,-8.744132002191929e-06,2.1243380319477246e-05,6.854350327767378e-06,-8.744132002191929e-06,2.1243380319477246e-05,0.11209422418271986,10000000.0,True,500,21,band0.05,QQQ,,
y_r15,ridge,holdout,M1,M0,2.0281632528984517e-06,1.9587751739214012e-07,5.324903343589815e-06,8.882499678897204e-06,-7.14786219938035e-06,2.4668936531063717e-05,0.112093912160864,10000000.0,True,500,21,band0.05,QQQ,,
y_r15,ridge,holdout,M2,M1,-1.8180679397516997e-06,-4.499640754490608e-06,4.943170004073607e-07,7.064447888116554e-06,-8.62662214097809e-06,2.2233703909013684e-05,0.11209423128702423,10000000.0,True,500,21,band0.05,QQQ,,
y_r15,ridge,holdout,M3,M2,1.4068350483453784e-06,-4.279739967988361e-06,7.30840997524573e-06,8.47127299796746e-06,-1.1265997887005552e-05,2.7826433175634483e-05,0.11209406511750146,10000000.0,True,500,21,band0.05,QQQ,0.6341460629202099,1.0
y_r15,ridge,val,M0,train_mean,0.0027908821560506114,-0.003703753916211333,0.013016404390654783,0.0027908821560506114,-0.003703753916211333,0.013016404390654783,0.0669031031891237,10000.0,False,252,21,band0.05,SPY,,
y_r15,ridge,val,M1,M0,6.568605728141108e-05,-0.0007737012785851872,0.0005931491605916297,0.0028563848912868117,-0.0033851148709206913,0.012262686369050672,0.06689152494027482,10000.0,False,252,21,band0.05,SPY,,
y_r15,ridge,val,M2,M1,0.0011392992070726748,-0.002884995435879734,0.004799833609327172,0.003992429821317867,-0.0024616647914045943,0.01408888739981102,0.0667029584242068,10000.0,False,252,21,band0.05,SPY,,
y_r15,ridge,val,M3,M2,-0.0009552352758221971,-0.0032725895501380053,0.002671604333244316,0.003041008255297295,-0.0032769469943952135,0.013804096524191904,0.06659520425550476,10000.0,False,252,21,band0.05,SPY,,
y_r15,ridge,holdout,M0,train_mean,-0.0018277007222915476,-0.021829218215827444,0.009884951299014157,-0.0018277007222915476,-0.021829218215827444,0.009884951299014157,0.08516933520507557,10000.0,False,295,21,band0.05,SPY,,
y_r15,ridge,holdout,M1,M0,-0.0003342421149934438,-0.001344369022623504,0.00048158089819442195,-0.0021625537318399335,-0.02226049783190061,0.009098696909855871,0.08519420958862835,10000.0,False,295,21,band0.05,SPY,,
y_r15,ridge,holdout,M2,M1,-0.0008909499366716034,-0.004623668832224259,0.0016777218136995343,-0.0030554303956220608,-0.02420749633969515,0.00817243273608336,0.08526122981919046,10000.0,False,295,21,band0.05,SPY,,
y_r15,ridge,holdout,M3,M2,0.0001505487624727797,-0.0016497546866515445,0.001694412786745147,-0.002904421641884314,-0.023763395749901835,0.007732942722283852,0.08534977356454378,10000.0,False,295,21,band0.05,SPY,0.8599233259080432,1.0
y_r15,ridge,val,M0,train_mean,0.005971672555636132,-0.003834322733085743,0.02342722014718734,0.005971672555636132,-0.003834322733085743,0.02342722014718734,0.06613740668299357,10000.0,False,495,21,band0.05,SPXW,,
y_r15,ridge,val,M1,M0,-0.0038246436572915155,-0.007345908599897671,0.0013136724852356764,0.0021698684179080052,-0.008174814202708158,0.02089174603880777,0.06613599830821415,10000.0,False,495,21,band0.05,SPXW,,
y_r15,ridge,val,M2,M1,-0.0015556340490348042,-0.017947700337054662,0.007193944360826066,0.0006176098900659843,-0.0009315054636188424,0.0035657726310775466,0.06612398522730203,100000.0,False,495,21,band0.05,SPXW,,
y_r15,ridge,val,M3,M2,-0.0003415092766774208,-0.0007889414077839718,0.00010402939105506286,0.00027631153289542354,-0.00142398850294152,0.0033618550193357777,0.06612934076505016,100000.0,False,495,21,band0.05,SPXW,,
y_r15,ridge,holdout,M0,train_mean,0.010246309567454093,-0.01519930730723133,0.02356807659485007,0.010246309567454093,-0.01519930730723133,0.02356807659485007,0.0844215289877088,10000.0,False,591,21,band0.05,SPXW,,
y_r15,ridge,holdout,M1,M0,-0.0020112929713422822,-0.006447846686354747,1.9789556551451697e-05,0.008255624926527094,-0.01985123651446873,0.02265103523309831,0.08454463780602915,10000.0,False,591,21,band0.05,SPXW,,
y_r15,ridge,holdout,M2,M1,-0.006448635198471164,-0.01913931224938396,0.017235414255517785,0.0018602272415425558,-0.0022506790108752115,0.0039100906288611235,0.0848549732170428,100000.0,False,591,21,band0.05,SPXW,,
y_r15,ridge,holdout,M3,M2,-0.00034619192208062977,-0.0005963789646409312,0.00015593075203021672,0.0015146793151060711,-0.002346074805040721,0.0033803948266568047,0.08486379898707692,100000.0,False,591,21,band0.05,SPXW,0.07125097906191637,0.9262627278049128
y_r15,ridge,val,M0,train_mean,0.0006117648867434156,-0.008559964747413435,0.010485826821344874,0.0006117648867434156,-0.008559964747413435,0.010485826821344874,0.1072162546621287,10000.0,False,376,21,band0.10,QQQ,,
y_r15,ridge,val,M1,M0,0.002532562945181338,-0.001479862021985906,0.00848806905108744,0.003142778498841481,-0.008802038158218511,0.018538345917398762,0.10703957697595747,10000.0,False,376,21,band0.10,QQQ,,
y_r15,ridge,val,M2,M1,-0.0003654032550046704,-0.002530358809219635,0.0012499459316473941,0.0027785236253300427,-0.009443323630845008,0.01743253565860449,0.10707153712536029,10000.0,False,376,21,band0.10,QQQ,,
y_r15,ridge,val,M3,M2,-0.0019204798522676203,-0.008911614246592836,0.004157255619713845,0.0008633798717039287,-0.014746880788139521,0.01991937651107662,0.10728104011822132,10000.0,False,376,21,band0.10,QQQ,,
y_r15,ridge,holdout,M0,train_mean,-0.00015601815839749733,-0.013025484247967529,0.007614969609828052,-0.00015601815839749733,-0.013025484247967529,0.007614969609828052,0.1200453453521505,10000.0,False,327,21,band0.10,QQQ,,
y_r15,ridge,holdout,M1,M0,-0.00036439266316801167,-0.004115096724595419,0.0018228857326139712,-0.00052046767343783,-0.015517892366643037,0.008655246989236304,0.1201258757383808,10000.0,False,327,21,band0.10,QQQ,,
y_r15,ridge,holdout,M2,M1,0.0007114856652719048,-0.0008791046273191716,0.0019154592606573837,0.00019138829712306293,-0.015458402497416873,0.009377031931831328,0.12011343786005672,10000.0,False,327,21,band0.10,QQQ,,
y_r15,ridge,holdout,M3,M2,-0.0011971448953798092,-0.005437041036336776,0.0017604175317283213,-0.0010055274787339474,-0.01982525779944975,0.010315559455723853,0.1201840446813731,10000.0,False,327,21,band0.10,QQQ,0.5143953461861733,1.0
y_r15,ridge,val,M0,train_mean,0.03070431010995056,-0.00860623946814864,0.08645663489513947,0.03070431010995056,-0.00860623946814864,0.08645663489513947,0.06220579741678085,1000.0,False,145,21,band0.10,SPY,,
y_r15,ridge,val,M1,M0,0.00031593798706885945,-0.09673211735279538,0.06942648457223309,0.03101054743908893,-0.09127375445545817,0.1430256922917934,0.06363510696386467,100.0,False,145,21,band0.10,SPY,,
y_r15,ridge,val,M2,M1,0.006575480748306384,-0.052865539533631954,0.08333892228893848,0.03738211892971521,-0.019195840753001413,0.11474269039930012,0.06082797532132972,1000.0,False,145,21,band0.10,SPY,,
y_r15,ridge,val,M3,M2,0.019870605212383263,0.0057214224100172045,0.038896668178913976,0.056509918814843685,0.004043578168598683,0.13270259385273056,0.060377041425222606,1000.0,False,145,21,band0.10,SPY,,
y_r15,ridge,holdout,M0,train_mean,0.027237900663187986,-0.034421529412528254,0.056355442938283436,0.027237900663187986,-0.034421529412528254,0.056355442938283436,0.09861623487564573,1000.0,False,191,21,band0.10,SPY,,
y_r15,ridge,holdout,M1,M0,-0.020933564953236727,-0.11099445633582235,0.0255471748328256,0.0068745220726738054,-0.14339673577425302,0.08030146340307588,0.10070098211571021,100.0,False,191,21,band0.10,SPY,,
y_r15,ridge,holdout,M2,M1,0.006678949009868873,-0.030084546089622577,0.07649965322510124,0.013507556500152118,-0.07362720395444709,0.054118448284610286,0.10022439781478874,1000.0,False,191,21,band0.10,SPY,,
y_r15,ridge,holdout,M3,M2,0.012744499871822135,-0.003573719206887926,0.01931878675516967,0.02607990931988946,-0.06523391348811103,0.06811892456695215,0.09973420020124586,1000.0,False,191,21,band0.10,SPY,0.029087000366983827,0.40721800513777356
y_r15,ridge,val,M0,train_mean,0.043722781592150484,-0.005056249742938566,0.08997380465576689,0.043722781592150484,-0.005056249742938566,0.08997380465576689,0.06564604662565038,1000.0,False,301,21,band0.10,SPXW,,
y_r15,ridge,val,M1,M0,-0.025695982967475217,-0.03717294983753401,-0.005462210992087899,0.019150298475757777,-0.030605994372906804,0.07850170185334521,0.06612170063155741,1000.0,False,301,21,band0.10,SPXW,,
y_r15,ridge,val,M2,M1,-0.00296457275393891,-0.029598997791671144,0.01212596944525348,0.01624249817490997,-0.04280025527091812,0.06342380528322447,0.06613705838893676,1000.0,False,301,21,band0.10,SPXW,,
y_r15,ridge,val,M3,M2,-0.0022435698570302254,-0.037064414856273355,0.0521030302474746,0.014035369497187866,0.0018361734243250993,0.03862724260217825,0.06464116460428353,10000.0,False,301,21,band0.10,SPXW,,
y_r15,ridge,holdout,M0,train_mean,-0.026057892448701825,-0.11639030131088951,0.008807240407272626,-0.026057892448701825,-0.11639030131088951,0.008807240407272626,0.09619781415001756,1000.0,False,379,21,band0.10,SPXW,,
y_r15,ridge,holdout,M1,M0,-0.005696889538793437,-0.021523321349218395,0.002979167584497121,-0.031903230922389225,-0.125404935915439,0.005416889078891234,0.09653325107332872,1000.0,False,379,21,band0.10,SPXW,,
y_r15,ridge,holdout,M2,M1,-0.005614362235166537,-0.009318256899189753,0.004352015405888847,-0.03769670945242609,-0.12880631327713252,-0.0017707153308737266,0.09660014480599743,1000.0,False,379,21,band0.10,SPXW,,
y_r15,ridge,holdout,M3,M2,0.026976810482455593,0.0015001254143258925,0.0843469468438361,-0.009702961983260261,-0.035598409819168196,0.001040023399059727,0.09549961372228345,10000.0,False,379,21,band0.10,SPXW,0.201799596008012,1.0
y_r15,ridge,val,M0,train_mean,0.00429419750820359,-0.0056697315907478065,0.01410543767471702,0.00429419750820359,-0.0056697315907478065,0.01410543767471702,0.090901786825644,10000.0,False,431,21,stale_snapshot,QQQ,,
y_r15,ridge,val,M1,M0,-0.001108463041447072,-0.004801186633253418,0.0016237828148145891,0.003190494425987067,-0.008249570221247083,0.012578656872226045,0.09096867066758592,10000.0,False,431,21,stale_snapshot,QQQ,,
y_r15,ridge,val,M2,M1,0.00035054518622668063,-0.003739533033153758,0.003304023807062643,0.003539921199750995,-0.010835440960581331,0.014808899734606999,0.0909675989674928,10000.0,False,431,21,stale_snapshot,QQQ,,
y_r15,ridge,val,M3,M2,0.004750491374846955,-0.00646909062349757,0.015172013442690228,0.00827359620947088,-0.012526823356505646,0.024261318599193615,0.09104580876971159,10000.0,False,431,21,stale_snapshot,QQQ,,
y_r15,ridge,holdout,M0,train_mean,0.002624189628796958,-0.011456044944351979,0.012311714299539808,0.002624189628796958,-0.011456044944351979,0.012311714299539808,0.10582437540860534,10000.0,False,418,21,stale_snapshot,QQQ,,
y_r15,ridge,holdout,M1,M0,0.00022699595174147102,-0.00027353500317116585,0.0011226080657224607,0.0028505899001162183,-0.011206475843422626,0.0126975200918753,0.10576260290277607,10000.0,False,418,21,stale_snapshot,QQQ,,
y_r15,ridge,holdout,M2,M1,-0.002136710004906117,-0.004556304236803388,0.0002965194618121279,0.0007199707791696319,-0.012985631052689262,0.010717432717577344,0.10594585799901626,10000.0,False,418,21,stale_snapshot,QQQ,,
y_r15,ridge,holdout,M3,M2,-0.002397454606667848,-0.006345805385392667,-7.866799147257099e-05,-0.001675757730237093,-0.01636928440262404,0.008115705536391623,0.10624857905442608,10000.0,False,418,21,stale_snapshot,QQQ,0.13372537541690363,1.0
y_r15,ridge,val,M0,train_mean,0.0048045447540733255,-0.0074304376082179715,0.01399880527453946,0.0048045447540733255,-0.0074304376082179715,0.01399880527453946,0.05925509381463411,10000.0,False,204,21,stale_snapshot,SPY,,
y_r15,ridge,val,M1,M0,-5.5890419415671744e-05,-0.002032128365150776,0.0015648491437989574,0.004748922862679139,-0.008934829425429818,0.014509298601243985,0.059245149680835406,10000.0,False,204,21,stale_snapshot,SPY,,
y_r15,ridge,val,M2,M1,0.0004012962117896368,-0.004339223003110892,0.004759215946259081,0.0051483133497138844,-0.00945772520592118,0.01590190860908193,0.05905388669771851,10000.0,False,204,21,stale_snapshot,SPY,,
y_r15,ridge,val,M3,M2,0.0008283871877086124,-0.0026464911185456797,0.004424896316239104,0.005972435740605242,-0.009068812927467241,0.01755787427820324,0.058956931833888594,10000.0,False,204,21,stale_snapshot,SPY,,
y_r15,ridge,holdout,M0,train_mean,-0.002565038581369583,-0.02995377187433696,0.008887676762672866,-0.002565038581369583,-0.02995377187433696,0.008887676762672866,0.08506432205220717,10000.0,False,249,21,stale_snapshot,SPY,,
y_r15,ridge,holdout,M1,M0,-0.0006648291274991003,-0.002079502365773056,0.00044134102229004545,-0.0032315730212306715,-0.030141747453073037,0.008206918256976963,0.08514917268463956,10000.0,False,249,21,stale_snapshot,SPY,,
y_r15,ridge,holdout,M2,M1,-0.001786437747552494,-0.005323670645716894,-0.0005310154328224033,-0.005023783772812429,-0.03324940544122382,0.00668854089229239,0.08540534242778523,10000.0,False,249,21,stale_snapshot,SPY,,
y_r15,ridge,holdout,M3,M2,-0.001469082164230473,-0.006301406537148974,0.0005982833254496263,-0.006500246288180467,-0.03527060034304168,0.005076956464412551,0.08562538508741453,10000.0,False,249,21,stale_snapshot,SPY,0.40391676529057174,1.0
y_r15,ridge,val,M0,train_mean,0.010318297568134405,-0.0029156602878426417,0.020623559341936267,0.010318297568134405,-0.0029156602878426417,0.020623559341936267,0.05852822541189319,10000.0,False,581,21,stale_snapshot,SPXW,,
y_r15,ridge,val,M1,M0,0.0003643533548858269,-0.0005426986821613911,0.0012021572573822884,0.010678891416684655,-0.0029566525561653843,0.021212259162482417,0.05850568811730325,10000.0,False,581,21,stale_snapshot,SPXW,,
y_r15,ridge,val,M2,M1,-0.0003304554247709479,-0.001941614632421379,0.000969789679688468,0.010351964889512955,-0.003638882652914621,0.020948749951559056,0.05856439397265216,10000.0,False,581,21,stale_snapshot,SPXW,,
y_r15,ridge,val,M3,M2,0.0039745363227680075,-0.00023624719106603574,0.009018278007861539,0.014285356951815542,-0.0016882945772003386,0.025883786513020184,0.05850918218156554,10000.0,False,581,21,stale_snapshot,SPXW,,
y_r15,ridge,holdout,M0,train_mean,0.019533269217825056,-0.004436819898596289,0.030108197146363563,0.019533269217825056,-0.004436819898596289,0.030108197146363563,0.07417550190655627,10000.0,False,651,21,stale_snapshot,SPXW,,
y_r15,ridge,holdout,M1,M0,6.195790844087945e-05,-0.001159259794812012,0.0011987765013722284,0.019594016885760235,-0.004130637295584999,0.030187742209222178,0.07417898060173748,10000.0,False,651,21,stale_snapshot,SPXW,,
y_r15,ridge,holdout,M2,M1,-0.0011413370280866086,-0.0024663463448881704,-9.62605533183794e-05,0.018475043234674304,-0.005864021048435808,0.029265740566403055,0.07423003464265597,10000.0,False,651,21,stale_snapshot,SPXW,,
y_r15,ridge,holdout,M3,M2,0.006860343800928037,-0.0037854091546260017,0.01259882161676661,0.025208641887275562,-0.007783310184543102,0.04100078222725362,0.07422541670099525,10000.0,False,651,21,stale_snapshot,SPXW,0.10072110393782457,1.0
y_r15,ridge,val,M0,train_mean,-3.5008722281126836e-06,-1.564987650263805e-05,1.0872389629495985e-05,-3.5008722281126836e-06,-1.564987650263805e-05,1.0872389629495985e-05,0.10265380735833625,10000000.0,True,532,21,delay2min,QQQ,,
y_r15,ridge,val,M1,M0,-3.0575061293891537e-06,-5.70910223050558e-06,-2.442104518884969e-07,-6.558389061384062e-06,-1.8605966919016394e-05,8.481732422138674e-06,0.10265395233515162,10000000.0,True,532,21,delay2min,QQQ,,
y_r15,ridge,val,M2,M1,9.392612349001794e-07,-1.2227611972670527e-06,3.0233933645568134e-06,-5.619121666411431e-06,-1.7880123237412616e-05,1.0082149616560951e-05,0.10265385399678718,10000000.0,True,532,21,delay2min,QQQ,,
y_r15,ridge,val,M3,M2,1.3696827417808422e-06,-4.645487155702233e-06,7.90266770972492e-06,-4.249431228231515e-06,-2.0336345635241226e-05,1.4761965700360591e-05,0.10265342189268051,10000000.0,True,532,21,delay2min,QQQ,,
y_r15,ridge,holdout,M0,train_mean,2.994054193350415e-06,-1.6923352142644844e-05,1.9186083591254936e-05,2.994054193350415e-06,-1.6923352142644844e-05,1.9186083591254936e-05,0.10864298264057698,10000000.0,True,500,21,delay2min,QQQ,,
y_r15,ridge,holdout,M1,M0,8.106772040328281e-07,-9.775287512781005e-09,2.003972883443672e-06,3.8047289702136666e-06,-1.6327050339864924e-05,2.0050637354418472e-05,0.10864289664488584,10000000.0,True,500,21,delay2min,QQQ,,
y_r15,ridge,holdout,M2,M1,-1.761481367434925e-06,-4.5609501455157185e-06,4.3375803117084834e-07,2.043254304751052e-06,-1.833313895945321e-05,1.7648880075604712e-05,0.10864328701328296,10000000.0,True,500,21,delay2min,QQQ,,
y_r15,ridge,holdout,M3,M2,3.2408480441503684e-06,-2.8360009383221472e-06,8.440999897291178e-06,5.2840957270872124e-06,-1.906257211474194e-05,2.349064302866465e-05,0.10864281024226838,10000000.0,True,500,21,delay2min,QQQ,0.25993207498667903,1.0
y_r15,ridge,val,M0,train_mean,0.005890148365716441,-6.951466366112986e-05,0.013966202500961986,0.005890148365716441,-6.951466366112986e-05,0.013966202500961986,0.06941392759492471,10000.0,False,252,21,delay2min,SPY,,
y_r15,ridge,val,M1,M0,0.00128589521043887,-0.026669758705825858,0.02427876627007581,0.007168469462583205,-0.024489990101456062,0.036684210008714295,0.06981554557214177,1000.0,False,252,21,delay2min,SPY,,
y_r15,ridge,val,M2,M1,0.0011388943272665486,-0.021477182479804707,0.017224412442037117,0.00829919966064363,-0.0366100507504608,0.0431342210505541,0.06974397007982285,1000.0,False,252,21,delay2min,SPY,,
y_r15,ridge,val,M3,M2,-0.0014708086484247485,-0.03304783647164677,0.03953350457031762,0.006840597546854843,0.001453412162731596,0.015642760219543524,0.06925496134123815,10000.0,False,252,21,delay2min,SPY,,
y_r15,ridge,holdout,M0,train_mean,-0.003870265497773362,-0.02481185832978721,0.004767491154110123,-0.003870265497773362,-0.02481185832978721,0.004767491154110123,0.08418029953116032,10000.0,False,295,21,delay2min,SPY,,
y_r15,ridge,holdout,M1,M0,-0.032230306940019826,-0.07629505875575868,-0.006406561407659632,-0.03622531228272585,-0.10118409042309442,-0.002400612634505018,0.08472582481147135,1000.0,False,295,21,delay2min,SPY,,
y_r15,ridge,holdout,M2,M1,-0.014457481106209702,-0.032921798275235906,-0.00743011798448543,-0.051206520156829693,-0.12349410785319219,-0.020345939684251326,0.08536926147181155,1000.0,False,295,21,delay2min,SPY,,
y_r15,ridge,holdout,M3,M2,0.0441958399044583,0.024530773167419286,0.08522241940874414,-0.004747565085455596,-0.027274823695852306,0.004757694576054686,0.08436789695126802,10000.0,False,295,21,delay2min,SPY,0.004309705646184583,0.06464558469276874
y_r15,ridge,val,M0,train_mean,0.0063386533736466966,-0.00569410671560483,0.01704576662327182,0.0063386533736466966,-0.00569410671560483,0.01704576662327182,0.06117702655712747,10000.0,False,673,21,delay2min,SPXW,,
y_r15,ridge,val,M1,M0,-0.0002436950468813759,-0.0013541602250159378,0.0011753822466841187,0.006096503025196487,-0.006168972699203907,0.0173543038660791,0.061155872817075574,10000.0,False,673,21,delay2min,SPXW,,
y_r15,ridge,val,M2,M1,0.0010204117035214066,-0.0011421949970446931,0.003150126248221354,0.007110693785680522,-0.005896196733698128,0.0189977379403851,0.0611633861115031,10000.0,False,673,21,delay2min,SPXW,,
y_r15,ridge,val,M3,M2,-0.0015791662882598256,-0.003397369434504094,0.0005075258346418615,0.0055427564653331984,-0.008358405398091701,0.0190334574473463,0.061193012757736975,10000.0,False,673,21,delay2min,SPXW,,
y_r15,ridge,holdout,M0,train_mean,0.011413421188184891,-0.0038018076940878943,0.01937866312032446,0.011413421188184891,-0.0038018076940878943,0.01937866312032446,0.07367645072895691,10000.0,False,760,21,delay2min,SPXW,,
y_r15,ridge,holdout,M1,M0,-0.000853598707221126,-0.0021408178120233433,0.0004381336812932231,0.010569564962535138,-0.0045870499382252685,0.018347818150761842,0.07370323610257318,10000.0,False,760,21,delay2min,SPXW,,
y_r15,ridge,holdout,M2,M1,-0.000361590815925128,-0.0018278733767006117,0.0029661042427617853,0.010211796004228724,-0.003776624578792559,0.017256628742730883,0.07365081041145854,10000.0,False,760,21,delay2min,SPXW,,
y_r15,ridge,holdout,M3,M2,-0.0006200007743384361,-0.0015446798249006133,0.0011960568401875869,0.009598126551320196,-0.0035115266364896037,0.016189754669886754,0.07367257564959512,10000.0,False,760,21,delay2min,SPXW,0.37520274570484813,1.0
