symbol,map_time,setup,level,entry_time,entry,exit_time,exit,exit_how,r,r_net
QQQ,2026-07-01 10:00:00,reverse_rug_control,730.0,2026-07-01 10:06:00,730.6,2026-07-01 10:32:00,729.0351599881606,stop,-1.0,-1.0933769579602175
QQQ,2026-07-01 10:30:00,rug_control,730.0,2026-07-01 10:41:00,728.76,2026-07-01 11:20:00,730.9648400118394,stop,-1.0,-1.0661054766864477
QQQ,2026-07-01 11:30:00,reverse_rug_control,730.0,2026-07-01 11:42:00,730.78,2026-07-01 11:55:00,729.0351599881606,stop,-1.0,-1.083764699919921
QQQ,2026-07-01 12:00:00,rug_control,730.0,2026-07-01 12:03:00,729.51,2026-07-01 15:57:00,725.1454799644816,target,3.0,2.899712683997791
QQQ,2026-07-01 12:00:00,reverse_rug_control,729.0,2026-07-01 12:11:00,729.5,2026-07-01 12:56:00,728.036481686807,stop,-1.0,-1.0996912704711435
QQQ,2026-07-01 13:00:00,reverse_rug_control,727.0,2026-07-01 13:07:00,727.75,2026-07-01 14:47:00,726.0391250840996,stop,-1.0,-1.0850734315216737
QQQ,2026-07-02 10:00:00,rug_control,731.0,2026-07-02 10:04:00,729.99,2026-07-02 10:27:00,724.0615148685429,target,3.0,2.926120418574391
QQQ,2026-07-02 10:00:00,reverse_rug_control,729.0,2026-07-02 10:13:00,729.67,2026-07-02 10:16:00,728.036481686807,stop,-1.0,-1.089337229231759
QQQ,2026-07-02 10:30:00,rug_control,723.0,2026-07-02 10:32:00,722.26,2026-07-02 11:04:00,717.1732356360552,target,3.0,2.9148071408474023
QQQ,2026-07-02 11:30:00,rug_control,719.0,2026-07-02 11:39:00,718.48,2026-07-02 12:03:00,714.0690960198117,target,3.0,2.902267652631696
QQQ,2026-07-02 12:00:00,reverse_rug_control,714.0,2026-07-02 12:03:00,714.69,2026-07-02 12:22:00,713.0563071665023,stop,-1.0,-1.0874938036509387
QQQ,2026-07-02 12:30:00,reverse_rug_control,710.0,2026-07-02 12:58:00,710.59,2026-07-02 13:04:00,709.0615939610877,stop,-1.0,-1.0929844533335786
QQQ,2026-07-02 13:00:00,rug_control,711.0,2026-07-02 13:09:00,710.47,2026-07-02 14:31:00,711.9397277375587,stop,-1.0,-1.096680491473906
QQQ,2026-07-02 14:00:00,reverse_rug_control,708.0,2026-07-02 14:04:00,708.85,2026-07-02 15:59:00,712.74,close,2.1783410120350135,2.098951961835475
QQQ,2026-07-02 15:00:00,rug_control,711.0,2026-07-02 15:04:00,709.44,2026-07-02 15:50:00,711.9397277375587,stop,-1.0,-1.0567613815969321
QQQ,2026-07-06 11:00:00,rug_control,725.0,2026-07-06 11:04:00,724.47,2026-07-06 12:09:00,725.9582315186076,stop,-1.0,-1.0973598517356813
QQQ,2026-07-06 12:30:00,rug,725.0,2026-07-06 12:35:00,724.45,2026-07-06 15:59:00,722.63,close,1.206711289046884,1.1106451359315006
QQQ,2026-07-06 13:30:00,reverse_rug_control,721.0,2026-07-06 13:43:00,721.51,2026-07-06 15:59:00,722.63,close,0.7655791648235788,0.6669411249643183
QQQ,2026-07-07 10:00:00,reverse_rug_control,710.0,2026-07-07 10:05:00,710.52,2026-07-07 10:12:00,709.0615939610877,stop,-1.0,-1.0974378850666229
QQQ,2026-07-07 10:30:00,reverse_rug_control,706.0,2026-07-07 10:36:00,706.7,2026-07-07 10:42:00,705.0668807556731,stop,-1.0,-1.086546037890974
QQQ,2026-07-07 12:30:00,reverse_rug,712.0,2026-07-07 12:44:00,712.56,2026-07-07 14:42:00,711.058950563795,stop,-1.0,-1.0949415765814507
QQQ,2026-07-07 15:00:00,reverse_rug_control,707.0,2026-07-07 15:22:00,707.58,2026-07-07 15:59:00,709.49,close,1.2611914705965002,1.167747087270355
QQQ,2026-07-08 10:30:00,reverse_rug_control,706.0,2026-07-08 10:37:00,707.11,2026-07-08 10:47:00,705.0668807556731,stop,-1.0,-1.069218671593781
QQQ,2026-07-08 12:30:00,reverse_rug_control,707.0,2026-07-08 12:40:00,708.13,2026-07-08 15:59:00,711.34,close,1.5549003767465581,1.4862977846103882
QQQ,2026-07-08 13:30:00,rug_control,711.0,2026-07-08 13:38:00,710.39,2026-07-08 15:57:00,711.9397277375587,stop,-1.0,-1.0916793295729608
QQQ,2026-07-09 10:30:00,rug_control,719.0,2026-07-09 10:37:00,718.51,2026-07-09 10:58:00,719.9503013267295,stop,-1.0,-1.0997721777610996
QQQ,2026-07-09 10:30:00,reverse_rug_control,718.0,2026-07-09 10:35:00,718.87,2026-07-09 15:59:00,723.2,close,2.380455466982297,2.3014144498206552
QQQ,2026-07-10 10:30:00,reverse_rug_control,721.0,2026-07-10 10:36:00,721.56,2026-07-10 10:56:00,720.0470552759778,stop,-1.0,-1.0953848463256106
QQQ,2026-07-10 11:00:00,reverse_rug_control,720.0,2026-07-10 11:07:00,720.8,2026-07-10 13:37:00,726.0548690761274,target,3.0,2.9176991864621833
QQQ,2026-07-13 10:00:00,reverse_rug_control,716.0,2026-07-13 10:24:00,716.73,2026-07-13 11:51:00,715.0536637692096,stop,-1.0,-1.0855114847290575
QQQ,2026-07-13 12:00:00,rug_control,716.0,2026-07-13 12:12:00,715.39,2026-07-13 15:23:00,710.7209913076288,target,3.0,2.908067423240969
QQQ,2026-07-13 12:30:00,reverse_rug_control,713.0,2026-07-13 12:42:00,713.72,2026-07-13 12:50:00,712.0576288651487,stop,-1.0,-1.0858677084842212
QQQ,2026-07-14 10:30:00,rug_control,720.0,2026-07-14 10:35:00,719.38,2026-07-14 11:08:00,720.9516230253759,stop,-1.0,-1.0915461263146051
QQQ,2026-07-14 11:30:00,reverse_rug_control,720.0,2026-07-14 11:44:00,720.78,2026-07-14 12:00:00,719.0483769746241,stop,-1.0,-1.0832490662733667
QQQ,2026-07-14 12:00:00,reverse_rug_control,718.0,2026-07-14 12:05:00,718.5,2026-07-14 15:59:00,719.75,close,0.8626760347580559,0.7635027978022698
QQQ,2026-07-14 14:00:00,rug_control,722.0,2026-07-14 14:24:00,721.33,2026-07-14 15:59:00,719.75,close,0.9727468215493132,0.8839276487913198
QQQ,2026-07-15 10:00:00,rug_control,722.0,2026-07-15 10:09:00,721.51,2026-07-15 10:24:00,717.1772007319944,target,3.0,2.900086301436423
QQQ,2026-07-15 10:30:00,rug_control,718.0,2026-07-15 10:32:00,716.99,2026-07-15 12:24:00,711.1130611157505,target,3.0,2.926799647150842
QQQ,2026-07-15 14:00:00,rug_control,718.0,2026-07-15 14:16:00,717.41,2026-07-15 15:59:00,717.68,close,-0.17544091882247,-0.26867282220946015
QQQ,2026-07-16 14:00:00,rug_control,707.0,2026-07-16 14:03:00,706.44,2026-07-16 14:22:00,707.9344409429732,stop,-1.0,-1.0945423776458587
QQQ,2026-07-16 14:30:00,rug_control,707.0,2026-07-16 14:35:00,706.41,2026-07-16 15:59:00,705.99,close,0.2755108368978875,0.18283292723452768
QQQ,2026-07-16 14:30:00,reverse_rug_control,706.0,2026-07-16 14:44:00,706.5,2026-07-16 15:08:00,705.0668807556731,stop,-1.0,-1.0985961221017329
QQQ,2026-07-17 10:00:00,rug_control,695.0,2026-07-17 10:04:00,694.35,2026-07-17 10:06:00,695.9185805592169,stop,-1.0,-1.0885322715393901
QQQ,2026-07-17 10:30:00,rug_control,698.0,2026-07-17 10:42:00,697.191,2026-07-17 11:55:00,698.922545655156,stop,-1.0,-1.0805281683360755
QQQ,2026-07-17 10:30:00,reverse_rug_control,695.0,2026-07-17 10:55:00,696.37,2026-07-17 11:00:00,694.0814194407831,stop,-1.0,-1.060856061823602
QQQ,2026-07-17 11:30:00,reverse_rug_control,695.0,2026-07-17 11:32:00,695.57,2026-07-17 12:00:00,700.035741677651,target,3.0,2.9065458707366325
QQQ,2026-07-17 12:00:00,reverse_rug_control,699.0,2026-07-17 12:10:00,699.59,2026-07-17 12:23:00,698.0761326461976,stop,-1.0,-1.0924242138180493
QQQ,2026-07-17 14:30:00,reverse_rug_control,697.0,2026-07-17 14:48:00,697.63,2026-07-17 15:11:00,696.0787760434903,stop,-1.0,-1.0899457485906394
QQQ,2026-07-20 11:00:00,rug,701.0,2026-07-20 11:11:00,699.79,2026-07-20 11:53:00,701.9265107510951,stop,-1.0,-1.0655077443107939
QQQ,2026-07-20 11:30:00,reverse_rug_control,701.0,2026-07-20 11:42:00,701.62,2026-07-20 13:05:00,700.0734892489049,stop,-1.0,-1.0907358709925798
QQQ,2026-07-20 13:00:00,rug_control,701.0,2026-07-20 13:02:00,700.38,2026-07-20 15:55:00,695.7404677467148,target,3.0,2.9094244900005943
QQQ,2026-07-20 14:00:00,reverse_rug_control,700.0,2026-07-20 14:09:00,700.9,2026-07-20 14:34:00,699.0748109475512,stop,-1.0,-1.0768030028516375
QQQ,2026-07-21 10:00:00,reverse_rug_control,704.0,2026-07-21 10:18:00,704.93,2026-07-21 15:59:00,708.98,close,2.1768624443345854,2.1010829064143506
QQQ,2026-07-21 10:30:00,rug_control,707.0,2026-07-21 10:37:00,706.5,2026-07-21 11:09:00,707.9344409429732,stop,-1.0,-1.0985052753075526
QQQ,2026-07-21 12:00:00,rug_control,709.0,2026-07-21 12:13:00,708.5,2026-07-21 13:50:00,709.937084340266,stop,-1.0,-1.0986024243878223
QQQ,2026-07-21 14:00:00,rug_control,710.0,2026-07-21 14:14:00,709.47,2026-07-21 15:59:00,708.98,close,0.33369516810417843,0.23706385752668166
QQQ,2026-07-22 10:00:00,reverse_rug,707.0,2026-07-22 10:04:00,707.57,2026-07-22 10:41:00,706.0655590570268,stop,-1.0,-1.0940641775677309
QQQ,2026-07-22 10:30:00,rug_control,707.0,2026-07-22 10:41:00,705.96,2026-07-22 11:03:00,707.9344409429732,stop,-1.0,-1.0715098623245676
QQQ,2026-07-22 12:30:00,reverse_rug_control,708.0,2026-07-22 12:51:00,708.54,2026-07-22 13:55:00,707.0642373583804,stop,-1.0,-1.096023571815373
QQQ,2026-07-22 13:30:00,rug_control,709.0,2026-07-22 13:32:00,708.49,2026-07-22 15:59:00,705.25,close,2.2389849090651466,2.1410652536192476
QQQ,2026-07-23 11:30:00,reverse_rug,688.0,2026-07-23 11:32:00,688.97,2026-07-23 12:38:00,694.6079860060777,target,3.0,2.926679136919747
QQQ,2026-07-23 13:30:00,rug,693.0,2026-07-23 13:32:00,692.05,2026-07-23 15:59:00,691.88,close,0.0911070337570431,0.016929830566952676
QQQ,2026-07-24 10:00:00,reverse_rug_control,685.0,2026-07-24 10:19:00,685.46,2026-07-24 10:39:00,684.0946364272467,stop,-1.0,-1.1004069558729632
QQQ,2026-07-24 10:30:00,rug_control,686.0,2026-07-24 10:32:00,685.48,2026-07-24 10:57:00,686.9066852713997,stop,-1.0,-1.0960940739687426
QQQ,2026-07-24 11:00:00,rug_control,690.0,2026-07-24 11:17:00,689.26,2026-07-24 11:39:00,690.9119720659852,stop,-1.0,-1.083446931602798
QQQ,2026-07-24 11:00:00,reverse_rug_control,686.0,2026-07-24 11:10:00,687.6,2026-07-24 14:31:00,685.0933147286003,stop,-1.0,-1.0548612949415892
QQQ,2026-07-24 12:00:00,rug_control,692.0,2026-07-24 12:06:00,691.49,2026-07-24 14:18:00,687.2161536101664,target,3.0,2.902922575554674
QQQ,2026-07-24 13:00:00,reverse_rug,689.0,2026-07-24 13:27:00,689.79,2026-07-24 14:06:00,688.0893496326612,stop,-1.0,-1.0811207304273136
QQQ,2026-07-24 15:00:00,rug_control,685.0,2026-07-24 15:02:00,684.32,2026-07-24 15:59:00,684.21,close,0.06938471521013762,-0.016945008994581456
QQQ,2026-07-24 15:00:00,reverse_rug_control,684.0,2026-07-24 15:05:00,684.58,2026-07-24 15:08:00,683.0959581258929,stop,-1.0,-1.0922588522526546
QQQ,2026-07-27 10:30:00,reverse_rug_control,677.0,2026-07-27 10:45:00,677.47,2026-07-27 10:59:00,681.5643699507477,target,3.0,2.9007217215616365
QQQ,2026-07-27 11:00:00,rug_control,682.0,2026-07-27 11:06:00,681.21,2026-07-27 15:10:00,682.9013984768143,stop,-1.0,-1.0805499129079343
QQQ,2026-07-27 11:00:00,reverse_rug_control,681.0,2026-07-27 11:05:00,681.95,2026-07-27 11:15:00,680.099923221832,stop,-1.0,-1.073721264765592
QQQ,2026-07-27 11:30:00,reverse_rug_control,677.0,2026-07-27 11:38:00,677.5,2026-07-27 12:25:00,681.6843699507476,target,3.0,2.902852758053247
QQQ,2026-07-27 12:30:00,reverse_rug_control,681.0,2026-07-27 12:39:00,681.46,2026-07-27 12:50:00,680.099923221832,stop,-1.0,-1.100209048627078
QQQ,2026-07-27 13:00:00,reverse_rug_control,677.0,2026-07-27 13:19:00,677.45,2026-07-27 14:55:00,681.4843699507478,target,3.0,2.899248208527663
QQQ,2026-07-28 10:00:00,rug_control,671.0,2026-07-28 10:08:00,670.04,2026-07-28 10:41:00,671.8868597917044,stop,-1.0,-1.0725599206837058
QQQ,2026-07-28 15:00:00,reverse_rug,677.0,2026-07-28 15:22:00,677.7,2026-07-28 15:45:00,676.1052100164175,stop,-1.0,-1.08498924710796
QQQ,2026-07-29 10:30:00,reverse_rug,667.0,2026-07-29 10:52:00,667.93,2026-07-29 11:43:00,666.118427002881,stop,-1.0,-1.073740335174157
QQQ,2026-07-29 12:30:00,reverse_rug,665.0,2026-07-29 12:45:00,665.45,2026-07-29 13:04:00,669.436788799479,target,3.0,2.8998517302817293
QQQ,2026-07-29 14:00:00,reverse_rug_control,673.0,2026-07-29 14:02:00,673.7,2026-07-29 14:18:00,672.1104968110029,stop,-1.0,-1.0847686251482214
QQQ,2026-07-29 14:30:00,rug,673.0,2026-07-29 14:32:00,671.64,2026-07-29 14:38:00,673.8895031889971,stop,-1.0,-1.059714518591053
QQQ,2026-07-30 10:00:00,reverse_rug_control,680.0,2026-07-30 10:12:00,680.5,2026-07-30 10:55:00,679.1012449204784,stop,-1.0,-1.0973008084063922
QQQ,2026-07-30 11:00:00,rug_control,680.0,2026-07-30 11:11:00,678.97,2026-07-30 11:46:00,680.8987550795216,stop,-1.0,-1.0704049992877702
QQQ,2026-07-30 12:30:00,reverse_rug,680.0,2026-07-30 12:51:00,680.82,2026-07-30 15:59:00,683.61,close,1.6232679299347543,1.5440454731563893
QQQ,2026-07-31 10:30:00,rug_control,685.0,2026-07-31 10:32:00,684.25,2026-07-31 10:49:00,685.9053635727533,stop,-1.0,-1.082670660544003
QQQ,2026-07-31 11:00:00,reverse_rug_control,685.0,2026-07-31 11:02:00,685.53,2026-07-31 11:11:00,684.0946364272467,stop,-1.0,-1.0955200498344841
QQQ,2026-07-31 11:30:00,rug_control,683.0,2026-07-31 11:41:00,682.411,2026-07-31 11:51:00,683.9027201754607,stop,-1.0,-1.0914931649012836
QQQ,2026-07-31 12:00:00,reverse_rug_control,685.0,2026-07-31 12:13:00,685.47,2026-07-31 13:27:00,689.5960907182601,target,3.0,2.9003216293379444
QQQ,2026-07-31 13:30:00,rug_control,690.0,2026-07-31 13:39:00,689.2,2026-07-31 15:59:00,687.93,close,0.741834534122072,0.6613192016942148
QQQ,2026-07-31 13:30:00,reverse_rug_control,689.0,2026-07-31 13:33:00,689.84,2026-07-31 14:11:00,688.0893496326612,stop,-1.0,-1.0788095684746724
QQQ,2026-07-31 15:00:00,reverse_rug_control,689.0,2026-07-31 15:18:00,689.59,2026-07-31 15:59:00,688.0893496326612,stop,-1.0,-1.0919054851161472
QQQ,2026-08-03 10:00:00,reverse_rug_control,692.0,2026-08-03 10:11:00,692.83,2026-08-03 12:16:00,698.0638463898338,target,3.0,2.9205750476728825
QQQ,2026-08-03 11:30:00,rug_control,698.0,2026-08-03 11:56:00,697.46,2026-08-03 13:11:00,698.922545655156,stop,-1.0,-1.0953761679221732
QQQ,2026-08-03 12:30:00,reverse_rug,698.0,2026-08-03 12:33:00,698.48,2026-08-03 15:59:00,700.08,close,1.1407828287928636,1.04118108001096
QQQ,2026-08-04 14:00:00,rug_control,723.0,2026-08-04 14:04:00,722.34,2026-08-04 14:30:00,723.9555881213149,stop,-1.0,-1.0894213061447995
QQQ,2026-08-04 14:30:00,reverse_rug_control,723.0,2026-08-04 14:45:00,723.57,2026-08-04 15:59:00,723.68,close,0.07210334064812092,-0.022754503338803276
QQQ,2026-08-05 10:00:00,reverse_rug_control,725.0,2026-08-05 10:03:00,725.75,2026-08-05 10:30:00,724.0417684813924,stop,-1.0,-1.0849709178286995
QQQ,2026-08-05 11:30:00,reverse_rug_control,720.0,2026-08-05 11:58:00,720.69,2026-08-05 15:56:00,719.0483769746241,stop,-1.0,-1.0878021310446682
QQQ,2026-08-05 12:00:00,rug_control,722.0,2026-08-05 12:23:00,721.11,2026-08-05 15:59:00,717.28,close,2.0767064632984678,1.9985062649825858
QQQ,2026-08-06 11:30:00,reverse_rug_control,716.0,2026-08-06 11:35:00,716.56,2026-08-06 11:59:00,715.0536637692096,stop,-1.0,-1.095139449659793
QQQ,2026-08-06 12:00:00,rug_control,716.0,2026-08-06 12:09:00,715.3,2026-08-06 15:59:00,714.57,close,0.4434088167089762,0.3565128368207647
QQQ,2026-08-07 10:00:00,reverse_rug_control,717.0,2026-08-07 10:13:00,717.48,2026-08-07 11:23:00,721.7629737883104,target,3.0,2.899488528000116
QQQ,2026-08-07 10:30:00,rug_control,721.0,2026-08-07 10:33:00,720.49,2026-08-07 11:23:00,721.9529447240222,stop,-1.0,-1.0984985950828103
QQQ,2026-08-07 14:00:00,reverse_rug_control,720.0,2026-08-07 14:18:00,720.54,2026-08-07 15:59:00,722.99,close,1.6425061549199174,1.545894613298205
QQQ,2026-08-07 14:30:00,rug_control,720.0,2026-08-07 14:44:00,719.3,2026-08-07 15:01:00,720.9516230253759,stop,-1.0,-1.087102200556485
QQQ,2026-08-10 10:00:00,rug_control,724.0,2026-08-10 10:08:00,723.5,2026-08-10 15:59:00,720.8,close,1.85323756007887,1.7539177545442746
QQQ,2026-08-10 11:00:00,reverse_rug_control,721.0,2026-08-10 11:27:00,721.65,2026-08-10 15:59:00,720.8,close,-0.530274055781002,-0.6203145904526136
QQQ,2026-08-11 10:30:00,reverse_rug_control,721.0,2026-08-11 10:33:00,721.53,2026-08-11 11:15:00,720.0470552759778,stop,-1.0,-1.097310437578952
QQQ,2026-08-11 11:00:00,rug_control,722.0,2026-08-11 11:05:00,721.29,2026-08-11 14:29:00,716.2972007319943,target,3.0,2.9133203686410436
QQQ,2026-08-11 11:30:00,reverse_rug_control,719.0,2026-08-11 11:37:00,719.61,2026-08-11 12:46:00,718.0496986732705,stop,-1.0,-1.0922398754230846
QQQ,2026-08-12 11:30:00,reverse_rug_control,723.0,2026-08-12 11:36:00,723.83,2026-08-12 15:59:00,723.66,close,-0.09520672655174243,-0.17628141464576388
QQQ,2026-08-13 11:30:00,reverse_rug_control,731.0,2026-08-13 11:42:00,731.55,2026-08-13 11:52:00,730.0338382895143,stop,-1.0,-1.096500260485494
QQQ,2026-08-13 15:00:00,rug_control,734.0,2026-08-13 15:12:00,733.3,2026-08-13 15:59:00,732.04,close,0.7544337323087568,0.6666200408957385
QQQ,2026-08-14 10:00:00,rug,734.0,2026-08-14 10:08:00,733.43,2026-08-14 11:24:00,728.8096195807254,target,3.0,2.904757193116774
QQQ,2026-08-14 12:00:00,reverse_rug_control,729.0,2026-08-14 12:12:00,729.53,2026-08-14 15:59:00,731.03,close,1.0043398776899635,0.9066470682271422
QQQ,2026-08-14 12:30:00,rug_control,730.0,2026-08-14 12:32:00,729.37,2026-08-14 15:59:00,730.9648400118394,stop,-1.0,-1.091466227908186
QQQ,2026-08-17 10:00:00,reverse_rug_control,732.0,2026-08-17 10:10:00,732.88,2026-08-17 13:14:00,731.0325165908679,stop,-1.0,-1.0793381955558978
QQQ,2026-08-18 10:00:00,rug_control,720.0,2026-08-18 10:05:00,718.96,2026-08-18 15:59:00,717.58,close,0.6929022121239996,0.6207038100328878
QQQ,2026-08-18 10:00:00,reverse_rug_control,718.0,2026-08-18 10:18:00,718.8,2026-08-18 10:54:00,717.0510203719168,stop,-1.0,-1.0821964977131036
QQQ,2026-08-18 11:30:00,reverse_rug_control,718.0,2026-08-18 11:46:00,718.49,2026-08-18 14:00:00,717.0510203719168,stop,-1.0,-1.0998610384716947
QQQ,2026-08-18 15:00:00,reverse_rug_control,717.0,2026-08-18 15:08:00,717.49,2026-08-18 15:59:00,717.58,close,0.06260181796881922,-0.037211911752141266
QQQ,2026-08-19 10:00:00,reverse_rug,713.0,2026-08-19 10:15:00,713.65,2026-08-19 10:59:00,718.4271134045539,target,3.0,2.9103663732178062
QQQ,2026-08-19 12:00:00,rug,719.0,2026-08-19 12:27:00,718.38,2026-08-19 15:59:00,716.12,close,1.4392142205642744,1.3477184053634808
QQQ,2026-08-19 13:30:00,reverse_rug,716.0,2026-08-19 13:42:00,716.53,2026-08-19 15:59:00,716.12,close,-0.27771451478940673,-0.37478318858553794
QQQ,2026-08-20 14:30:00,reverse_rug,709.0,2026-08-20 14:48:00,709.59,2026-08-20 15:59:00,710.95,close,0.890586043049269,0.7976520797717214
QQQ,2026-08-24 11:30:00,rug,709.0,2026-08-24 11:48:00,708.27,2026-08-24 15:59:00,706.28,close,1.1937008536007743,1.1087297477133555
QQQ,2026-08-25 10:00:00,reverse_rug,710.0,2026-08-25 10:05:00,710.51,2026-08-25 10:30:00,709.0615939610877,stop,-1.0,-1.0981092291680294
QQQ,2026-08-25 11:00:00,reverse_rug,709.0,2026-08-25 11:11:00,709.6,2026-08-25 15:59:00,710.63,close,0.6700998592059837,0.5777692067608228
QQQ,2026-08-25 12:00:00,rug_control,711.0,2026-08-25 12:13:00,710.53,2026-08-25 15:59:00,710.63,close,-0.07093568306544017,-0.17173954484239168
QQQ,2026-08-26 15:00:00,rug_control,713.0,2026-08-26 15:09:00,712.51,2026-08-26 15:59:00,711.35,close,0.8098459762108807,0.7103591906057032
QQQ,2026-08-27 13:30:00,rug_control,720.0,2026-08-27 13:44:00,719.5,2026-08-27 15:57:00,720.9516230253759,stop,-1.0,-1.0991304198710554
QQQ,2026-08-27 15:00:00,reverse_rug_control,718.0,2026-08-27 15:04:00,718.53,2026-08-27 15:59:00,721.055,close,1.7072581339558617,1.6100924953822922
QQQ,2026-08-28 13:00:00,reverse_rug,715.0,2026-08-28 13:08:00,715.75,2026-08-28 15:59:00,716.46,close,0.41887546480319526,0.33442191158266804
QQQ,2026-08-28 15:00:00,rug_control,716.0,2026-08-28 15:06:00,715.51,2026-08-28 15:50:00,716.9463362307904,stop,-1.0,-1.0996298756045806
QQQ,2026-08-31 10:30:00,rug_control,715.0,2026-08-31 10:38:00,714.35,2026-08-31 15:42:00,715.9450145321441,stop,-1.0,-1.089572851607783
QQQ,2026-09-01 10:30:00,reverse_rug_control,709.0,2026-09-01 10:32:00,709.52,2026-09-01 12:34:00,708.062915659734,stop,-1.0,-1.097389009049468
QQQ,2026-09-01 11:30:00,reverse_rug,710.0,2026-09-01 11:36:00,710.62,2026-09-01 12:20:00,709.0615939610877,stop,-1.0,-1.0911983118977127
QQQ,2026-09-01 13:00:00,reverse_rug_control,708.0,2026-09-01 13:12:00,708.5,2026-09-01 13:25:00,707.0642373583804,stop,-1.0,-1.0986931933541308
QQQ,2026-09-01 14:30:00,reverse_rug_control,706.0,2026-09-01 14:59:00,706.5,2026-09-01 15:59:00,707.67,close,0.816401011033429,0.717804888931696
QQQ,2026-09-03 11:30:00,rug,718.0,2026-09-03 11:33:00,717.4,2026-09-03 15:59:00,717.61,close,-0.13557311935722655,-0.2282018391923289
QQQ,2026-09-03 13:30:00,reverse_rug_control,717.0,2026-09-03 13:40:00,717.48,2026-09-03 15:59:00,717.61,close,0.09105822712817419,-0.009453244871709978
QQQ,2026-09-03 14:00:00,rug_control,719.0,2026-09-03 14:07:00,718.47,2026-09-03 15:59:00,717.61,close,0.5809627975542602,0.4838920205405851
QQQ,2026-09-04 10:00:00,reverse_rug_control,720.0,2026-09-04 10:14:00,720.88,2026-09-04 10:26:00,719.0483769746241,stop,-1.0,-1.0787148872898753
QQQ,2026-09-04 13:30:00,rug_control,717.5,2026-09-04 13:41:00,716.855,2026-09-04 15:36:00,718.4483187787599,stop,-1.0,-1.089982621124686
QQQ,2026-09-04 14:30:00,reverse_rug,717.5,2026-09-04 14:49:00,717.99,2026-09-04 15:59:00,719.05,close,0.7369715362500083,0.6371341412854478
QQQ,2026-09-08 11:00:00,rug,720.0,2026-09-08 11:22:00,719.48,2026-09-08 15:59:00,718.37,close,0.7542692529675075,0.6564887769089389
QQQ,2026-09-08 11:30:00,rug_control,721.0,2026-09-08 11:47:00,720.31,2026-09-08 15:59:00,718.37,close,1.1808066160925867,1.0931213775732387
QQQ,2026-09-08 11:30:00,reverse_rug_control,720.0,2026-09-08 11:41:00,720.75,2026-09-08 12:20:00,719.0483769746241,stop,-1.0,-1.0847132401538586
QQQ,2026-09-09 11:30:00,reverse_rug,715.0,2026-09-09 11:33:00,715.68,2026-09-09 15:59:00,716.32,close,0.3938426317675302,0.30575972717273586
QQQ,2026-09-09 12:30:00,rug_control,717.0,2026-09-09 12:59:00,716.41,2026-09-09 15:59:00,716.32,close,0.058530573202897916,-0.03465140001560482
QQQ,2026-09-10 11:30:00,rug_control,712.0,2026-09-10 11:38:00,711.34,2026-09-10 15:59:00,708.64,close,1.6863938982420694,1.5975346807920328
QQQ,2026-09-10 12:30:00,reverse_rug_control,709.0,2026-09-10 12:37:00,709.59,2026-09-10 15:59:00,708.64,close,-0.6221005447770864,-0.7150345080546342
QQQ,2026-09-10 14:30:00,rug,710.0,2026-09-10 14:58:00,709.5,2026-09-10 15:59:00,708.64,close,0.5978840304719206,0.4992331654440552
QQQ,2026-09-11 10:00:00,rug_control,717.0,2026-09-11 10:02:00,716.08,2026-09-11 15:59:00,714.85,close,0.658578843916544,0.5818967075666656
QQQ,2026-09-11 10:00:00,reverse_rug_control,715.0,2026-09-11 10:18:00,715.62,2026-09-11 10:46:00,714.0549854678559,stop,-1.0,-1.0914521859448267
QQQ,2026-09-11 13:00:00,reverse_rug_control,716.0,2026-09-11 13:10:00,716.55,2026-09-11 15:59:00,715.0536637692096,stop,-1.0,-1.095773929048223
QQQ,2026-09-14 10:00:00,reverse_rug_control,706.0,2026-09-14 10:06:00,707.02,2026-09-14 10:36:00,705.0668807556731,stop,-1.0,-1.072399061353129
QQQ,2026-09-14 10:30:00,rug,706.0,2026-09-14 10:35:00,705.26,2026-09-14 11:05:00,706.9331192443269,stop,-1.0,-1.0843048099998056
QQQ,2026-09-14 11:00:00,rug_control,706.0,2026-09-14 11:04:00,705.32,2026-09-14 11:05:00,706.9331192443269,stop,-1.0,-1.0874479679639952
QQQ,2026-09-16 10:30:00,rug,710.0,2026-09-16 10:51:00,709.52,2026-09-16 11:00:00,710.9384060389123,stop,-1.0,-1.1000446953178658
QQQ,2026-09-16 11:30:00,rug_control,711.0,2026-09-16 11:41:00,710.51,2026-09-16 14:36:00,706.220816787324,target,3.0,2.9006090486552027
QQQ,2026-09-16 12:00:00,reverse_rug_control,710.0,2026-09-16 12:17:00,710.56,2026-09-16 13:41:00,709.0615939610877,stop,-1.0,-1.094842116428714
QQQ,2026-09-16 13:00:00,rug,710.0,2026-09-16 13:23:00,709.47,2026-09-16 14:00:00,710.9384060389123,stop,-1.0,-1.0966313105774967
QQQ,2026-09-16 14:00:00,rug,710.0,2026-09-16 14:25:00,709.3,2026-09-16 14:57:00,704.384781883263,target,3.0,2.9134158464807802
QQQ,2026-09-17 10:00:00,rug_control,715.0,2026-09-17 10:07:00,714.24,2026-09-17 10:14:00,715.9450145321441,stop,-1.0,-1.0837811040943826
QQQ,2026-09-22 13:30:00,reverse_rug_control,745.0,2026-09-22 13:45:00,745.5,2026-09-22 15:59:00,747.49,close,1.340369269270784,1.2399426069349686
QQQ,2026-09-22 15:00:00,reverse_rug,746.0,2026-09-22 15:06:00,746.54,2026-09-22 15:59:00,747.49,close,0.6225478209206698,0.5247042735038079
QQQ,2026-09-24 14:00:00,rug,740.0,2026-09-24 14:20:00,739.45,2026-09-24 14:38:00,740.9780569983029,stop,-1.0,-1.0967830389600999
QQQ,2026-09-24 14:30:00,reverse_rug_control,740.0,2026-09-24 14:38:00,741.0,2026-09-24 15:59:00,741.06,close,0.0303327963003203,-0.04458921056153898
QQQ,2026-09-25 11:30:00,reverse_rug,742.0,2026-09-25 11:57:00,742.55,2026-09-25 15:59:00,744.45,close,1.2412618468428123,1.1442409011193297
QQQ,2026-09-25 12:00:00,rug,745.0,2026-09-25 12:20:00,744.21,2026-09-25 15:59:00,744.45,close,-0.1352367537120794,-0.21910720744546508
QQQ,2026-09-28 11:00:00,reverse_rug,733.0,2026-09-28 11:03:00,733.72,2026-09-28 12:26:00,738.7864153233356,target,3.0,2.9131077947809927
QQQ,2026-09-28 12:00:00,rug,736.0,2026-09-28 12:12:00,735.45,2026-09-28 12:16:00,736.9727702037176,stop,-1.0,-1.0965936945974581
QQQ,2026-09-29 10:00:00,rug_control,740.0,2026-09-29 10:28:00,739.02,2026-09-29 15:59:00,737.98,close,0.53113877731922,0.4556537428549
SPXW,2026-07-01 13:00:00,reverse_rug_control,7500.0,2026-07-01 13:12:00,7504.88,2026-07-01 14:53:00,7493.931566271282,stop,-1.0,-1.1370950436556808
SPXW,2026-07-01 14:30:00,rug,7500.0,2026-07-01 14:47:00,7495.57,2026-07-01 15:59:00,7485.02,close,1.0049118061429938,0.8621177438345244
SPXW,2026-07-02 10:00:00,reverse_rug_control,7525.0,2026-07-02 10:11:00,7533.29,2026-07-02 10:27:00,7518.911338158853,stop,-1.0,-1.1047842988899328
SPXW,2026-07-02 11:30:00,reverse_rug_control,7470.0,2026-07-02 11:58:00,7474.21,2026-07-02 12:20:00,7463.955840006197,stop,-1.0,-1.1457790790180158
SPXW,2026-07-02 12:30:00,reverse_rug_control,7450.0,2026-07-02 12:39:00,7453.28,2026-07-02 13:01:00,7443.97202249614,stop,-1.0,-1.1601482168797572
SPXW,2026-07-02 13:30:00,reverse_rug_control,7430.0,2026-07-02 13:49:00,7433.23,2026-07-02 14:33:00,7460.955385041748,target,3.0,2.83913882554618
SPXW,2026-07-02 15:00:00,reverse_rug_control,7440.0,2026-07-02 15:07:00,7446.69,2026-07-02 15:59:00,7477.63,close,2.4343254825245735,2.3171459917200448
SPXW,2026-07-06 10:30:00,reverse_rug_control,7520.0,2026-07-06 10:43:00,7523.27,2026-07-06 15:59:00,7538.34,close,1.610969349008198,1.4501231993822772
SPXW,2026-07-07 10:00:00,reverse_rug_control,7510.0,2026-07-07 10:06:00,7515.23,2026-07-07 10:11:00,7503.92347502631,stop,-1.0,-1.1329361588549671
SPXW,2026-07-07 10:30:00,reverse_rug_control,7490.0,2026-07-07 10:33:00,7493.26,2026-07-07 10:41:00,7483.939657516254,stop,-1.0,-1.1607936621013066
SPXW,2026-07-07 11:00:00,reverse_rug_control,7485.0,2026-07-07 11:02:00,7489.0,2026-07-07 13:05:00,7519.168890583781,target,3.0,2.8510584939303105
SPXW,2026-07-07 11:30:00,rug_control,7500.0,2026-07-07 11:55:00,7495.92,2026-07-07 12:06:00,7506.068433728718,stop,-1.0,-1.1477256530490572
SPXW,2026-07-07 15:00:00,rug_control,7500.0,2026-07-07 15:07:00,7496.7,2026-07-07 15:59:00,7503.36,close,-0.710897914513057,-0.8709396080785269
SPXW,2026-07-07 15:00:00,reverse_rug_control,7490.0,2026-07-07 15:20:00,7493.06,2026-07-07 15:59:00,7503.36,close,1.1293435546258017,0.9650282339379376
SPXW,2026-07-08 10:00:00,reverse_rug_control,7460.0,2026-07-08 10:21:00,7470.9,2026-07-08 10:33:00,7453.963931251168,stop,-1.0,-1.0882247245307792
SPXW,2026-07-08 10:30:00,rug_control,7460.0,2026-07-08 10:35:00,7452.55,2026-07-08 12:40:00,7466.036068748832,stop,-1.0,-1.110522200928949
SPXW,2026-07-08 11:00:00,reverse_rug_control,7430.0,2026-07-08 11:18:00,7434.88,2026-07-08 11:26:00,7423.9882049860835,stop,-1.0,-1.1365225840277076
SPXW,2026-07-09 10:00:00,reverse_rug_control,7500.0,2026-07-09 10:13:00,7503.11,2026-07-09 10:15:00,7493.931566271282,stop,-1.0,-1.1634943438448273
SPXW,2026-07-13 10:30:00,reverse_rug_control,7540.0,2026-07-13 10:48:00,7547.06,2026-07-13 12:17:00,7533.899201291395,stop,-1.0,-1.1146899997044288
SPXW,2026-07-13 12:30:00,reverse_rug_control,7515.0,2026-07-13 12:37:00,7518.47,2026-07-13 15:28:00,7508.919429403824,stop,-1.0,-1.1574454620127181
SPXW,2026-07-15 10:00:00,rug_control,7580.0,2026-07-15 10:11:00,7575.78,2026-07-15 12:03:00,7544.720508934524,target,3.0,2.8536528499318337
SPXW,2026-07-15 11:00:00,reverse_rug_control,7555.0,2026-07-15 11:05:00,7559.19,2026-07-15 11:17:00,7548.887064423938,stop,-1.0,-1.146738566774372
SPXW,2026-07-15 12:00:00,reverse_rug_control,7540.0,2026-07-15 12:09:00,7544.95,2026-07-15 12:20:00,7533.899201291395,stop,-1.0,-1.1365503109585202
SPXW,2026-07-15 12:30:00,rug,7540.0,2026-07-15 12:47:00,7535.88,2026-07-15 13:06:00,7546.100798708605,stop,-1.0,-1.1474616654695595
SPXW,2026-07-15 13:30:00,reverse_rug_control,7555.0,2026-07-15 13:36:00,7558.11,2026-07-15 15:59:00,7572.2,close,1.5277131542120597,1.3638150127219024
SPXW,2026-07-16 14:00:00,rug,7540.0,2026-07-16 14:02:00,7536.8,2026-07-16 15:45:00,7508.897603874186,target,3.0,2.837932198381475
SPXW,2026-07-16 14:00:00,reverse_rug_control,7535.0,2026-07-16 14:16:00,7538.51,2026-07-16 14:40:00,7528.903246913881,stop,-1.0,-1.156941891447016
SPXW,2026-07-17 10:00:00,rug,7490.0,2026-07-17 10:07:00,7485.46,2026-07-17 10:17:00,7496.060342483746,stop,-1.0,-1.1412305312111866
SPXW,2026-07-20 10:00:00,reverse_rug_control,7470.0,2026-07-20 10:23:00,7476.18,2026-07-20 10:58:00,7463.955840006197,stop,-1.0,-1.1223180979926604
SPXW,2026-07-20 11:00:00,rug,7470.0,2026-07-20 11:05:00,7464.6,2026-07-20 11:08:00,7476.044159993803,stop,-1.0,-1.1304525627751143
SPXW,2026-07-20 13:30:00,rug_control,7470.0,2026-07-20 13:37:00,7466.64,2026-07-20 14:01:00,7476.044159993803,stop,-1.0,-1.158794405984595
SPXW,2026-07-20 14:30:00,reverse_rug_control,7460.0,2026-07-20 14:35:00,7464.94,2026-07-20 14:43:00,7453.963931251168,stop,-1.0,-1.1360221072010817
SPXW,2026-07-20 15:00:00,reverse_rug_control,7440.0,2026-07-20 15:16:00,7444.46,2026-07-20 15:59:00,7444.73,close,0.025763638395457103,-0.1163077508562322
SPXW,2026-07-23 10:00:00,reverse_rug,7420.0,2026-07-23 10:11:00,7423.41,2026-07-23 10:33:00,7413.996296231055,stop,-1.0,-1.1577149692024309
SPXW,2026-07-23 11:30:00,rug_control,7395.0,2026-07-23 11:43:00,7391.78,2026-07-23 11:58:00,7400.983475656516,stop,-1.0,-1.160630185288021
SPXW,2026-07-23 12:00:00,reverse_rug,7400.0,2026-07-23 12:02:00,7405.83,2026-07-23 14:01:00,7394.012478720998,stop,-1.0,-1.1253364360453333
SPXW,2026-07-23 14:30:00,rug_control,7400.0,2026-07-23 14:36:00,7395.37,2026-07-23 15:58:00,7405.987521279002,stop,-1.0,-1.1393050186699512
SPXW,2026-07-23 15:00:00,reverse_rug_control,7390.0,2026-07-23 15:17:00,7394.45,2026-07-23 15:46:00,7384.02056996597,stop,-1.0,-1.141799695206218
SPXW,2026-07-24 11:00:00,rug_control,7440.0,2026-07-24 11:12:00,7432.79,2026-07-24 11:15:00,7446.019886258889,stop,-1.0,-1.1123636266336938
SPXW,2026-07-24 12:00:00,rug_control,7460.0,2026-07-24 12:09:00,7456.71,2026-07-24 13:09:00,7428.7317937535045,target,3.0,2.840088890596394
SPXW,2026-07-24 13:00:00,reverse_rug_control,7430.0,2026-07-24 13:13:00,7433.06,2026-07-24 14:20:00,7423.9882049860835,stop,-1.0,-1.163871868546347
SPXW,2026-07-27 10:30:00,reverse_rug_control,7400.0,2026-07-27 10:35:00,7403.38,2026-07-27 10:41:00,7394.012478720998,stop,-1.0,-1.1580648664571511
SPXW,2026-07-27 12:00:00,rug_control,7400.0,2026-07-27 12:15:00,7396.68,2026-07-27 12:25:00,7405.987521279002,stop,-1.0,-1.15893984613685
SPXW,2026-07-27 12:30:00,reverse_rug,7410.0,2026-07-27 12:36:00,7413.47,2026-07-27 12:50:00,7404.004387476027,stop,-1.0,-1.1566400479889483
SPXW,2026-07-27 13:00:00,reverse_rug_control,7385.0,2026-07-27 13:07:00,7388.68,2026-07-27 15:09:00,7417.646153234636,target,3.0,2.846952131886842
SPXW,2026-07-27 14:00:00,rug_control,7400.0,2026-07-27 14:15:00,7396.33,2026-07-27 14:52:00,7405.987521279002,stop,-1.0,-1.1531724297844719
SPXW,2026-07-30 10:00:00,reverse_rug,7400.0,2026-07-30 10:11:00,7404.62,2026-07-30 10:48:00,7394.012478720998,stop,-1.0,-1.1396107498677899
SPXW,2026-07-31 11:00:00,reverse_rug,7440.0,2026-07-31 11:13:00,7444.74,2026-07-31 11:24:00,7433.980113741111,stop,-1.0,-1.1383795296878745
SPXW,2026-08-03 10:00:00,rug_control,7565.0,2026-08-03 10:13:00,7561.66,2026-08-03 10:23:00,7571.121026821033,stop,-1.0,-1.1598486114253281
SPXW,2026-08-03 10:00:00,reverse_rug_control,7555.0,2026-08-03 10:05:00,7559.49,2026-08-03 13:18:00,7591.298806728186,target,3.0,2.8574076029082573
SPXW,2026-08-04 15:00:00,rug,7755.0,2026-08-04 15:25:00,7750.86,2026-08-04 15:59:00,7735.6,close,1.4652281284726227,1.3163843789070417
SPXW,2026-08-05 10:30:00,reverse_rug,7765.0,2026-08-05 10:46:00,7769.09,2026-08-05 10:53:00,7758.717148279534,stop,-1.0,-1.1497966077095476
SPXW,2026-08-06 10:30:00,rug_control,7735.0,2026-08-06 10:58:00,7731.41,2026-08-06 12:01:00,7701.864266043344,target,3.0,2.8429943894165794
SPXW,2026-08-06 10:30:00,reverse_rug_control,7725.0,2026-08-06 10:42:00,7729.54,2026-08-06 11:18:00,7718.74951325942,stop,-1.0,-1.143265826386342
SPXW,2026-08-06 12:30:00,reverse_rug_control,7705.0,2026-08-06 12:36:00,7708.38,2026-08-06 15:59:00,7711.38,close,0.3120350596145743,0.15168273875912147
SPXW,2026-08-07 10:00:00,reverse_rug_control,7725.0,2026-08-07 10:16:00,7730.79,2026-08-07 15:59:00,7755.61,close,2.061378458758634,1.932965211577435
SPXW,2026-08-10 10:30:00,rug_control,7775.0,2026-08-10 10:51:00,7769.65,2026-08-10 15:59:00,7753.15,close,1.4174109476344794,1.283922620734016
SPXW,2026-08-10 11:30:00,reverse_rug_control,7760.0,2026-08-10 11:51:00,7763.28,2026-08-10 12:32:00,7753.72119390202,stop,-1.0,-1.1624320008257238
SPXW,2026-08-11 10:30:00,rug_control,7760.0,2026-08-11 10:38:00,7756.48,2026-08-11 13:13:00,7727.083581706058,target,3.0,2.8416852028208104
SPXW,2026-08-11 11:30:00,reverse_rug_control,7740.0,2026-08-11 11:42:00,7744.24,2026-08-11 13:00:00,7733.737376391963,stop,-1.0,-1.1474724847622662
SPXW,2026-08-11 15:00:00,rug,7725.0,2026-08-11 15:07:00,7721.45,2026-08-11 15:31:00,7731.25048674058,stop,-1.0,-1.1575727860133445
SPXW,2026-08-12 10:00:00,rug,7750.0,2026-08-12 10:02:00,7745.7,2026-08-12 14:32:00,7756.270714853009,stop,-1.0,-1.1465501644440832
SPXW,2026-08-12 10:30:00,reverse_rug,7750.0,2026-08-12 10:45:00,7753.16,2026-08-12 10:54:00,7743.729285146991,stop,-1.0,-1.1644235908060865
SPXW,2026-08-12 11:00:00,reverse_rug_control,7740.0,2026-08-12 11:06:00,7744.05,2026-08-12 15:59:00,7748.71,close,0.4518733716188512,0.30168753541777504
SPXW,2026-08-12 13:00:00,rug_control,7755.0,2026-08-12 13:15:00,7750.88,2026-08-12 15:59:00,7748.71,close,0.20875901903809405,0.05962850240381496
SPXW,2026-08-13 10:30:00,rug_control,7815.0,2026-08-13 10:41:00,7811.09,2026-08-13 11:34:00,7780.390076164029,target,3.0,2.8473398818498494
SPXW,2026-08-13 11:00:00,reverse_rug_control,7790.0,2026-08-13 11:19:00,7794.82,2026-08-13 11:28:00,7783.6969201671045,stop,-1.0,-1.1401557862948666
SPXW,2026-08-13 11:30:00,reverse_rug_control,7780.0,2026-08-13 11:41:00,7783.58,2026-08-13 15:59:00,7798.86,close,1.5473435603446175,1.3897012515824791
SPXW,2026-08-13 12:30:00,rug_control,7790.0,2026-08-13 12:39:00,7785.91,2026-08-13 13:08:00,7796.3030798328955,stop,-1.0,-1.1498287346038938
SPXW,2026-08-13 15:00:00,rug_control,7805.0,2026-08-13 15:13:00,7801.38,2026-08-13 15:59:00,7798.86,close,0.253643184240863,0.09659819498112959
SPXW,2026-08-14 12:00:00,reverse_rug,7785.0,2026-08-14 12:17:00,7788.53,2026-08-14 12:58:00,7778.700965789591,stop,-1.0,-1.158480066978539
SPXW,2026-08-14 15:00:00,reverse_rug,7780.0,2026-08-14 15:25:00,7784.06,2026-08-14 15:59:00,7786.01,close,0.18831503129553886,0.03797087719230922
SPXW,2026-08-17 13:30:00,rug_control,7760.0,2026-08-17 13:34:00,7755.56,2026-08-17 15:59:00,7746.14,close,0.8788292197743507,0.7341198196955161
SPXW,2026-08-18 11:30:00,rug_control,7705.0,2026-08-18 11:50:00,7701.12,2026-08-18 15:59:00,7693.26,close,0.7771172198527719,0.6248354650397229
SPXW,2026-08-19 11:30:00,rug_control,7730.0,2026-08-19 11:36:00,7725.52,2026-08-19 12:12:00,7736.254532363066,stop,-1.0,-1.143937709416789
SPXW,2026-08-19 14:00:00,rug,7725.0,2026-08-19 14:04:00,7720.61,2026-08-19 15:59:00,7708.03,close,1.1822767422869107,1.0371591327596008
SPXW,2026-08-20 14:30:00,rug_control,7655.0,2026-08-20 14:33:00,7651.34,2026-08-20 15:59:00,7642.21,close,0.9265415882318555,0.7712450993884417
SPXW,2026-08-21 11:00:00,rug,7680.0,2026-08-21 11:02:00,7676.35,2026-08-21 11:36:00,7686.214076138207,stop,-1.0,-1.1556425536957708
SPXW,2026-08-21 12:00:00,reverse_rug_control,7680.0,2026-08-21 12:16:00,7683.36,2026-08-21 13:35:00,7673.785923861793,stop,-1.0,-1.1605034238100211
SPXW,2026-08-24 11:00:00,reverse_rug_control,7650.0,2026-08-24 11:29:00,7655.38,2026-08-24 15:59:00,7652.82,close,-0.22126566303948678,-0.3535994701894057
SPXW,2026-08-24 12:00:00,rug,7670.0,2026-08-24 12:05:00,7665.53,2026-08-24 15:59:00,7652.82,close,1.1905224789192632,1.0469192408731585
SPXW,2026-08-25 10:30:00,rug,7665.0,2026-08-25 10:42:00,7660.91,2026-08-25 11:28:00,7671.20193927075,stop,-1.0,-1.1488720405059634
SPXW,2026-08-25 11:30:00,reverse_rug_control,7665.0,2026-08-25 11:53:00,7669.49,2026-08-25 15:59:00,7675.73,close,0.5836172318216243,0.4401542022291953
SPXW,2026-08-28 11:00:00,reverse_rug_control,7760.0,2026-08-28 11:20:00,7765.2,2026-08-28 11:40:00,7753.72119390202,stop,-1.0,-1.1352963005685153
SPXW,2026-08-28 12:30:00,rug_control,7725.0,2026-08-28 12:50:00,7719.82,2026-08-28 15:59:00,7709.9,close,0.8678545564278216,0.7327803434882535
SPXW,2026-08-28 12:30:00,reverse_rug_control,7715.0,2026-08-28 12:35:00,7719.49,2026-08-28 13:00:00,7708.757604504392,stop,-1.0,-1.1438539979850515
SPXW,2026-08-28 14:00:00,rug,7715.0,2026-08-28 14:14:00,7710.26,2026-08-28 15:59:00,7709.9,close,0.03277973372426294,-0.10763152724486316
SPXW,2026-09-02 10:30:00,rug,7675.0,2026-09-02 10:53:00,7670.71,2026-09-02 15:59:00,7667.45,close,0.3104752881545414,0.16436695087848233
SPXW,2026-09-03 11:00:00,reverse_rug_control,7710.0,2026-09-03 11:02:00,7714.17,2026-09-03 11:29:00,7745.3950496193675,target,3.0,2.8517695870328046
SPXW,2026-09-03 11:30:00,reverse_rug_control,7740.0,2026-09-03 11:43:00,7744.36,2026-09-03 15:59:00,7747.8,close,0.3238371354321531,0.17802833553942182
SPXW,2026-09-03 12:00:00,rug_control,7750.0,2026-09-03 12:04:00,7745.07,2026-09-03 14:15:00,7756.270714853009,stop,-1.0,-1.1382959945260847
SPXW,2026-09-03 14:30:00,rug_control,7755.0,2026-09-03 14:55:00,7751.3,2026-09-03 15:59:00,7747.8,close,0.35088561861699236,0.19546735029779846
SPXW,2026-09-08 10:30:00,rug,7695.0,2026-09-08 10:57:00,7689.97,2026-09-08 15:59:00,7674.13,close,1.4072228370259485,1.2705877183385201
SPXW,2026-09-10 14:30:00,reverse_rug,7585.0,2026-09-10 14:35:00,7589.11,2026-09-10 15:59:00,7592.3,close,0.311304268624973,0.16318374586233403
SPXW,2026-09-11 14:30:00,reverse_rug_control,7665.0,2026-09-11 14:36:00,7669.09,2026-09-11 15:50:00,7658.79806072925,stop,-1.0,-1.1490309998582255
SPXW,2026-09-14 10:30:00,reverse_rug,7595.0,2026-09-14 10:44:00,7599.11,2026-09-14 11:42:00,7629.875901667845,target,3.0,2.8518013205260524
SPXW,2026-09-15 10:30:00,reverse_rug,7575.0,2026-09-15 10:57:00,7578.92,2026-09-15 15:59:00,7585.51,close,0.6557789406707214,0.5049414253739677
SPXW,2026-09-17 13:00:00,reverse_rug_control,7635.0,2026-09-17 13:06:00,7638.9,2026-09-17 15:59:00,7637.05,close,-0.18357426066791727,-0.33517484659403257
SPXW,2026-09-18 11:00:00,rug,7630.0,2026-09-18 11:02:00,7625.97,2026-09-18 14:45:00,7636.173619913349,stop,-1.0,-1.1494757755534037
SPXW,2026-09-18 15:00:00,reverse_rug,7640.0,2026-09-18 15:04:00,7643.53,2026-09-18 15:59:00,7646.04,close,0.2584508496064416,0.10104233785407882
SPXW,2026-09-21 10:30:00,reverse_rug_control,7720.0,2026-09-21 10:36:00,7723.61,2026-09-21 12:32:00,7753.179323354279,target,3.0,2.8432779152746734
SPXW,2026-09-21 14:30:00,rug_control,7770.0,2026-09-21 14:32:00,7766.67,2026-09-21 15:37:00,7776.286897342952,stop,-1.0,-1.1615213248728686
SPXW,2026-09-21 14:30:00,reverse_rug_control,7765.0,2026-09-21 14:36:00,7768.23,2026-09-21 15:59:00,7764.22,close,-0.4215350052573915,-0.5848557470973512
SPXW,2026-09-24 11:00:00,rug_control,7675.0,2026-09-24 11:07:00,7670.65,2026-09-24 12:15:00,7681.210030515722,stop,-1.0,-1.1452770423073984
SPXW,2026-09-24 12:30:00,reverse_rug_control,7700.0,2026-09-24 12:36:00,7706.15,2026-09-24 13:43:00,7693.76974137185,stop,-1.0,-1.124490937248725
SPXW,2026-09-24 13:30:00,rug_control,7705.0,2026-09-24 13:33:00,7701.28,2026-09-24 14:39:00,7711.234304250636,stop,-1.0,-1.1547326624963765
SPXW,2026-09-24 14:30:00,reverse_rug_control,7700.0,2026-09-24 14:38:00,7708.36,2026-09-24 15:59:00,7703.83,close,-0.31048113096910507,-0.41614560473145146
SPXW,2026-09-25 11:30:00,reverse_rug_control,7715.0,2026-09-25 11:56:00,7718.27,2026-09-25 12:07:00,7746.807186486827,target,3.0,2.8377218440178833
SPXW,2026-09-25 15:00:00,rug_control,7740.0,2026-09-25 15:02:00,7735.49,2026-09-25 15:45:00,7746.262623608037,stop,-1.0,-1.143613854553107
SPXW,2026-09-25 15:00:00,reverse_rug_control,7735.0,2026-09-25 15:12:00,7739.23,2026-09-25 15:59:00,7742.32,close,0.2946061901105021,0.1470317522665672
SPXW,2026-09-28 13:00:00,rug,7700.0,2026-09-28 13:05:00,7696.58,2026-09-28 13:11:00,7706.23025862815,stop,-1.0,-1.1595103363872263
SPXW,2026-09-29 10:30:00,reverse_rug_control,7675.0,2026-09-29 10:50:00,7679.42,2026-09-29 11:12:00,7668.789969484278,stop,-1.0,-1.1444853801433972
SPXW,2026-09-29 11:00:00,rug,7675.0,2026-09-29 11:05:00,7671.69,2026-09-29 14:41:00,7681.210030515722,stop,-1.0,-1.1611694413653453
SPXW,2026-09-30 14:00:00,reverse_rug,7700.0,2026-09-30 14:12:00,7703.96,2026-09-30 14:25:00,7693.76974137185,stop,-1.0,-1.151202443061023
SPY,2026-07-01 10:00:00,rug,747.0,2026-07-01 10:14:00,746.61,2026-07-01 11:04:00,747.6152136574834,stop,-1.0,-1.1485475240893894
SPY,2026-07-01 10:30:00,rug_control,747.0,2026-07-01 10:41:00,746.51,2026-07-01 11:04:00,747.6152136574834,stop,-1.0,-1.1350888120039706
SPY,2026-07-01 13:00:00,reverse_rug,747.0,2026-07-01 13:07:00,747.32,2026-07-01 15:49:00,746.3847863425166,stop,-1.0,-1.159818025329299
SPY,2026-07-02 10:30:00,rug_control,749.0,2026-07-02 10:34:00,748.25,2026-07-02 11:53:00,744.1494175523895,target,3.0,2.8905155534034885
SPY,2026-07-02 10:30:00,reverse_rug_control,748.0,2026-07-02 10:36:00,748.66,2026-07-02 10:41:00,747.3839627633232,stop,-1.0,-1.117341403288476
SPY,2026-07-02 11:00:00,reverse_rug_control,746.0,2026-07-02 11:11:00,746.45,2026-07-02 11:16:00,745.38560992171,stop,-1.0,-1.1402587294310784
SPY,2026-07-02 12:30:00,reverse_rug_control,743.0,2026-07-02 12:44:00,743.31,2026-07-02 12:56:00,742.3880806592903,stop,-1.0,-1.1612527185790056
SPY,2026-07-02 13:00:00,reverse_rug_control,741.0,2026-07-02 13:06:00,741.65,2026-07-02 13:47:00,740.3897278176771,stop,-1.0,-1.1176967976287522
SPY,2026-07-02 14:30:00,rug_control,743.0,2026-07-02 14:45:00,742.65,2026-07-02 15:50:00,743.6119193407097,stop,-1.0,-1.1544100359707985
SPY,2026-07-06 10:00:00,rug,749.0,2026-07-06 10:03:00,748.62,2026-07-06 10:23:00,749.6168608158702,stop,-1.0,-1.1501954913026724
SPY,2026-07-06 10:00:00,reverse_rug_control,748.0,2026-07-06 10:06:00,748.6,2026-07-06 15:21:00,752.2481117100305,target,3.0,2.876878770251185
SPY,2026-07-06 11:30:00,rug_control,751.0,2026-07-06 11:34:00,750.66,2026-07-06 14:26:00,751.618507974257,stop,-1.0,-1.156630934777952
SPY,2026-07-07 10:00:00,rug_control,749.0,2026-07-07 10:03:00,748.44,2026-07-07 15:59:00,747.7,close,0.6287914339750514,0.5015988229360563
SPY,2026-07-07 15:00:00,reverse_rug,746.0,2026-07-07 15:19:00,746.67,2026-07-07 15:59:00,747.7,close,0.8019370574486816,0.6856686413933114
SPY,2026-07-08 10:00:00,reverse_rug_control,744.0,2026-07-08 10:05:00,744.45,2026-07-08 10:12:00,743.3872570800969,stop,-1.0,-1.1400997336341412
SPY,2026-07-08 10:30:00,reverse_rug_control,742.0,2026-07-08 10:44:00,742.5,2026-07-08 10:49:00,741.3889042384837,stop,-1.0,-1.1336518463515242
SPY,2026-07-08 11:00:00,rug_control,742.0,2026-07-08 11:02:00,741.65,2026-07-08 12:18:00,742.6110957615163,stop,-1.0,-1.1543342567300336
SPY,2026-07-08 11:00:00,reverse_rug_control,741.0,2026-07-08 11:19:00,741.39,2026-07-08 11:23:00,740.3897278176771,stop,-1.0,-1.148237652331451
SPY,2026-07-08 13:00:00,reverse_rug_control,744.0,2026-07-08 13:06:00,744.65,2026-07-08 15:59:00,745.33,close,0.5385102456581252,0.42056858259068836
SPY,2026-07-08 14:00:00,rug_control,745.0,2026-07-08 14:29:00,744.67,2026-07-08 15:00:00,745.6135664990966,stop,-1.0,-1.1578415513295472
SPY,2026-07-09 10:00:00,rug_control,749.0,2026-07-09 10:05:00,748.64,2026-07-09 10:21:00,745.7094175523895,target,3.0,2.8467253496429525
SPY,2026-07-09 10:00:00,reverse_rug_control,747.0,2026-07-09 10:27:00,747.66,2026-07-09 13:19:00,751.4856409724501,target,3.0,2.8827396498441695
SPY,2026-07-09 12:30:00,rug_control,751.0,2026-07-09 12:34:00,750.48,2026-07-09 13:20:00,751.618507974257,stop,-1.0,-1.1318357037402011
SPY,2026-07-10 10:00:00,rug_control,753.0,2026-07-10 10:14:00,752.65,2026-07-10 10:32:00,749.7395346020684,target,3.0,2.844839247935765
SPY,2026-07-10 10:30:00,reverse_rug_control,752.0,2026-07-10 10:49:00,752.4,2026-07-10 10:56:00,751.3806684465495,stop,-1.0,-1.1476261570542208
SPY,2026-07-10 11:00:00,rug_control,753.0,2026-07-10 11:19:00,752.661,2026-07-10 12:16:00,753.6201551326438,stop,-1.0,-1.1569424954074528
SPY,2026-07-10 11:00:00,reverse_rug_control,751.0,2026-07-10 11:03:00,751.36,2026-07-10 13:37:00,754.295523922771,target,3.0,2.846427414028892
SPY,2026-07-10 13:00:00,rug_control,754.0,2026-07-10 13:09:00,753.64,2026-07-10 14:25:00,754.6209787118373,stop,-1.0,-1.153650632966022
SPY,2026-07-10 13:30:00,reverse_rug,754.0,2026-07-10 13:37:00,754.34,2026-07-10 15:59:00,754.95,close,0.6347695245337079,0.4777754120298566
SPY,2026-07-13 12:00:00,reverse_rug_control,751.0,2026-07-13 12:03:00,751.34,2026-07-13 12:26:00,750.381492025743,stop,-1.0,-1.1567728219647597
SPY,2026-07-13 14:30:00,reverse_rug_control,749.0,2026-07-13 14:32:00,749.36,2026-07-13 15:28:00,748.3831391841298,stop,-1.0,-1.1534220613266148
SPY,2026-07-14 10:00:00,reverse_rug_control,750.0,2026-07-14 10:06:00,750.37,2026-07-14 10:16:00,749.3823156049364,stop,-1.0,-1.151945298265374
SPY,2026-07-14 11:00:00,rug_control,753.0,2026-07-14 11:05:00,752.4,2026-07-14 15:59:00,751.86,close,0.4425666749685148,0.3192380948772804
SPY,2026-07-14 12:00:00,reverse_rug_control,750.0,2026-07-14 12:05:00,750.34,2026-07-14 15:59:00,751.86,close,1.587161707797206,1.4304629030829203
SPY,2026-07-15 12:30:00,rug_control,752.0,2026-07-15 12:47:00,751.06,2026-07-15 13:29:00,752.6193315534505,stop,-1.0,-1.096331020601492
SPY,2026-07-16 11:30:00,rug_control,754.0,2026-07-16 11:43:00,753.62,2026-07-16 14:07:00,750.617063864488,target,3.0,2.8494233711290997
SPY,2026-07-16 12:30:00,reverse_rug_control,752.0,2026-07-16 12:32:00,752.5,2026-07-16 13:40:00,751.3806684465495,stop,-1.0,-1.1344552465585958
SPY,2026-07-16 14:30:00,rug_control,751.0,2026-07-16 14:52:00,750.44,2026-07-16 15:59:00,750.76,close,-0.27152977068457923,-0.3988840213799394
SPY,2026-07-16 14:30:00,reverse_rug_control,750.0,2026-07-16 14:42:00,750.4,2026-07-16 15:25:00,749.3823156049364,stop,-1.0,-1.1474720460763468
SPY,2026-07-17 10:00:00,rug_control,747.0,2026-07-17 10:19:00,746.61,2026-07-17 14:19:00,743.5943590275498,target,3.0,2.8514524759106106
SPY,2026-07-17 11:30:00,reverse_rug_control,745.0,2026-07-17 11:33:00,745.48,2026-07-17 13:58:00,744.3864335009034,stop,-1.0,-1.1363392167949269
SPY,2026-07-17 14:30:00,reverse_rug_control,743.0,2026-07-17 14:45:00,743.34,2026-07-17 15:24:00,742.3880806592903,stop,-1.0,-1.156177097829687
SPY,2026-07-20 10:00:00,reverse_rug_control,745.0,2026-07-20 10:15:00,745.38,2026-07-20 10:21:00,744.3864335009034,stop,-1.0,-1.150041290779783
SPY,2026-07-20 10:30:00,rug_control,746.0,2026-07-20 10:32:00,745.44,2026-07-20 12:06:00,746.61439007829,stop,-1.0,-1.1269493013914913
SPY,2026-07-20 10:30:00,reverse_rug_control,745.0,2026-07-20 10:35:00,745.4,2026-07-20 10:53:00,744.3864335009034,stop,-1.0,-1.147084577216081
SPY,2026-07-20 11:00:00,reverse_rug_control,744.0,2026-07-20 11:02:00,744.64,2026-07-20 14:40:00,743.3872570800969,stop,-1.0,-1.1188815339794707
SPY,2026-07-20 13:30:00,rug_control,745.0,2026-07-20 13:55:00,744.55,2026-07-20 15:59:00,741.71,close,2.67026086512895,2.530250813922484
SPY,2026-07-20 15:00:00,reverse_rug_control,742.0,2026-07-20 15:29:00,742.73,2026-07-20 15:59:00,741.71,close,-0.7605720853570874,-0.8713367333879266
SPY,2026-07-21 10:00:00,rug_control,747.0,2026-07-21 10:29:00,746.61,2026-07-21 11:21:00,747.6152136574834,stop,-1.0,-1.1485475240893894
SPY,2026-07-21 10:30:00,reverse_rug_control,746.0,2026-07-21 10:40:00,746.32,2026-07-21 15:59:00,748.27,close,2.086922844438356,1.9271779975397623
SPY,2026-07-21 13:30:00,rug_control,749.0,2026-07-21 13:54:00,748.67,2026-07-21 15:59:00,748.27,close,0.42244857247827333,0.26431128609960985
SPY,2026-07-22 10:00:00,rug_control,749.0,2026-07-22 10:03:00,748.68,2026-07-22 11:27:00,749.6168608158702,stop,-1.0,-1.1598273697261183
SPY,2026-07-22 10:00:00,reverse_rug_control,748.0,2026-07-22 10:20:00,748.34,2026-07-22 10:23:00,747.3839627633232,stop,-1.0,-1.156550387639968
SPY,2026-07-22 10:30:00,reverse_rug_control,747.0,2026-07-22 10:36:00,747.31,2026-07-22 15:59:00,747.39,close,0.08646651435912142,-0.07507671275508349
SPY,2026-07-22 12:00:00,rug_control,750.0,2026-07-22 12:11:00,749.63,2026-07-22 15:59:00,747.39,close,2.2679309414984545,2.116135488670287
SPY,2026-07-23 10:00:00,reverse_rug_control,739.0,2026-07-23 10:10:00,739.64,2026-07-23 10:51:00,738.391374976064,stop,-1.0,-1.11847271772088
SPY,2026-07-23 12:00:00,rug_control,738.0,2026-07-23 12:05:00,737.63,2026-07-23 12:11:00,738.6078014447426,stop,-1.0,-1.1508752117244418
SPY,2026-07-23 12:30:00,reverse_rug_control,739.0,2026-07-23 12:36:00,739.35,2026-07-23 12:46:00,738.391374976064,stop,-1.0,-1.154252180266329
SPY,2026-07-23 13:00:00,rug_control,739.0,2026-07-23 13:17:00,738.28,2026-07-23 15:59:00,738.19,close,0.0677392028439235,-0.043395238657537236
SPY,2026-07-23 13:00:00,reverse_rug_control,738.0,2026-07-23 13:09:00,738.43,2026-07-23 13:40:00,737.3921985552574,stop,-1.0,-1.142306604744265
SPY,2026-07-24 10:00:00,rug_control,739.0,2026-07-24 10:17:00,738.62,2026-07-24 10:23:00,739.608625023936,stop,-1.0,-1.149423690907461
SPY,2026-07-24 10:00:00,reverse_rug_control,738.0,2026-07-24 10:03:00,738.42,2026-07-24 11:11:00,741.5034043342275,target,3.0,2.856310768236956
SPY,2026-07-24 10:30:00,rug_control,739.0,2026-07-24 10:34:00,738.35,2026-07-24 10:57:00,739.608625023936,stop,-1.0,-1.1173264452808993
SPY,2026-07-24 11:00:00,rug_control,742.0,2026-07-24 11:19:00,741.48,2026-07-24 11:23:00,742.6110957615163,stop,-1.0,-1.1311082624880575
SPY,2026-07-24 11:30:00,rug_control,743.0,2026-07-24 11:32:00,742.37,2026-07-24 12:10:00,743.6119193407097,stop,-1.0,-1.1195520474905807
SPY,2026-07-24 11:30:00,reverse_rug_control,742.0,2026-07-24 11:35:00,742.43,2026-07-24 12:47:00,741.3889042384837,stop,-1.0,-1.1426247281842277
SPY,2026-07-24 13:00:00,reverse_rug_control,741.0,2026-07-24 13:18:00,741.33,2026-07-24 14:18:00,740.3897278176771,stop,-1.0,-1.1576841289016029
SPY,2026-07-24 13:30:00,rug_control,742.0,2026-07-24 13:37:00,741.68,2026-07-24 14:31:00,738.886712715451,target,3.0,2.8406866338233216
SPY,2026-07-24 14:30:00,reverse_rug_control,738.0,2026-07-24 14:38:00,738.42,2026-07-24 15:24:00,737.3921985552574,stop,-1.0,-1.1436892317630443
SPY,2026-07-24 15:00:00,rug_control,739.0,2026-07-24 15:02:00,738.32,2026-07-24 15:59:00,738.88,close,-0.4345717253646638,-0.5491620811758317
SPY,2026-07-27 10:00:00,rug,742.0,2026-07-27 10:03:00,741.63,2026-07-27 10:29:00,738.6867127154512,target,3.0,2.8488159812547087
SPY,2026-07-27 10:30:00,reverse_rug,737.0,2026-07-27 10:46:00,737.61,2026-07-27 11:38:00,736.3930221344508,stop,-1.0,-1.121219953276163
SPY,2026-07-27 11:30:00,rug_control,738.0,2026-07-27 11:32:00,737.52,2026-07-27 12:10:00,738.6078014447426,stop,-1.0,-1.135598275505973
SPY,2026-07-27 11:30:00,reverse_rug_control,737.0,2026-07-27 11:42:00,737.35,2026-07-27 13:02:00,736.3930221344508,stop,-1.0,-1.154099697922862
SPY,2026-07-27 13:30:00,rug_control,737.0,2026-07-27 13:40:00,736.52,2026-07-27 13:55:00,737.6069778655492,stop,-1.0,-1.1355170189464456
SPY,2026-07-27 14:00:00,rug_control,738.0,2026-07-27 14:02:00,737.59,2026-07-27 14:53:00,738.6078014447426,stop,-1.0,-1.1449378960523258
SPY,2026-07-27 14:00:00,reverse_rug_control,737.0,2026-07-27 14:24:00,737.59,2026-07-27 15:59:00,739.03,close,1.20302976474774,1.079787719722695
SPY,2026-07-27 15:00:00,rug_control,739.0,2026-07-27 15:04:00,738.57,2026-07-27 15:20:00,739.608625023936,stop,-1.0,-1.1422207212379887
SPY,2026-07-28 11:30:00,rug,742.0,2026-07-28 11:39:00,741.63,2026-07-28 12:53:00,742.6110957615163,stop,-1.0,-1.1511840187452915
SPY,2026-07-28 15:00:00,rug_control,742.0,2026-07-28 15:08:00,741.49,2026-07-28 15:59:00,740.77,close,0.6422288128413326,0.5099493010541932
SPY,2026-07-29 10:30:00,reverse_rug_control,734.0,2026-07-29 10:41:00,734.38,2026-07-29 11:55:00,733.395492872031,stop,-1.0,-1.1491873403730475
SPY,2026-07-29 11:30:00,rug_control,735.0,2026-07-29 11:34:00,734.57,2026-07-29 13:04:00,735.6053307071624,stop,-1.0,-1.141900553111837
SPY,2026-07-29 12:00:00,reverse_rug_control,732.0,2026-07-29 12:18:00,732.32,2026-07-29 13:01:00,735.0885799087466,target,3.0,2.84129336537773
SPY,2026-07-29 14:30:00,reverse_rug_control,737.0,2026-07-29 14:36:00,737.395,2026-07-29 14:44:00,740.4009335966475,target,3.0,2.852812117841378
SPY,2026-07-29 15:00:00,rug_control,742.0,2026-07-29 15:03:00,741.07,2026-07-29 15:21:00,736.4467127154514,target,3.0,2.903825574178349
SPY,2026-07-30 11:00:00,reverse_rug_control,735.0,2026-07-30 11:16:00,735.44,2026-07-30 12:11:00,738.5759921214873,target,3.0,2.8592904628246534
SPY,2026-07-30 11:30:00,rug_control,736.0,2026-07-30 11:37:00,735.66,2026-07-30 11:43:00,736.6061542863557,stop,-1.0,-1.1555052935041918
SPY,2026-07-30 12:30:00,rug_control,739.0,2026-07-30 12:37:00,738.63,2026-07-30 13:00:00,739.608625023936,stop,-1.0,-1.150952608391152
SPY,2026-07-31 13:30:00,reverse_rug_control,746.0,2026-07-31 13:33:00,746.4,2026-07-31 13:48:00,745.38560992171,stop,-1.0,-1.1471623226556587
SPY,2026-07-31 14:30:00,reverse_rug_control,746.0,2026-07-31 14:49:00,746.33,2026-07-31 15:59:00,746.78,close,0.47649801744502734,0.31844256617400457
SPY,2026-08-03 10:00:00,rug_control,754.0,2026-08-03 10:04:00,753.41,2026-08-03 10:23:00,754.6209787118373,stop,-1.0,-1.1244299330178793
SPY,2026-08-03 11:00:00,reverse_rug,755.0,2026-08-03 11:18:00,755.32,2026-08-03 14:05:00,758.1454068730923,target,3.0,2.839601154681127
SPY,2026-08-05 10:00:00,rug,776.0,2026-08-05 10:02:00,775.25,2026-08-05 11:18:00,771.0827076377225,target,3.0,2.888380761520225
SPY,2026-08-05 10:00:00,reverse_rug_control,775.0,2026-08-05 10:03:00,775.9,2026-08-05 10:31:00,774.361726125101,stop,-1.0,-1.1008793053903931
SPY,2026-08-05 11:00:00,reverse_rug_control,772.0,2026-08-05 11:19:00,772.42,2026-08-05 11:49:00,771.3641968626812,stop,-1.0,-1.1463189438822032
SPY,2026-08-05 13:30:00,rug_control,772.0,2026-08-05 13:45:00,771.48,2026-08-05 15:59:00,769.76,close,1.4881426987558084,1.354645916286493
SPY,2026-08-05 13:30:00,reverse_rug_control,771.0,2026-08-05 13:32:00,771.47,2026-08-05 15:59:00,770.3650204418745,stop,-1.0,-1.1396351623569843
SPY,2026-08-06 10:00:00,rug_control,771.0,2026-08-06 10:26:00,770.61,2026-08-06 12:16:00,767.5350613256237,target,3.0,2.8496340743791317
SPY,2026-08-06 10:30:00,reverse_rug_control,770.0,2026-08-06 10:42:00,770.56,2026-08-06 11:18:00,769.365844021068,stop,-1.0,-1.1290551675986595
SPY,2026-08-06 11:30:00,reverse_rug_control,768.0,2026-08-06 11:57:00,768.49,2026-08-06 15:59:00,768.57,close,0.07126892772316007,-0.06565471794169808
SPY,2026-08-06 12:30:00,rug_control,769.0,2026-08-06 12:41:00,768.31,2026-08-06 14:17:00,769.6333323997386,stop,-1.0,-1.1161174622720234
SPY,2026-08-07 10:00:00,reverse_rug_control,770.0,2026-08-07 10:15:00,770.34,2026-08-07 10:28:00,773.262467936796,target,3.0,2.841844629266753
SPY,2026-08-07 10:30:00,reverse_rug_control,772.0,2026-08-07 10:37:00,772.48,2026-08-07 12:26:00,771.3641968626812,stop,-1.0,-1.1384617006645443
SPY,2026-08-07 11:30:00,rug_control,774.0,2026-08-07 11:33:00,773.54,2026-08-07 15:59:00,773.2,close,0.3098090194429137,0.16883862597236715
SPY,2026-08-07 13:30:00,reverse_rug_control,772.0,2026-08-07 13:39:00,772.37,2026-08-07 14:31:00,771.3641968626812,stop,-1.0,-1.1535827382799608
SPY,2026-08-10 10:30:00,rug_control,775.0,2026-08-10 10:51:00,774.59,2026-08-10 15:59:00,773.06,close,1.4595422404736607,1.3117583419052388
SPY,2026-08-10 15:00:00,reverse_rug_control,773.0,2026-08-10 15:08:00,773.38,2026-08-10 15:53:00,772.3633732834877,stop,-1.0,-1.1521463064935398
SPY,2026-08-11 14:30:00,rug_control,770.0,2026-08-11 14:41:00,769.68,2026-08-11 15:24:00,770.634155978932,stop,-1.0,-1.1613321127770946
SPY,2026-08-12 10:00:00,rug_control,773.0,2026-08-12 10:19:00,772.5,2026-08-12 15:59:00,772.53,close,-0.026393889536598946,-0.16232242065020716
SPY,2026-08-12 10:00:00,reverse_rug_control,772.0,2026-08-12 10:06:00,772.34,2026-08-12 10:31:00,771.3641968626812,stop,-1.0,-1.1582983227789385
SPY,2026-08-12 11:00:00,reverse_rug_control,772.0,2026-08-12 11:29:00,772.36,2026-08-12 15:59:00,772.53,close,0.17071647359705944,0.015593443541228179
SPY,2026-08-13 12:00:00,rug_control,776.0,2026-08-13 12:16:00,775.62,2026-08-13 12:31:00,776.6390974540925,stop,-1.0,-1.152217042027778
SPY,2026-08-14 13:30:00,rug_control,776.0,2026-08-14 13:36:00,775.68,2026-08-14 15:59:00,776.3,close,-0.6464410862049601,-0.8081931577363987
SPY,2026-08-17 11:30:00,reverse_rug_control,775.0,2026-08-17 11:53:00,775.4,2026-08-17 13:14:00,774.361726125101,stop,-1.0,-1.1493632881931897
SPY,2026-08-17 13:30:00,reverse_rug_control,773.0,2026-08-17 13:41:00,773.43,2026-08-17 15:59:00,772.68,close,-0.7031513353166501,-0.8481748919230385
SPY,2026-08-18 10:00:00,rug_control,769.0,2026-08-18 10:05:00,768.48,2026-08-18 15:59:00,767.43,close,0.9104053612280893,0.7771428256097052
SPY,2026-08-18 10:00:00,reverse_rug_control,768.0,2026-08-18 10:15:00,768.56,2026-08-18 11:22:00,767.3674911794549,stop,-1.0,-1.1288979983642733
SPY,2026-08-18 11:30:00,reverse_rug_control,768.0,2026-08-18 11:46:00,768.4,2026-08-18 15:54:00,767.3674911794549,stop,-1.0,-1.1488413434752702
SPY,2026-08-19 10:00:00,rug_control,770.0,2026-08-19 10:03:00,769.56,2026-08-19 10:37:00,770.634155978932,stop,-1.0,-1.143286452823198
SPY,2026-08-19 10:00:00,reverse_rug_control,769.0,2026-08-19 10:13:00,769.47,2026-08-19 15:50:00,768.3666676002614,stop,-1.0,-1.1394810847904546
SPY,2026-08-19 12:00:00,rug_control,772.0,2026-08-19 12:21:00,771.55,2026-08-19 15:55:00,768.2925905880434,target,3.0,2.8578839987688442
SPY,2026-08-20 10:00:00,rug,767.0,2026-08-20 10:25:00,766.57,2026-08-20 11:01:00,767.6316852413518,stop,-1.0,-1.144406264708742
SPY,2026-08-20 11:00:00,rug_control,768.0,2026-08-20 11:05:00,767.24,2026-08-20 15:34:00,763.0624735383647,target,3.0,2.889804647743681
SPY,2026-08-24 11:00:00,reverse_rug,763.0,2026-08-24 11:28:00,763.36,2026-08-24 15:59:00,763.45,close,0.09105708860939841,-0.06340810952581445
SPY,2026-08-24 14:30:00,reverse_rug_control,764.0,2026-08-24 14:43:00,764.36,2026-08-24 15:52:00,763.3707854962286,stop,-1.0,-1.1545387774008211
SPY,2026-08-25 11:30:00,reverse_rug_control,765.0,2026-08-25 11:55:00,765.32,2026-08-25 15:59:00,765.82,close,0.5262946917238879,0.36518115033583753
SPY,2026-08-25 12:30:00,rug_control,766.0,2026-08-25 12:43:00,765.55,2026-08-25 15:59:00,765.82,close,-0.24980070017558392,-0.3914562009306584
SPY,2026-08-26 10:00:00,rug,767.0,2026-08-26 10:07:00,766.67,2026-08-26 15:59:00,766.01,close,0.6862952363418129,0.5268522154793271
SPY,2026-08-27 10:00:00,rug_control,769.0,2026-08-27 10:06:00,768.2,2026-08-27 10:27:00,769.6333323997386,stop,-1.0,-1.1071907674926094
SPY,2026-08-27 10:00:00,reverse_rug,768.0,2026-08-27 10:08:00,768.35,2026-08-27 12:37:00,771.2975264616355,target,3.0,2.8435942794745235
SPY,2026-08-31 10:30:00,rug_control,766.0,2026-08-31 10:48:00,765.6,2026-08-31 13:50:00,766.6308616621583,stop,-1.0,-1.1485359341809462
SPY,2026-09-01 10:00:00,rug_control,763.0,2026-09-01 10:11:00,762.63,2026-09-01 10:22:00,763.6283909245781,stop,-1.0,-1.1527718213829499
SPY,2026-09-01 14:30:00,reverse_rug,760.0,2026-09-01 14:55:00,760.35,2026-09-01 15:59:00,761.66,close,1.3423228840359953,1.1865007153525127
SPY,2026-09-03 13:00:00,rug,773.0,2026-09-03 13:06:00,772.64,2026-09-03 14:00:00,773.6366267165123,stop,-1.0,-1.1550510310829012
SPY,2026-09-11 10:00:00,reverse_rug_control,765.0,2026-09-11 10:09:00,765.41,2026-09-11 10:38:00,764.3699619170351,stop,-1.0,-1.1471888409735942
SPY,2026-09-11 12:00:00,rug,766.0,2026-09-11 12:13:00,765.54,2026-09-11 15:59:00,764.16,close,1.2650549999801117,1.1246998978518832
SPY,2026-09-14 10:30:00,rug,759.0,2026-09-14 10:35:00,758.67,2026-09-14 11:05:00,759.6250966078044,stop,-1.0,-1.1588676985763844
SPY,2026-09-14 12:30:00,rug,763.0,2026-09-14 12:58:00,762.63,2026-09-14 15:59:00,760.82,close,1.8129171203803363,1.6601452989973864
SPY,2026-09-15 12:00:00,reverse_rug,757.0,2026-09-15 12:22:00,757.365,2026-09-15 15:59:00,757.36,close,-0.005058427624135724,-0.15830146912641718
SPY,2026-09-16 10:30:00,rug,760.0,2026-09-16 10:49:00,759.64,2026-09-16 11:07:00,760.6259201869979,stop,-1.0,-1.1540976663259332
SPY,2026-09-16 13:30:00,rug,760.0,2026-09-16 13:39:00,759.635,2026-09-16 14:00:00,760.6259201869979,stop,-1.0,-1.1533191088379016
SPY,2026-09-16 14:00:00,rug,761.0,2026-09-16 14:09:00,760.67,2026-09-16 14:33:00,757.7997687014262,target,3.0,2.8409877279831823
SPY,2026-09-17 10:30:00,rug,762.0,2026-09-17 10:33:00,761.67,2026-09-17 12:30:00,762.6275673453846,stop,-1.0,-1.1590843722211632
SPY,2026-09-17 12:00:00,reverse_rug,762.0,2026-09-17 12:09:00,762.51,2026-09-17 15:59:00,762.63,close,0.10548826009016253,-0.02857149524541544
SPY,2026-09-23 10:00:00,rug,771.0,2026-09-23 10:02:00,770.6,2026-09-23 12:50:00,767.4950613256237,target,3.0,2.8510888463544686
SPY,2026-09-24 12:30:00,rug,769.0,2026-09-24 12:43:00,768.35,2026-09-24 15:59:00,767.25,close,0.857143480694553,0.7374005364415265
SPY,2026-09-25 12:00:00,rug,772.0,2026-09-25 12:12:00,771.65,2026-09-25 15:59:00,771.31,close,0.34489644750447285,0.18834389237694255
SPY,2026-09-28 12:00:00,reverse_rug,765.0,2026-09-28 12:07:00,765.5,2026-09-28 12:26:00,768.8901142488947,target,3.0,2.8645178403206493
SPY,2026-09-29 10:00:00,reverse_rug,765.0,2026-09-29 10:17:00,765.34,2026-09-29 11:02:00,764.3699619170351,stop,-1.0,-1.1577958666655062
SPY,2026-09-30 10:00:00,rug_control,769.0,2026-09-30 10:09:00,768.555,2026-09-30 15:48:00,765.320002800784,target,3.0,2.8574548997718576
SPY,2026-09-30 10:00:00,reverse_rug_control,768.0,2026-09-30 10:02:00,768.4,2026-09-30 10:36:00,767.3674911794549,stop,-1.0,-1.1488413434752702
SPY,2026-09-30 11:00:00,rug,769.0,2026-09-30 11:18:00,768.53,2026-09-30 15:50:00,765.2200028007841,target,3.0,2.8606893081029696
SPY,2026-09-30 11:00:00,reverse_rug_control,768.0,2026-09-30 11:04:00,768.5,2026-09-30 13:15:00,767.3674911794549,stop,-1.0,-1.135716382258301
