symbol,setup,trades,days,win_rate,target_rate,mean_r,mean_r_net,total_r_net,ci95_low,ci95_high
all,reverse_rug,42,32,0.4524,0.0714,0.0351,-0.0919,-3.8599,-0.4307,0.2611
all,reverse_rug_control,137,48,0.3285,0.0949,-0.064,-0.1775,-24.3215,-0.4477,0.1205
all,rug,54,32,0.463,0.0926,0.0828,-0.0517,-2.7922,-0.37,0.2428
all,rug_control,113,50,0.4336,0.0973,0.0966,-0.0153,-1.7309,-0.2819,0.2915
QQQ,reverse_rug,18,15,0.5,0.1111,0.2566,0.1576,2.8375,-0.4342,0.7795
QQQ,reverse_rug_control,51,35,0.3529,0.0588,-0.0266,-0.1108,-5.6524,-0.4213,0.2215
QQQ,rug,21,16,0.381,0.0476,-0.1436,-0.2457,-5.1595,-0.6351,0.1393
QQQ,rug_control,44,36,0.4545,0.0682,0.081,-0.0037,-0.1623,-0.3326,0.3531
SPXW,reverse_rug,14,10,0.3571,0.0714,-0.2162,-0.3601,-5.0408,-0.855,0.245
SPXW,reverse_rug_control,41,31,0.3415,0.122,-0.0196,-0.1598,-6.5509,-0.5823,0.3248
SPXW,rug,19,15,0.4211,0.0,-0.2498,-0.3941,-7.4875,-0.7389,0.0314
SPXW,rug_control,25,19,0.36,0.04,-0.242,-0.3854,-9.6362,-0.7784,0.1152
SPY,reverse_rug,10,10,0.5,0.0,-0.0119,-0.1657,-1.6566,-0.7453,0.4727
SPY,reverse_rug_control,45,26,0.2889,0.1111,-0.1468,-0.2693,-12.1182,-0.6229,0.1312
SPY,rug,14,12,0.6429,0.2857,0.8736,0.7039,9.8548,-0.0097,1.4305
SPY,rug_control,44,29,0.4545,0.1591,0.3047,0.1834,8.0676,-0.2464,0.6616
