scope,setup,target,trades,win_rate,target_rate,median_reward_risk,mean_r_net,ci95_low,ci95_high
indexes,rug,king,31,0.5484,0.4516,1.2777,-0.0121,-0.3458,0.3541
indexes,rug,swing,39,0.4359,0.2308,1.8973,-0.2206,-0.5093,0.074
indexes,rug,3R,38,0.3947,0.0789,3.0,-0.1523,-0.5319,0.2272
indexes,reverse_rug,king,29,0.7586,0.5517,0.8038,0.1675,-0.1216,0.4306
indexes,reverse_rug,swing,34,0.5882,0.3529,1.4683,-0.0196,-0.3514,0.3394
indexes,reverse_rug,3R,34,0.4706,0.0882,3.0,-0.0362,-0.4194,0.3481
indexes,both,king,60,0.65,0.5,0.8731,0.0747,-0.1658,0.3267
indexes,both,swing,73,0.5068,0.2877,1.7518,-0.127,-0.356,0.1013
indexes,both,3R,72,0.4306,0.0833,3.0,-0.0975,-0.3793,0.2041
all symbols,rug,king,310,0.4645,0.2,3.5027,0.0283,-0.1158,0.177
all symbols,rug,swing,602,0.4917,0.3538,1.7511,0.0167,-0.1042,0.1364
all symbols,rug,3R,574,0.3868,0.1167,3.0,0.0295,-0.1221,0.1883
all symbols,reverse_rug,king,370,0.3973,0.2,3.5011,-0.0343,-0.1943,0.1294
all symbols,reverse_rug,swing,558,0.4946,0.362,1.5438,-0.0217,-0.1277,0.0816
all symbols,reverse_rug,3R,533,0.3396,0.1201,3.0,-0.0853,-0.2235,0.0534
all symbols,both,king,680,0.4279,0.2,3.5011,-0.0057,-0.1027,0.0933
all symbols,both,swing,1160,0.4931,0.3578,1.6611,-0.0018,-0.0663,0.0647
all symbols,both,3R,1107,0.364,0.1183,3.0,-0.0258,-0.1067,0.0522
