symbol,family,contrast,outcome,diff,lo,hi,p_boot,n_a,n_b,days,mean_a,mean_b,p_holm_family
QQQ,H3,local&aggregate agree vs disagree,y_r15,0.010371518226796607,-0.00815988021751776,0.029577354041574272,0.294,1490,471,64,0.012077232859767072,0.0017057146329704628,0.6960000000000001
QQQ,H3,near-zero total: low gross vs high gross,y_r15,0.0353041366311063,-0.00453245584417165,0.07154377944748239,0.081,110,113,30,0.027314420720745917,-0.00798971591036038,0.324
QQQ,H3,aggregate net>0 vs net<0,y_r15,0.01126954455813544,-0.0077699410641930014,0.029213043295639656,0.232,1520,441,64,0.012120518971606199,0.0008509744134707575,0.6960000000000001
QQQ,H2,local strike gamma >0 vs <0,y_r15,-0.015458623113995647,-0.028588759615536932,-0.003741707480166983,0.014,1180,781,64,0.0034295175426575343,0.018888140656653177,0.084
QQQ,H2,approached strike is king vs not,y_r15,0.004422606958085331,-0.023446816121655906,0.030093843520997327,0.704,265,1696,64,0.013411121853184469,0.00898851489509914,1.0
QQQ,H2,upward vs downward approach,y_r15,-0.005181452293864828,-0.03599380726610129,0.02306499176334218,0.746,977,984,64,0.006986190462018885,0.012167642755883713,1.0
QQQ,H5,first encounter vs repeat,y_r15,-0.00990584316566168,-0.04496910803383736,0.023876617563424067,0.544,306,1655,64,0.001226057171857186,0.011131900337518865,1.0
QQQ,H5,high cancellation region vs concentrated,y_r15,0.008765408180111723,-0.010234184724962904,0.027092173605174436,0.348,607,1354,64,0.015638363706809433,0.006872955526697708,1.0
QQQ,H2,0DTE clock: last 90 min vs earlier,y_r15,0.020887126959658338,-0.02192600051631351,0.08787191857979135,0.669,292,1669,64,0.027363122615426713,0.006475995655768378,1.0
QQQ,H3,local&aggregate agree vs disagree,y_rv15,0.001829859877502324,-0.0026966326701540295,0.006541661759072059,0.481,1490,471,64,0.04275696936380028,0.04092710948629796,0.6960000000000001
QQQ,H3,near-zero total: low gross vs high gross,y_rv15,0.011700030051287558,0.002710642485070722,0.02087602042626057,0.007,110,113,30,0.03930397496932617,0.02760394491803859,0.042
QQQ,H3,aggregate net>0 vs net<0,y_rv15,0.007290219560401767,0.000811683402191131,0.013506420466146083,0.03,1520,441,64,0.04395693000828452,0.03666671044788275,0.15
QQQ,H2,local strike gamma >0 vs <0,y_rv15,0.0023695618847269367,-0.0007644710606643634,0.005683965839337069,0.156,1180,781,64,0.04326118345338118,0.040891621568654245,0.624
QQQ,H2,approached strike is king vs not,y_rv15,-0.007269465975452187,-0.009894407657692216,-0.004499012257812655,0.0005,265,1696,64,0.0360303613593788,0.043299827334830995,0.004
QQQ,H2,upward vs downward approach,y_rv15,-0.004031870488722292,-0.006055762335976617,-0.00186793995402401,0.0005,977,984,64,0.04029433572626518,0.04432620621498747,0.004
QQQ,H5,first encounter vs repeat,y_rv15,0.006115006802431017,0.002003894759125532,0.010147089442179756,0.001,306,1655,64,0.04747827087105155,0.041363264068620544,0.004
QQQ,H5,high cancellation region vs concentrated,y_rv15,0.00013282491929005047,-0.003458961500910793,0.004018931515841438,0.892,607,1354,64,0.04240917789945308,0.04227635298016303,1.0
QQQ,H2,0DTE clock: last 90 min vs earlier,y_rv15,-0.007997014602080507,-0.01583186962186363,-8.371210592514546e-05,0.049,292,1669,64,0.035511236894052216,0.04350825149613272,0.245
SPY,H3,local&aggregate agree vs disagree,y_r15,-0.0012491036493643172,-0.028313504273687153,0.021612764451948062,0.911,870,159,64,0.006592472946331028,0.007841576595695345,1.0
SPY,H3,near-zero total: low gross vs high gross,y_r15,0.015113276447869263,-0.016539503851531686,0.03482139543304949,0.331,77,16,20,0.008625977414859638,-0.006487299033009625,1.0
SPY,H3,aggregate net>0 vs net<0,y_r15,-0.0002901679263125007,-0.015488034699841653,0.017947761395485536,0.942,719,310,64,0.0066980661660511935,0.006988234092363695,1.0
SPY,H2,local strike gamma >0 vs <0,y_r15,-0.012049707927120795,-0.02819520650547703,0.0029105399251328026,0.114,654,375,64,0.0023941901548622507,0.014443898081983046,0.684
SPY,H2,approached strike is king vs not,y_r15,-0.0023970155498993454,-0.021072510547192204,0.015791991371299705,0.797,170,859,64,0.004784475981205068,0.0071814915311044164,1.0
SPY,H2,upward vs downward approach,y_r15,-0.008936555016166454,-0.0346437245659927,0.014150287567631469,0.531,513,516,64,0.002304178575006477,0.011240733591172931,1.0
SPY,H5,first encounter vs repeat,y_r15,-0.003439638804291192,-0.026282913272326583,0.01813733123830284,0.783,247,782,64,0.004171491347976523,0.007611130152267715,1.0
SPY,H5,high cancellation region vs concentrated,y_r15,-0.002410088033377605,-0.026493899723724092,0.023032997464445724,0.865,220,809,64,0.004890671450943704,0.007300759484321309,1.0
SPY,H2,0DTE clock: last 90 min vs earlier,y_r15,0.03015323757187459,-0.008137294073050604,0.08013221499420234,0.29,152,877,64,0.03248459814631445,0.0023313605744398618,1.0
SPY,H3,local&aggregate agree vs disagree,y_rv15,0.0003853564752360171,-0.0024651458831768127,0.002948072849397374,0.78,870,159,64,0.027123849552621267,0.026738493077385253,1.0
SPY,H3,near-zero total: low gross vs high gross,y_rv15,0.003602918145468776,-0.003788756949889347,0.011181601313792505,0.256,77,16,20,0.026804073926943783,0.02320115578147501,1.0
SPY,H3,aggregate net>0 vs net<0,y_rv15,0.0009153825200806688,-0.004421704789037612,0.0065518004181128785,0.66,719,310,64,0.027340075890485684,0.026424693370405015,1.0
SPY,H2,local strike gamma >0 vs <0,y_rv15,0.0015253053581615848,-0.0017718540493862282,0.004532118641468566,0.385,654,375,64,0.027620173974145148,0.026094868615983553,1.0
SPY,H2,approached strike is king vs not,y_rv15,-0.004279409832446433,-0.006586799820676925,-0.002088297675749661,0.0005,170,859,64,0.023491891607398712,0.02777130143984514,0.004
SPY,H2,upward vs downward approach,y_rv15,-0.0022153664129502815,-0.0043130919035913665,-0.0001290023121949506,0.041,513,516,64,0.025953392070945006,0.02816875848389529,0.28700000000000003
SPY,H5,first encounter vs repeat,y_rv15,0.0012142362309983182,-0.0011366464295967209,0.003712241766465452,0.298,247,782,64,0.027987077009451352,0.026772840778453034,1.0
SPY,H5,high cancellation region vs concentrated,y_rv15,-0.00047996504441814164,-0.0031731018379917595,0.0022190358246794444,0.683,220,809,64,0.026686956063314365,0.027166921107732507,1.0
SPY,H2,0DTE clock: last 90 min vs earlier,y_rv15,0.001801289758474954,-0.008267800043236566,0.010301748431619257,0.857,152,877,64,0.028599514701911858,0.026798224943436897,1.0
SPXW,H3,local&aggregate agree vs disagree,y_r15,0.0043253063124469105,-0.005306817993266967,0.013892186151772762,0.355,1875,691,64,0.006125943501110064,0.0018006371886631538,1.0
SPXW,H3,near-zero total: low gross vs high gross,y_r15,0.00570664706940039,-0.006700700164370366,0.015794684645271517,0.357,363,241,42,5.969676483432393e-05,-0.005646950304566066,1.0
SPXW,H3,aggregate net>0 vs net<0,y_r15,-0.002003007152618719,-0.027104360512252904,0.015065655107368838,0.927,1894,672,64,0.004436618688771563,0.006439625841390285,1.0
SPXW,H2,local strike gamma >0 vs <0,y_r15,0.004765709624592937,-0.00298366649264529,0.012205872236018418,0.208,1255,1311,64,0.007396036508101694,0.0026303268835087597,1.0
SPXW,H2,approached strike is king vs not,y_r15,-0.004510537580741888,-0.02080057317636083,0.010407625647262995,0.597,228,2338,64,0.0008514214723979252,0.005361959053139813,1.0
SPXW,H2,upward vs downward approach,y_r15,-0.006209704867075769,-0.0231962700898074,0.01060427454423743,0.501,1287,1279,64,0.0018660061718463374,0.008075711038922106,1.0
SPXW,H5,first encounter vs repeat,y_r15,0.006961331589921854,-0.006098139713114222,0.020694325609815333,0.307,455,2111,64,0.010688135365655747,0.003726803775733892,0.921
SPXW,H5,high cancellation region vs concentrated,y_r15,-0.0013654464222744118,-0.012166771506148928,0.009388186044683862,0.846,1138,1428,64,0.004201296520241524,0.0055667429425159355,1.0
SPXW,H2,0DTE clock: last 90 min vs earlier,y_r15,0.010723950699612197,-0.011088341638660565,0.039959892055534026,0.6,432,2134,64,0.013879694136757615,0.0031557434371454174,1.0
SPXW,H3,local&aggregate agree vs disagree,y_rv15,-0.0034961251779639727,-0.006061908288588891,-0.0007432310161772211,0.014,1875,691,64,0.02339030579719629,0.026886430975160254,0.07
SPXW,H3,near-zero total: low gross vs high gross,y_rv15,0.00917389602575443,0.004266265355906117,0.01367840630641211,0.0005,363,241,42,0.027941915008298623,0.0187680189825442,0.003
SPXW,H3,aggregate net>0 vs net<0,y_rv15,-0.00013144230503006962,-0.0045020216031027615,0.004008262438362104,0.981,1894,672,64,0.0242973569542473,0.02442879925927737,1.0
SPXW,H2,local strike gamma >0 vs <0,y_rv15,-0.000765620200871335,-0.002766704637259956,0.0012469592859907137,0.47,1255,1311,64,0.02394061538980376,0.0247062355906751,1.0
SPXW,H2,approached strike is king vs not,y_rv15,-0.004516485599483883,-0.006457313293868615,-0.0023819631431638787,0.001,228,2338,64,0.020216603211997454,0.02473308881148133,0.008
SPXW,H2,upward vs downward approach,y_rv15,-0.0017066918807940624,-0.002749329456863088,-0.0005787480689441027,0.003,1287,1279,64,0.023481094410772865,0.025187786291566927,0.021
SPXW,H5,first encounter vs repeat,y_rv15,0.002995978227129062,0.0009881167005628493,0.005323334952222496,0.001,455,2111,64,0.026796514891289255,0.02380053666416019,0.004
SPXW,H5,high cancellation region vs concentrated,y_rv15,-0.0006353015873149515,-0.0026177297973793445,0.001264981235149889,0.504,1138,1428,64,0.023978229347970784,0.024613530935285736,1.0
SPXW,H2,0DTE clock: last 90 min vs earlier,y_rv15,-0.0013741945063147354,-0.006999505787934977,0.0050107481136036445,0.585,432,2134,64,0.0231889384634073,0.024563132969722033,1.0
