symbol,bucket,outcome,mean,lo,hi,n,days,diff,diff_lo,diff_hi,n_placebo
QQQ,10:00,y_r15,0.012481168936770383,-0.005025058568113243,0.030792139319601265,595,64,0.005303863887645917,-0.012342750333869362,0.022548660820608794,592
QQQ,11:00,y_r15,0.009352589546017247,-0.005134025591430138,0.0245958413649085,425,64,-0.0019697141693340095,-0.014253615642310759,0.009526785976844115,419
QQQ,12:00,y_r15,-0.002770600111368657,-0.014347113219385532,0.00952307117550222,315,63,-0.004013455079725423,-0.014737291905433528,0.006512112855258951,307
QQQ,13:00,y_r15,-0.0023154110733063526,-0.012101196104998766,0.00841220922648169,224,60,0.008511648772640943,-0.0032343003631270374,0.020122608215412716,232
QQQ,14:00,y_r15,0.008818748437231535,-0.0173560963148864,0.04285254118330003,232,63,-0.0038868434145375476,-0.016379123059793242,0.008938387842877038,219
QQQ,15:00,y_r15,0.03696384458848807,-0.011364930371754475,0.10558362814673884,167,55,0.007157869653822237,-0.016050791229089728,0.027232774656684697,187
QQQ,10:00,y_rv15,0.05483514925891219,0.05001896835876317,0.05971980760688153,595,64,-0.0005218127455120444,-0.0019252947113917907,0.0008956468975064649,592
QQQ,11:00,y_rv15,0.04250181779103588,0.03788527190771132,0.04719758876158524,425,64,0.0018164849895646457,-3.684291644082664e-05,0.003784018036959662,419
QQQ,12:00,y_rv15,0.036938214089607256,0.0327015483087167,0.040640291899226674,315,63,-0.00013124713666162052,-0.0017325607801086215,0.0015565081674010178,307
QQQ,13:00,y_rv15,0.0305768352358673,0.026718765500998228,0.03452087651139323,224,60,0.0013528189039474434,-0.0005987841819345481,0.003330012587123195,232
QQQ,14:00,y_rv15,0.03284652533660072,0.02579923274929095,0.04012035763849254,232,63,-0.0005220737597243369,-0.0024737869038774147,0.0013642673265722208,219
QQQ,15:00,y_rv15,0.03624540143868763,0.027868390257798786,0.04509752406982747,167,55,0.0008701245060103793,-0.001943606139187923,0.003432754783279134,187
SPY,10:00,y_r15,0.00892008817895698,-0.0030977030399313766,0.021711504840777242,305,63,0.004809590250347201,-0.0057196913515510026,0.014782198320590856,293
SPY,11:00,y_r15,0.008353439350613045,-0.006908696654379017,0.023264647186275647,214,60,0.0064306170064924876,-0.008314785338851988,0.020453804154100506,229
SPY,12:00,y_r15,-0.006109484857851469,-0.017608662164103752,0.004674837445934904,169,59,-0.008456427390026494,-0.021095527603770835,0.004355068621452865,164
SPY,13:00,y_r15,-0.011705230594934278,-0.023111782976698574,-6.213389594534815e-05,126,49,-0.00346561510281289,-0.018487878365326622,0.010623076436624003,126
SPY,14:00,y_r15,0.0022710338060434885,-0.01137657870656158,0.017290930185342255,126,50,-0.013480559392068887,-0.03956415079677679,0.012034742624049206,133
SPY,15:00,y_r15,0.05421459130260235,0.001732350832846017,0.1237052320907602,87,39,0.01849863764090231,-0.006538712467787506,0.04612791008767919,102
SPY,10:00,y_rv15,0.031605499927896186,0.02904076048463911,0.03399545441085781,305,63,-0.001157955813969637,-0.0026481009010791063,0.00015692774866828273,293
SPY,11:00,y_rv15,0.026893053271995666,0.023945285058183625,0.029768958542682418,214,60,0.0002906233031505015,-0.0010543053970136615,0.0015557988427853547,229
SPY,12:00,y_rv15,0.02505321264775993,0.02179847519098519,0.028453746318369156,169,59,8.994075301392568e-05,-0.0016715430538016074,0.0018473210979857361,164
SPY,13:00,y_rv15,0.019861741385680323,0.01783668928679899,0.021635364522439266,126,49,-0.0007063789733174064,-0.003941922001365378,0.0018395292989067673,126
SPY,14:00,y_rv15,0.026199554146730822,0.017031039000152473,0.034817112231774305,126,50,0.002070654629788747,-0.0016369132928502534,0.005610156478596544,133
SPY,15:00,y_rv15,0.026674355097076528,0.01809347824984577,0.03573060442966865,87,39,0.0010122128223474074,-0.0017088322245480017,0.003918280927118875,102
SPXW,10:00,y_r15,0.010720067327200967,0.0008879045864545216,0.022090545768009926,672,64,0.005032550479715078,-0.0010709799859973809,0.010960232580571244,688
SPXW,11:00,y_r15,-0.0013662572726001936,-0.009632949892667891,0.007515266559145348,558,64,-0.004756258423267065,-0.010715941462939025,0.0011717511689357217,516
SPXW,12:00,y_r15,0.002820274375443247,-0.0051147101540694895,0.010589628208752425,405,64,0.006218713871299835,-0.000990106858844953,0.01378596933002398,440
SPXW,13:00,y_r15,-0.003683329703751428,-0.008812715434792302,0.0018761717568071472,335,63,0.00772280724952578,0.0010223880295024883,0.013971910284094788,339
SPXW,14:00,y_r15,0.002823513023035844,-0.010971534452343886,0.020158102218089422,343,63,-0.006691292244295032,-0.021368772087745458,0.005398710747984134,348
SPXW,15:00,y_r15,0.023460949486396467,-0.0035176625181265993,0.05610753908505775,248,62,-0.003023678018871656,-0.024437089806533873,0.015488670790911516,242
SPXW,10:00,y_rv15,0.0300596558131579,0.027536055510919748,0.03224600754612976,672,64,-0.00036768243680895124,-0.0013715464722777095,0.0005670764955608436,688
SPXW,11:00,y_rv15,0.024666475349349886,0.022253144679190668,0.027094814335266358,558,64,1.4242689780365886e-05,-0.0007587480022460193,0.0008289541909421861,516
SPXW,12:00,y_rv15,0.02227162091771138,0.01986523979581428,0.024633275706008033,405,64,0.00016010676998241477,-0.0011187048602637386,0.0013400729984704355,440
SPXW,13:00,y_rv15,0.018867887100664622,0.01694963417672728,0.021005730755822273,335,63,0.00034744533846363043,-0.00027598119574425144,0.0009636298353374224,339
SPXW,14:00,y_rv15,0.021019141363799863,0.01635706840096846,0.026992043470585356,343,63,-0.0004098595681730523,-0.001371922824023571,0.00049821049554856,348
SPXW,15:00,y_rv15,0.023065572448773344,0.017111820616229224,0.029392568260725088,248,62,0.00026468295521898597,-0.0007562929951930669,0.0013854950390287633,242
