symbol,map_time,setup,level,entry_time,entry,stop,target,exit_time,exit,exit_how,r,r_net,setup_votes,king_votes,source
QQQ,2026-07-09 10:30:00,rug_control,719.0,2026-07-09 10:53:00,718.15,720.4436730249855,711.2689809250434,2026-07-09 11:06:00,720.4436730249855,stop,-1.0,-1.0626200850929506,0,1,rug
QQQ,2026-07-09 10:30:00,reverse_rug_control,718.0,2026-07-09 10:35:00,718.87,716.5583348651744,725.8049954044768,2026-07-09 15:59:00,723.2,close,1.873108667327245,1.8109136729770596,0,2,rug
QQQ,2026-07-10 10:30:00,reverse_rug_control,720.0,2026-07-10 10:34:00,721.04,718.762796108392,727.871611674824,2026-07-10 15:59:00,725.53,close,1.971716286164212,1.908389501710945,0,1,rug
QQQ,2026-07-13 10:00:00,reverse_rug_control,716.0,2026-07-13 10:24:00,716.73,714.9769882811963,721.9890351564111,2026-07-13 12:00:00,714.9769882811963,stop,-1.0,-1.081771273096693,0,2,rug
QQQ,2026-07-13 12:00:00,rug_control,716.0,2026-07-13 12:12:00,715.39,717.0230117188037,710.4909648435889,2026-07-13 15:28:00,710.4909648435889,target,3.0,2.9123839722933424,0,2,rug
QQQ,2026-07-13 12:30:00,reverse_rug_control,713.0,2026-07-13 12:42:00,713.72,711.9812746431467,718.9361760705601,2026-07-13 12:50:00,711.9812746431467,stop,-1.0,-1.0820969219994174,1,2,rug
QQQ,2026-07-14 10:30:00,rug_control,720.0,2026-07-14 10:35:00,719.38,721.1243705759922,714.1468882720234,2026-07-14 11:08:00,721.1243705759922,stop,-1.0,-1.0824801805190751,0,1,rug
QQQ,2026-07-14 11:30:00,reverse_rug_control,720.0,2026-07-14 11:44:00,720.78,718.8756294240078,726.4931117279765,2026-07-14 12:00:00,718.8756294240078,stop,-1.0,-1.075697451860122,0,2,rug
QQQ,2026-07-14 12:00:00,reverse_rug_control,718.0,2026-07-14 12:06:00,718.71,716.8787526756078,724.2037419731769,2026-07-14 15:59:00,719.75,close,0.5679189185136965,0.4894248789127362,1,3,rug
QQQ,2026-07-14 14:00:00,rug_control,722.0,2026-07-14 14:24:00,721.33,723.1274938275923,715.9375185172233,2026-07-14 15:59:00,719.75,close,0.8790016275696875,0.7987421030108487,0,0,rug
QQQ,2026-07-15 10:00:00,rug_control,722.0,2026-07-15 10:11:00,721.19,723.0315844427042,715.6652466718875,2026-07-15 10:36:00,715.6652466718875,target,3.0,2.921677227144577,1,0,rug
QQQ,2026-07-15 14:00:00,rug_control,718.0,2026-07-15 14:16:00,717.41,719.0258692934372,712.5623921196884,2026-07-15 15:59:00,717.68,close,-0.1670927228437227,-0.2558882712106288,1,1,rug
QQQ,2026-07-16 12:00:00,reverse_rug_control,707.0,2026-07-16 12:25:00,707.61,705.8959305594076,712.7522083217773,2026-07-16 14:40:00,705.8959305594076,stop,-1.0,-1.0825649163613151,0,1,rug
QQQ,2026-07-16 14:00:00,rug_control,707.0,2026-07-16 14:03:00,706.44,708.1040694405924,701.447791678223,2026-07-16 15:59:00,705.99,close,0.2704214073181101,0.1855162966577606,1,1,rug
QQQ,2026-07-17 10:00:00,rug_control,695.0,2026-07-17 10:04:00,694.35,696.1776526768335,688.8670419694995,2026-07-17 10:06:00,696.1776526768335,stop,-1.0,-1.075982708180965,1,2,rug
QQQ,2026-07-17 10:30:00,rug_control,698.0,2026-07-17 10:42:00,697.191,699.1827360696831,691.2157917909509,2026-07-17 11:56:00,699.1827360696831,stop,-1.0,-1.0700083721545444,0,2,rug
QQQ,2026-07-17 10:30:00,reverse_rug_control,695.0,2026-07-17 10:55:00,696.37,693.8223473231665,704.0129580305006,2026-07-17 11:01:00,693.8223473231665,stop,-1.0,-1.0546675774395993,1,1,rug
QQQ,2026-07-17 11:30:00,reverse_rug_control,695.0,2026-07-17 11:33:00,695.67,693.8223473231665,701.2129580305004,2026-07-17 12:50:00,701.2129580305004,target,3.0,2.92469688608443,0,1,rug
QQQ,2026-07-17 14:30:00,reverse_rug_control,697.0,2026-07-17 14:48:00,697.63,695.8189583946,703.0631248161999,2026-07-17 15:12:00,695.8189583946,stop,-1.0,-1.0770418523704683,0,2,rug
QQQ,2026-07-20 11:00:00,rug,701.0,2026-07-20 11:10:00,700.11,702.2976752323199,693.5469743030404,2026-07-20 11:54:00,702.2976752323199,stop,-1.0,-1.0640049299509222,1,0,rug
QQQ,2026-07-20 11:30:00,reverse_rug_control,701.0,2026-07-20 11:44:00,701.73,699.7023247676801,707.8130256969597,2026-07-20 13:08:00,699.7023247676801,stop,-1.0,-1.0692152262665005,0,2,rug
QQQ,2026-07-20 13:00:00,rug_control,701.0,2026-07-20 13:04:00,700.24,702.2976752323199,694.0669743030404,2026-07-20 15:59:00,695.68,close,2.216093156187247,2.148031881113188,0,0,rug
QQQ,2026-07-20 14:00:00,reverse_rug_control,700.0,2026-07-20 14:09:00,700.9,698.7041759449017,707.4874721652947,2026-07-20 14:40:00,698.7041759449017,stop,-1.0,-1.0638393589297523,0,3,rug
QQQ,2026-07-21 10:00:00,reverse_rug_control,704.0,2026-07-21 10:18:00,704.93,702.7991858498409,711.3224424504771,2026-07-21 15:59:00,708.98,close,1.9006819528102836,1.8345166328599365,0,3,rug
QQQ,2026-07-21 14:00:00,rug_control,710.0,2026-07-21 14:19:00,709.39,711.2110483616661,703.9268549150015,2026-07-21 15:59:00,708.98,close,0.2251450365792817,0.1472349695066041,1,1,rug
QQQ,2026-07-22 10:30:00,rug_control,707.0,2026-07-22 10:41:00,705.96,708.2019587520723,699.2341237437832,2026-07-22 11:05:00,708.2019587520723,stop,-1.0,-1.0629770730034596,0,2,rug
QQQ,2026-07-22 12:30:00,reverse_rug_control,708.0,2026-07-22 12:55:00,708.97,706.7963411648271,715.4909765055187,2026-07-22 14:15:00,706.7963411648271,stop,-1.0,-1.0652328680589482,0,2,rug
QQQ,2026-07-22 13:30:00,rug_control,709.0,2026-07-22 13:33:00,708.32,710.2053589182734,702.66392324518,2026-07-22 15:59:00,705.25,close,1.6283371671276194,1.5531981585139507,0,2,rug
QQQ,2026-07-23 11:30:00,reverse_rug,688.0,2026-07-23 11:32:00,688.97,686.834208573149,695.3773742805531,2026-07-23 15:59:00,691.88,close,1.362492593338301,1.2979759938859097,1,2,rug
QQQ,2026-07-23 13:30:00,rug,693.0,2026-07-23 13:32:00,692.05,694.1742637482671,685.6772087551985,2026-07-23 15:59:00,691.88,close,0.0800277273189997,0.0148710347412031,1,2,rug
QQQ,2026-07-24 10:00:00,reverse_rug_control,685.0,2026-07-24 10:20:00,685.6,683.8354430761392,690.8936707715825,2026-07-24 10:42:00,683.8354430761392,stop,-1.0,-1.0777078926419577,0,0,rug
QQQ,2026-07-24 10:30:00,rug_control,686.0,2026-07-24 10:33:00,685.35,687.1662570069612,679.9012289791164,2026-07-24 10:57:00,687.1662570069612,stop,-1.0,-1.0754683943267105,0,2,rug
QQQ,2026-07-24 11:00:00,rug_control,690.0,2026-07-24 11:17:00,689.26,691.1730573393634,683.5208279819099,2026-07-24 11:40:00,691.1730573393634,stop,-1.0,-1.0720584778947997,1,1,rug
QQQ,2026-07-24 11:00:00,reverse_rug_control,686.0,2026-07-24 11:10:00,687.6,684.8337429930388,695.8987710208838,2026-07-24 14:33:00,684.8337429930388,stop,-1.0,-1.049713385146041,0,2,rug
QQQ,2026-07-24 13:00:00,reverse_rug,689.0,2026-07-24 13:27:00,689.79,687.8286427437372,695.6740717687883,2026-07-24 14:12:00,687.8286427437372,stop,-1.0,-1.0703380271796423,1,2,rug
QQQ,2026-07-24 14:00:00,rug_control,689.0,2026-07-24 14:03:00,688.37,690.1713572562628,682.9659282312116,2026-07-24 15:09:00,682.9659282312116,target,3.0,2.9235720734899497,0,1,rug
QQQ,2026-07-27 10:30:00,reverse_rug_control,677.0,2026-07-27 10:46:00,678.06,675.8452398016226,684.704280595132,2026-07-27 15:59:00,682.08,close,1.815094926730832,1.753863918471176,1,2,rug
QQQ,2026-07-27 12:00:00,rug_control,681.0,2026-07-27 12:13:00,679.8,682.1615830060488,672.7152509818535,2026-07-27 12:26:00,682.1615830060488,stop,-1.0,-1.0575715524932894,0,2,rug
QQQ,2026-07-28 10:00:00,rug_control,671.0,2026-07-28 10:08:00,670.04,672.185519536115,663.603441391655,2026-07-28 10:43:00,672.185519536115,stop,-1.0,-1.062459463894072,0,2,rug
QQQ,2026-07-28 15:00:00,reverse_rug,677.0,2026-07-28 15:03:00,677.74,675.8038796930704,683.5483609207889,2026-07-28 15:55:00,675.8038796930704,stop,-1.0,-1.0700101122408847,1,2,rug
QQQ,2026-07-29 10:30:00,reverse_rug_control,667.0,2026-07-29 10:52:00,667.93,665.7807984680555,674.3776045958332,2026-07-29 11:54:00,665.7807984680555,stop,-1.0,-1.062156106821282,1,1,rug
QQQ,2026-07-29 12:30:00,reverse_rug_control,665.0,2026-07-29 12:47:00,666.14,663.784454244763,673.206637265711,2026-07-29 14:00:00,673.206637265711,target,3.0,2.9434407080805807,0,1,rug
QQQ,2026-07-29 14:00:00,reverse_rug_control,673.0,2026-07-29 14:02:00,673.7,671.769831137933,679.4905065862011,2026-07-29 14:19:00,671.769831137933,stop,-1.0,-1.069807363826036,0,1,rug
QQQ,2026-07-29 14:30:00,rug,673.0,2026-07-29 14:32:00,671.64,674.230168862067,663.869493413799,2026-07-29 14:38:00,674.230168862067,stop,-1.0,-1.0518607114645042,1,1,rug
QQQ,2026-07-30 10:00:00,reverse_rug_control,680.0,2026-07-30 10:16:00,680.91,678.6958353053542,687.5524940839373,2026-07-30 10:56:00,678.6958353053542,stop,-1.0,-1.0615049098783442,1,2,rug
QQQ,2026-07-30 11:00:00,rug_control,680.0,2026-07-30 11:11:00,678.97,681.3041646946458,671.9675059160627,2026-07-30 12:04:00,681.3041646946458,stop,-1.0,-1.0581767003465912,0,3,rug
QQQ,2026-07-30 12:30:00,reverse_rug_control,680.0,2026-07-30 12:51:00,680.82,678.6958353053542,687.1924940839376,2026-07-30 15:59:00,683.61,close,1.3134574767353984,1.2493551025912402,0,1,rug
QQQ,2026-07-31 10:30:00,rug_control,685.0,2026-07-31 10:32:00,684.25,686.3924661878598,677.8226014364207,2026-07-31 10:50:00,686.3924661878598,stop,-1.0,-1.06387498704785,1,3,rug
QQQ,2026-07-31 11:00:00,reverse_rug_control,685.0,2026-07-31 11:04:00,685.92,683.6075338121402,692.8573985635792,2026-07-31 11:12:00,683.6075338121402,stop,-1.0,-1.0593236782099582,0,2,rug
QQQ,2026-07-31 12:00:00,reverse_rug_control,685.0,2026-07-31 12:23:00,685.8,683.6075338121402,692.3773985635792,2026-07-31 15:59:00,687.93,close,0.971508710964104,0.908949023266528,0,1,rug
QQQ,2026-07-31 13:00:00,rug_control,690.0,2026-07-31 13:28:00,689.22,691.4026301746325,682.6721094761027,2026-07-31 15:59:00,687.93,close,0.5910300402665873,0.5278750442429418,1,0,rug
QQQ,2026-08-04 14:30:00,reverse_rug_control,723.0,2026-08-04 14:46:00,723.83,721.5302875126677,730.7291374619972,2026-08-04 15:59:00,723.68,close,-0.0652255448567344,-0.1281751530348965,0,0,rug
QQQ,2026-08-05 10:00:00,reverse_rug,725.0,2026-08-05 10:03:00,725.75,723.5914725727005,732.2255822818986,2026-08-05 10:31:00,723.5914725727005,stop,-1.0,-1.06724491806972,1,3,rug
QQQ,2026-08-05 14:30:00,rug_control,721.0,2026-08-05 14:55:00,720.28,722.4007562414938,713.9177312755185,2026-08-05 15:59:00,717.28,close,1.414589730447679,1.3466630177112224,0,0,rug
QQQ,2026-08-05 14:30:00,reverse_rug_control,720.0,2026-08-05 14:37:00,720.74,718.6011865549577,727.1564403351268,2026-08-05 15:58:00,718.6011865549577,stop,-1.0,-1.067396247360485,1,3,rug
QQQ,2026-08-06 11:30:00,reverse_rug_control,716.0,2026-08-06 11:46:00,716.8,714.6089577407635,723.3731267777094,2026-08-06 12:01:00,714.6089577407635,stop,-1.0,-1.0654300479124286,0,2,rug
QQQ,2026-08-06 12:00:00,rug_control,716.0,2026-08-06 12:09:00,715.3,717.3910422592365,709.0268732222902,2026-08-06 15:59:00,714.57,close,0.3491082003605312,0.2806925576980872,0,1,rug
QQQ,2026-08-07 10:00:00,rug_control,721.0,2026-08-07 10:24:00,719.82,722.4007562414938,712.0777312755188,2026-08-07 11:25:00,722.4007562414938,stop,-1.0,-1.0557836488721122,0,0,rug
QQQ,2026-08-07 10:00:00,reverse_rug_control,717.0,2026-08-07 10:15:00,717.82,715.607014944312,724.4589551670641,2026-08-07 15:59:00,722.99,close,2.336210986473468,2.271337525339604,0,3,rug
QQQ,2026-08-07 14:30:00,rug_control,720.0,2026-08-07 14:44:00,719.3,721.3988134450423,713.003559664873,2026-08-07 15:01:00,721.3988134450423,stop,-1.0,-1.068543490770853,0,0,rug
QQQ,2026-08-10 11:00:00,reverse_rug_control,721.0,2026-08-10 11:28:00,721.74,719.5992437585062,728.1622687244815,2026-08-10 15:59:00,720.8,close,-0.439097166590122,-0.5065256748911297,0,3,rug
QQQ,2026-08-11 10:30:00,rug_control,722.0,2026-08-11 10:37:00,721.15,723.4026990379452,714.3919028861642,2026-08-11 15:59:00,718.33,close,1.2518316705866406,1.1878062514913517,0,0,rug
QQQ,2026-08-11 10:30:00,reverse_rug_control,721.0,2026-08-11 10:48:00,721.77,719.5992437585062,728.2822687244814,2026-08-11 11:34:00,719.5992437585062,stop,-1.0,-1.0664994057097188,0,3,rug
QQQ,2026-08-12 11:30:00,reverse_rug_control,723.0,2026-08-12 11:36:00,723.83,721.5953581656033,730.5339255031902,2026-08-12 15:59:00,723.66,close,-0.0760748310460086,-0.140857472170725,0,3,rug
QQQ,2026-08-13 15:00:00,rug_control,734.0,2026-08-13 15:12:00,733.3,735.2968276296697,727.3095171109908,2026-08-13 15:59:00,732.04,close,0.6310008842417687,0.5575543844934365,0,1,rug
QQQ,2026-08-14 10:00:00,rug,734.0,2026-08-14 10:09:00,733.24,735.2279900568524,727.2760298294429,2026-08-14 15:59:00,731.03,close,1.1116755802587774,1.0379086117095528,1,0,rug
QQQ,2026-08-14 12:00:00,reverse_rug_control,729.0,2026-08-14 12:15:00,729.71,727.7803749980309,735.4988750059075,2026-08-14 15:59:00,731.03,close,0.6840707384351331,0.608438426534599,1,2,rug
QQQ,2026-08-14 12:30:00,rug_control,730.0,2026-08-14 12:32:00,729.37,731.2212980129458,723.8161059611626,2026-08-14 15:59:00,731.03,close,-0.8966681692476793,-0.9754636948626424,0,1,rug
QQQ,2026-08-17 10:30:00,reverse_rug_control,732.0,2026-08-17 10:34:00,732.59,730.8204478414021,737.8986564757937,2026-08-17 13:15:00,730.8204478414021,stop,-1.0,-1.0827994808110624,0,3,rug
QQQ,2026-08-18 10:00:00,reverse_rug_control,718.0,2026-08-18 10:18:00,718.8,716.9804392053564,724.2586823839305,2026-08-18 10:55:00,716.9804392053564,stop,-1.0,-1.0790080773465809,1,3,rug
QQQ,2026-08-18 10:30:00,rug_control,720.0,2026-08-18 10:34:00,719.19,721.022400796857,713.6927976094291,2026-08-18 15:59:00,717.58,close,0.8786287381895748,0.8001317192804375,0,0,rug
QQQ,2026-08-18 11:30:00,reverse_rug_control,718.0,2026-08-18 11:47:00,718.5298,716.9804392053564,723.1778823839308,2026-08-18 14:09:00,716.9804392053564,stop,-1.0,-1.0927517725353697,0,0,rug
QQQ,2026-08-18 15:00:00,reverse_rug_control,717.0,2026-08-18 15:10:00,717.565,715.9818592064632,722.3144223806105,2026-08-18 15:59:00,717.58,close,0.009474836389299,-0.0811759765932816,0,3,rug
QQQ,2026-08-19 10:00:00,reverse_rug,713.0,2026-08-19 10:15:00,713.65,711.9875392108902,718.6373823673293,2026-08-19 11:01:00,718.6373823673293,target,3.0,2.914145343496234,1,3,rug
QQQ,2026-08-19 12:00:00,rug,719.0,2026-08-19 12:27:00,718.38,720.0209807957502,713.4570576127493,2026-08-19 15:59:00,716.12,close,1.3772251362434405,1.2896701810775495,1,2,rug
QQQ,2026-08-19 13:30:00,reverse_rug,716.0,2026-08-19 13:42:00,716.53,714.9832792075699,721.1701623772901,2026-08-19 15:59:00,716.12,close,-0.2650769305013464,-0.3577284295316608,1,2,rug
QQQ,2026-08-20 14:30:00,reverse_rug,709.0,2026-08-20 14:48:00,709.59,707.9932192153171,714.3803423540487,2026-08-20 15:59:00,710.95,close,0.8517136560295588,0.7628360835027929,1,2,rug
QQQ,2026-08-24 11:30:00,rug,709.0,2026-08-24 11:48:00,708.27,709.8896492844843,703.4110521465469,2026-08-24 15:59:00,706.28,close,1.2286610558615867,1.141201380883187,1,1,rug
QQQ,2026-08-25 10:00:00,reverse_rug,710.0,2026-08-25 10:05:00,710.51,709.1090959210383,714.7127122368852,2026-08-25 10:30:00,709.1090959210383,stop,-1.0,-1.1014359242249605,1,3,rug
QQQ,2026-08-25 11:00:00,reverse_rug,709.0,2026-08-25 11:11:00,709.6,708.1103507155157,714.0689478534531,2026-08-25 15:59:00,710.63,close,0.6914379181248069,0.596167171192501,1,2,rug
QQQ,2026-08-25 12:00:00,rug_control,711.0,2026-08-25 12:09:00,710.55,711.8921588734391,706.5235233796824,2026-08-25 15:59:00,710.63,close,-0.0596054622021359,-0.165487115121401,0,2,rug
QQQ,2026-08-26 12:30:00,reverse_rug,709.0,2026-08-26 12:57:00,709.46,708.153277465012,713.3801676049641,2026-08-26 15:59:00,711.35,close,1.446366730039844,1.3377805564637515,1,2,rug
QQQ,2026-08-26 15:00:00,rug_control,713.0,2026-08-26 15:09:00,712.51,713.8514995309541,708.4855014071376,2026-08-26 15:59:00,711.35,close,0.8647039922368971,0.7584780885284956,1,3,rug
QQQ,2026-08-27 13:30:00,rug_control,720.0,2026-08-27 13:39:00,719.57,720.8181422465551,715.8255732603349,2026-08-27 15:54:00,720.8181422465551,stop,-1.0,-1.1153025629868794,1,2,rug
QQQ,2026-08-27 15:00:00,reverse_rug_control,718.0,2026-08-27 15:04:00,718.53,717.1841303707965,722.5676088876103,2026-08-27 15:59:00,721.055,close,1.876110393764084,1.769334821389326,1,2,rug
QQQ,2026-08-28 12:00:00,reverse_rug,716.0,2026-08-28 12:22:00,716.43,715.1937790588463,720.1386628234609,2026-08-28 13:06:00,715.1937790588463,stop,-1.0,-1.115906465608231,1,1,rug
QQQ,2026-08-28 14:30:00,reverse_rug,716.0,2026-08-28 14:34:00,716.52,715.1937790588463,720.498662823461,2026-08-28 14:53:00,715.1937790588463,stop,-1.0,-1.108054393919719,1,1,rug
QQQ,2026-08-28 15:00:00,rug_control,716.0,2026-08-28 15:06:00,715.51,716.8062209411537,711.6213371765389,2026-08-28 15:40:00,716.8062209411537,stop,-1.0,-1.1103993890676012,0,0,rug
QQQ,2026-08-31 10:30:00,rug_control,715.0,2026-08-31 10:38:00,714.35,715.8050949342527,709.984715197242,2026-08-31 15:42:00,715.8050949342527,stop,-1.0,-1.098186033527344,0,0,rug
QQQ,2026-09-01 10:30:00,reverse_rug_control,709.0,2026-09-01 10:32:00,709.52,708.2246925824858,713.4059222525426,2026-09-01 12:30:00,708.2246925824858,stop,-1.0,-1.1095523719553189,0,2,rug
QQQ,2026-09-01 11:30:00,reverse_rug,710.0,2026-09-01 11:36:00,710.62,709.2235990600351,714.8092028198947,2026-09-01 12:20:00,709.2235990600351,stop,-1.0,-1.1017787914147148,1,2,rug
QQQ,2026-09-01 13:00:00,reverse_rug_control,708.0,2026-09-01 13:11:00,708.39,707.2257861049364,711.8826416851906,2026-09-01 13:25:00,707.2257861049364,stop,-1.0,-1.1216941324963894,0,1,rug
QQQ,2026-09-01 14:30:00,reverse_rug_control,706.0,2026-09-01 14:56:00,706.41,705.2279731498378,709.9560805504865,2026-09-01 15:59:00,707.67,close,1.0659656333755183,0.9464404297131684,2,2,rug
QQQ,2026-09-03 11:30:00,rug_control,718.0,2026-09-03 11:32:00,717.62,718.7501878965394,714.2294363103819,2026-09-03 14:06:00,718.7501878965394,stop,-1.0,-1.12699127325595,0,2,rug
QQQ,2026-09-03 12:30:00,rug,718.0,2026-09-03 12:59:00,717.53,718.7501878965394,713.8694363103817,2026-09-03 14:06:00,718.7501878965394,stop,-1.0,-1.1176097553557107,2,1,rug
QQQ,2026-09-03 13:30:00,reverse_rug_control,717.0,2026-09-03 13:36:00,717.42,716.2508569334001,720.9274291997996,2026-09-03 15:59:00,717.61,close,0.1625121898491146,0.0397864053843585,0,3,rug
QQQ,2026-09-04 13:30:00,rug_control,717.5,2026-09-04 13:33:00,717.08,718.2249831940287,713.645050417914,2026-09-04 14:57:00,718.2249831940287,stop,-1.0,-1.1252559869419438,0,1,rug
QQQ,2026-09-04 14:30:00,reverse_rug,717.5,2026-09-04 14:47:00,717.93,716.7750168059713,721.3949495820859,2026-09-04 15:59:00,719.05,close,0.9697110795988024,0.8453923875673087,1,1,rug
QQQ,2026-09-08 11:00:00,rug,720.0,2026-09-08 11:21:00,719.6,720.7155120127915,716.2534639616257,2026-09-08 11:25:00,720.7155120127915,stop,-1.0,-1.1290169880285348,2,0,rug
QQQ,2026-09-08 11:30:00,rug_control,721.0,2026-09-08 11:46:00,720.57,721.7165057794759,717.1304826615724,2026-09-08 15:59:00,718.37,close,1.9188738856647989,1.7931754351381208,1,0,rug
QQQ,2026-09-08 11:30:00,reverse_rug_control,720.0,2026-09-08 11:41:00,720.75,719.2844879872085,725.1465360383744,2026-09-08 12:16:00,719.2844879872085,stop,-1.0,-1.0983615273991698,1,3,rug
QQQ,2026-09-08 12:30:00,rug,720.0,2026-09-08 12:56:00,719.38,720.7155120127915,715.3734639616256,2026-09-08 13:06:00,720.7155120127915,stop,-1.0,-1.1077309665671016,3,1,rug
QQQ,2026-09-08 14:30:00,rug,720.0,2026-09-08 14:35:00,719.46,720.7155120127915,715.6934639616258,2026-09-08 15:59:00,718.37,close,0.8681717011823671,0.753563478772707,2,2,rug
QQQ,2026-09-09 11:30:00,reverse_rug,715.0,2026-09-09 11:32:00,715.46,714.2894568206307,718.9716295381081,2026-09-09 15:59:00,716.32,close,0.734701645490212,0.61245754333151,1,3,rug
QQQ,2026-09-09 12:30:00,rug_control,717.0,2026-09-09 12:53:00,716.59,717.7125307127382,713.2224078617857,2026-09-09 15:59:00,716.32,close,0.2405279400697964,0.1128539277922949,0,0,rug
QQQ,2026-09-09 13:00:00,rug,717.0,2026-09-09 13:03:00,716.47,717.7125307127382,712.7424078617856,2026-09-09 15:59:00,716.32,close,0.1207213620252705,0.0053970496915922,1,1,rug
QQQ,2026-09-10 11:30:00,rug_control,712.0,2026-09-10 11:38:00,711.34,712.707561879316,707.2373143620521,2026-09-10 15:59:00,708.64,close,1.9743165123544584,1.870286119176814,1,2,rug
QQQ,2026-09-10 12:30:00,reverse_rug_control,709.0,2026-09-10 12:37:00,709.59,708.2954194207373,713.4737417377883,2026-09-10 15:53:00,708.2954194207373,stop,-1.0,-1.109624694108127,0,2,rug
QQQ,2026-09-10 14:30:00,rug,710.0,2026-09-10 14:57:00,709.62,710.7055743459472,706.3632769621585,2026-09-10 15:59:00,708.64,close,0.9027479358357108,0.7720116112994404,1,0,rug
QQQ,2026-09-11 10:00:00,rug_control,717.0,2026-09-11 10:02:00,716.08,717.7244779792594,711.146566062222,2026-09-11 15:59:00,714.85,close,0.7479577200261344,0.6608686852039707,1,2,rug
QQQ,2026-09-11 10:00:00,reverse_rug_control,715.0,2026-09-11 10:10:00,715.4,714.277542879818,718.7673713605458,2026-09-11 10:43:00,714.277542879818,stop,-1.0,-1.1274703482452932,0,1,rug
QQQ,2026-09-11 13:00:00,reverse_rug_control,716.0,2026-09-11 13:07:00,716.44,715.2765324502793,719.9304026491623,2026-09-11 15:50:00,715.2765324502793,stop,-1.0,-1.1231559917888498,0,1,rug
QQQ,2026-09-14 10:30:00,rug,706.0,2026-09-14 10:35:00,705.26,706.7133632543334,700.8999102369996,2026-09-14 11:05:00,706.7133632543334,stop,-1.0,-1.097052130346236,2,1,rug
QQQ,2026-09-14 11:00:00,rug_control,706.0,2026-09-14 11:04:00,705.32,706.7133632543334,701.1399102369999,2026-09-14 11:05:00,706.7133632543334,stop,-1.0,-1.1012399311961814,1,1,rug
QQQ,2026-09-14 12:30:00,rug,711.0,2026-09-14 12:46:00,710.63,711.7184154020271,707.3647537939188,2026-09-14 12:48:00,711.7184154020271,stop,-1.0,-1.1305806585751217,2,2,rug
QQQ,2026-09-16 10:30:00,rug,710.0,2026-09-16 10:50:00,709.59,710.7418292570236,706.1345122289293,2026-09-16 11:00:00,710.7418292570236,stop,-1.0,-1.1232109699719988,2,2,rug
QQQ,2026-09-16 11:00:00,rug_control,711.0,2026-09-16 11:02:00,710.46,711.7428740869631,706.6113777391109,2026-09-16 11:47:00,711.7428740869631,stop,-1.0,-1.110760675146519,0,3,rug
QQQ,2026-09-16 12:00:00,reverse_rug_control,710.0,2026-09-16 12:15:00,710.45,709.2581707429764,714.025487771071,2026-09-16 13:40:00,709.2581707429764,stop,-1.0,-1.119220097310618,0,0,rug
QQQ,2026-09-16 13:00:00,rug,710.0,2026-09-16 13:19:00,709.6,710.7418292570236,706.1745122289293,2026-09-16 14:00:00,710.7418292570236,stop,-1.0,-1.1242917880471424,2,1,rug
QQQ,2026-09-16 14:00:00,rug,710.0,2026-09-16 14:25:00,709.3,710.7418292570236,704.974512228929,2026-09-16 14:56:00,704.974512228929,target,3.0,2.9016110962453063,2,1,rug
QQQ,2026-09-17 10:00:00,rug,715.0,2026-09-17 10:07:00,714.24,715.747053406721,709.7188397798371,2026-09-17 10:14:00,715.747053406721,stop,-1.0,-1.0947862891672886,1,1,rug
QQQ,2026-09-22 13:00:00,reverse_rug_control,745.0,2026-09-22 13:27:00,745.48,744.2596438200977,749.1410685397069,2026-09-22 15:59:00,747.49,close,1.6470601231854414,1.524885955958348,0,2,rug
QQQ,2026-09-22 14:30:00,reverse_rug,746.0,2026-09-22 14:43:00,746.48,745.2586500534132,750.1440498397603,2026-09-22 15:59:00,747.49,close,0.8269538168176734,0.7047153049012255,1,3,rug
QQQ,2026-09-23 12:00:00,rug,741.0,2026-09-23 12:17:00,740.48,741.7238899448427,736.7483301654721,2026-09-23 15:59:00,741.16,close,-0.5466721576288461,-0.665730922123269,1,2,rug
QQQ,2026-09-24 12:30:00,reverse_rug,739.0,2026-09-24 12:35:00,739.65,738.2780638741717,743.7658083774847,2026-09-24 14:03:00,738.2780638741717,stop,-1.0,-1.1078257195907666,1,0,rug
QQQ,2026-09-24 13:00:00,reverse_rug_control,740.0,2026-09-24 13:28:00,740.43,739.2770869646646,743.888739106006,2026-09-24 13:43:00,739.2770869646646,stop,-1.0,-1.1284450738792495,0,1,rug
QQQ,2026-09-24 14:00:00,rug_control,740.0,2026-09-24 14:20:00,739.45,740.7229130353354,735.631260893994,2026-09-24 14:26:00,740.7229130353354,stop,-1.0,-1.116182328167483,1,1,rug
QQQ,2026-09-24 14:00:00,reverse_rug_control,739.0,2026-09-24 14:11:00,739.42,738.2780638741717,742.8458083774847,2026-09-24 15:59:00,741.06,close,1.4361573847315727,1.3066545196805694,0,2,rug
QQQ,2026-09-25 11:30:00,reverse_rug,742.0,2026-09-25 11:56:00,742.38,741.2687001591573,745.713899522528,2026-09-25 12:10:00,745.713899522528,target,3.0,2.866394293832153,1,2,rug
QQQ,2026-09-25 12:00:00,rug,745.0,2026-09-25 12:20:00,744.21,745.7342565787436,739.6372302637693,2026-09-25 15:59:00,744.45,close,-0.1574538062337497,-0.2551027205147617,2,2,rug
QQQ,2026-09-28 11:00:00,reverse_rug_control,733.0,2026-09-28 11:02:00,733.38,732.2717114590254,736.7048656229239,2026-09-28 12:16:00,736.7048656229239,target,3.0,2.8676554032842265,0,1,rug
QQQ,2026-09-28 12:00:00,rug,736.0,2026-09-28 12:12:00,735.45,736.7312692580591,731.6061922258228,2026-09-28 12:16:00,736.7312692580591,stop,-1.0,-1.1148002256940273,1,2,rug
QQQ,2026-09-29 10:00:00,rug_control,740.0,2026-09-29 10:28:00,739.02,740.7352435475051,733.8742693574846,2026-09-29 15:59:00,737.98,close,0.6063278894199512,0.5201570361816535,0,2,rug
QQQ,2026-09-29 15:00:00,reverse_rug_control,738.0,2026-09-29 15:22:00,738.47,737.2667435972179,742.0797692083464,2026-09-29 15:59:00,737.98,close,-0.4072282506596655,-0.529973494032987,0,2,rug
SPXW,2026-07-09 10:00:00,reverse_rug_control,7500.0,2026-07-09 10:28:00,7507.91,7492.022831184291,7555.571506447126,2026-07-09 15:59:00,7542.28,close,2.1633810528919377,2.0688656601609634,0,1,rug
SPXW,2026-07-10 15:00:00,reverse_rug_control,7570.0,2026-07-10 15:03:00,7576.39,7562.573254839925,7617.840235480225,2026-07-10 15:59:00,7575.38,close,-0.0730997053429587,-0.1827693838703289,1,1,rug
SPXW,2026-07-13 10:30:00,reverse_rug_control,7540.0,2026-07-13 10:48:00,7547.06,7533.225087954644,7588.564736136071,2026-07-13 12:18:00,7533.225087954644,stop,-1.0,-1.1091016693891151,0,2,rug
SPXW,2026-07-13 12:30:00,reverse_rug_control,7515.0,2026-07-13 12:37:00,7518.47,7508.247551190868,7549.137346427397,2026-07-13 15:36:00,7508.247551190868,stop,-1.0,-1.1470972394262955,1,2,rug
SPXW,2026-07-15 10:00:00,rug_control,7580.0,2026-07-15 10:11:00,7575.78,7586.810853223316,7542.68744033005,2026-07-15 12:06:00,7542.68744033005,target,3.0,2.862643807389503,1,0,rug
SPXW,2026-07-15 12:00:00,reverse_rug_control,7540.0,2026-07-15 12:09:00,7544.95,7533.225087954644,7580.124736136068,2026-07-15 12:20:00,7533.225087954644,stop,-1.0,-1.1286994728969126,0,1,rug
SPXW,2026-07-15 12:30:00,rug,7540.0,2026-07-15 12:47:00,7535.88,7546.774912045356,7503.195263863931,2026-07-15 13:06:00,7546.774912045356,stop,-1.0,-1.1383376014166544,1,1,rug
SPXW,2026-07-15 13:30:00,reverse_rug_control,7555.0,2026-07-15 13:37:00,7559.55,7548.211610012909,7593.565169961274,2026-07-15 15:59:00,7572.2,close,1.1156786822821805,0.982334353702789,0,1,rug
SPXW,2026-07-16 12:00:00,reverse_rug_control,7540.0,2026-07-16 12:27:00,7546.06,7532.873091616327,7585.620725151021,2026-07-16 14:05:00,7532.873091616327,stop,-1.0,-1.1144477504574548,0,1,rug
SPXW,2026-07-16 14:00:00,rug,7540.0,2026-07-16 14:03:00,7535.83,7547.126908383673,7501.93927484898,2026-07-16 15:59:00,7534.62,close,0.1071089504229997,-0.0263050730259473,1,1,rug
SPXW,2026-07-17 10:00:00,rug,7490.0,2026-07-17 10:07:00,7485.46,7497.382076126489,7449.693771620534,2026-07-17 10:17:00,7497.382076126489,stop,-1.0,-1.1255730951653404,1,2,rug
SPXW,2026-07-17 14:30:00,rug,7470.0,2026-07-17 14:32:00,7462.3,7477.362364307726,7417.112907076822,2026-07-17 15:59:00,7457.78,close,0.3000856909085619,0.2010003169587059,1,1,rug
SPXW,2026-07-20 10:00:00,reverse_rug_control,7470.0,2026-07-20 10:23:00,7476.18,7462.614081886371,7516.877754340887,2026-07-20 10:59:00,7462.614081886371,stop,-1.0,-1.1102200372636648,0,3,rug
SPXW,2026-07-20 11:00:00,rug_control,7470.0,2026-07-20 11:05:00,7464.6,7477.385918113629,7426.242245659116,2026-07-20 11:09:00,7477.385918113629,stop,-1.0,-1.1167628313221192,1,0,rug
SPXW,2026-07-20 13:30:00,rug_control,7470.0,2026-07-20 13:39:00,7465.92,7477.385918113629,7431.522245659115,2026-07-20 14:13:00,7477.385918113629,stop,-1.0,-1.130228036272576,0,0,rug
SPXW,2026-07-20 14:30:00,reverse_rug_control,7460.0,2026-07-20 14:35:00,7464.94,7452.623969326952,7501.888092019143,2026-07-20 14:44:00,7452.623969326952,stop,-1.0,-1.12122314726507,0,2,rug
SPXW,2026-07-20 15:00:00,reverse_rug_control,7440.0,2026-07-20 15:16:00,7444.46,7432.643744208113,7479.90876737566,2026-07-20 15:59:00,7444.73,close,0.0228498777239498,-0.103153826513927,0,2,rug
SPXW,2026-07-22 10:30:00,rug_control,7500.0,2026-07-22 10:41:00,7494.6,7507.4155804353695,7456.153258693893,2026-07-22 11:03:00,7507.4155804353695,stop,-1.0,-1.116960757849344,0,2,rug
SPXW,2026-07-22 15:00:00,reverse_rug,7500.0,2026-07-22 15:28:00,7505.67,7492.5844195646305,7544.926741306109,2026-07-22 15:59:00,7499.44,close,-0.4760965729239744,-0.5908132266799301,1,2,rug
SPXW,2026-07-23 10:00:00,reverse_rug,7420.0,2026-07-23 10:12:00,7426.29,7412.686915239179,7467.099254282462,2026-07-23 10:33:00,7412.686915239179,stop,-1.0,-1.1091853815597617,1,2,rug
SPXW,2026-07-23 11:30:00,rug_control,7400.0,2026-07-23 11:42:00,7393.24,7407.293372942058,7351.079881173824,2026-07-23 12:08:00,7407.293372942058,stop,-1.0,-1.1052165914970309,0,1,rug
SPXW,2026-07-23 12:00:00,reverse_rug,7400.0,2026-07-23 12:02:00,7405.83,7392.706627057942,7445.200118826175,2026-07-23 14:07:00,7392.706627057942,stop,-1.0,-1.1128647342828386,1,1,rug
SPXW,2026-07-23 14:00:00,rug,7400.0,2026-07-23 14:26:00,7395.25,7407.293372942058,7359.119881173825,2026-07-23 15:58:00,7407.293372942058,stop,-1.0,-1.1228102797377306,2,2,rug
SPXW,2026-07-23 14:30:00,rug_control,7400.0,2026-07-23 14:36:00,7395.37,7407.293372942058,7359.599881173824,2026-07-23 15:58:00,7407.293372942058,stop,-1.0,-1.1240482879456637,1,1,rug
SPXW,2026-07-23 15:00:00,reverse_rug_control,7390.0,2026-07-23 15:17:00,7394.45,7382.716482967323,7429.6505510980305,2026-07-23 15:49:00,7382.716482967323,stop,-1.0,-1.126039788060256,0,2,rug
SPXW,2026-07-24 11:00:00,rug,7450.0,2026-07-24 11:17:00,7443.13,7457.366143232467,7400.421570302599,2026-07-24 12:05:00,7457.366143232467,stop,-1.0,-1.1045666635753597,1,1,rug
SPXW,2026-07-24 13:00:00,reverse_rug_control,7430.0,2026-07-24 13:17:00,7435.41,7422.653631648694,7473.679105053919,2026-07-24 14:21:00,7422.653631648694,stop,-1.0,-1.1165756553155446,1,2,rug
SPXW,2026-07-27 10:30:00,reverse_rug,7400.0,2026-07-27 10:39:00,7403.84,7392.659960882928,7437.380117351216,2026-07-27 10:41:00,7392.659960882928,stop,-1.0,-1.1324474793418997,1,2,rug
SPXW,2026-07-27 12:00:00,rug_control,7400.0,2026-07-27 12:16:00,7392.92,7407.340039117072,7349.659882648785,2026-07-27 12:25:00,7407.340039117072,stop,-1.0,-1.1025367537491304,0,2,rug
SPXW,2026-07-27 12:30:00,reverse_rug,7410.0,2026-07-27 12:38:00,7414.35,7402.650041911148,7449.449874266557,2026-07-27 12:50:00,7402.650041911148,stop,-1.0,-1.1267414796479376,1,1,rug
SPXW,2026-07-27 13:00:00,reverse_rug_control,7385.0,2026-07-27 13:07:00,7388.68,7377.674839340598,7421.695481978208,2026-07-27 15:34:00,7421.695481978208,target,3.0,2.8657233596369656,0,1,rug
SPXW,2026-07-27 14:00:00,rug_control,7400.0,2026-07-27 14:16:00,7395.14,7407.340039117072,7358.539882648786,2026-07-27 14:53:00,7407.340039117072,stop,-1.0,-1.1212314145723037,0,2,rug
SPXW,2026-07-30 10:00:00,reverse_rug_control,7400.0,2026-07-30 10:11:00,7404.62,7392.454975204971,7441.115074385088,2026-07-30 10:51:00,7392.454975204971,stop,-1.0,-1.121736208922905,1,2,rug
SPXW,2026-07-31 10:30:00,rug,7440.0,2026-07-31 10:41:00,7434.49,7447.852626943337,7394.402119169988,2026-07-31 10:49:00,7447.852626943337,stop,-1.0,-1.1112728811711234,1,3,rug
SPXW,2026-08-03 10:00:00,rug_control,7565.0,2026-08-03 10:04:00,7558.55,7572.984559519669,7515.246321440993,2026-08-03 10:37:00,7572.984559519669,stop,-1.0,-1.10472851616567,0,1,rug
SPXW,2026-08-03 10:00:00,reverse_rug_control,7555.0,2026-08-03 10:05:00,7559.49,7547.025995086437,7596.882014740687,2026-08-03 13:34:00,7596.882014740687,target,3.0,2.8786988603996075,0,2,rug
SPXW,2026-08-03 11:30:00,reverse_rug,7575.0,2026-08-03 11:38:00,7579.83,7567.004885874224,7618.305342377328,2026-08-03 15:59:00,7599.97,close,1.570356396246232,1.4521534714899371,3,1,rug
SPXW,2026-08-04 15:00:00,rug,7755.0,2026-08-04 15:05:00,7750.81,7763.185097035695,7713.684708892915,2026-08-04 15:59:00,7735.6,close,1.229081271534917,1.1038166376069023,1,2,rug
SPXW,2026-08-05 10:30:00,reverse_rug_control,7765.0,2026-08-05 10:32:00,7770.12,7756.763068579316,7810.190794262053,2026-08-05 10:53:00,7756.763068579316,stop,-1.0,-1.116345884474144,0,3,rug
SPXW,2026-08-06 10:30:00,reverse_rug_control,7725.0,2026-08-06 10:33:00,7729.25,7716.805499649094,7766.583501052719,2026-08-06 11:19:00,7716.805499649094,stop,-1.0,-1.1242195312315144,0,1,rug
SPXW,2026-08-06 12:30:00,reverse_rug_control,7705.0,2026-08-06 12:37:00,7709.21,7696.826715183983,7746.359854448052,2026-08-06 15:59:00,7711.38,close,0.1752362181957781,0.0507262821886786,0,2,rug
SPXW,2026-08-07 10:00:00,reverse_rug_control,7725.0,2026-08-07 10:16:00,7730.79,7716.805499649094,7772.743501052719,2026-08-07 15:59:00,7755.61,close,1.7748220799602064,1.664259817369266,0,3,rug
SPXW,2026-08-10 10:30:00,rug_control,7775.0,2026-08-10 10:51:00,7769.65,7783.247539188129,7728.857382435612,2026-08-10 15:59:00,7753.15,close,1.21345485912661,1.0991746222028151,0,1,rug
SPXW,2026-08-10 11:30:00,reverse_rug_control,7760.0,2026-08-10 11:52:00,7764.78,7751.768372463038,7803.814882610885,2026-08-10 12:32:00,7751.768372463038,stop,-1.0,-1.119351402857832,0,2,rug
SPXW,2026-08-11 11:30:00,reverse_rug_control,7740.0,2026-08-11 11:42:00,7744.24,7731.789587997927,7781.591236006218,2026-08-11 13:03:00,7731.789587997927,stop,-1.0,-1.124401345091402,0,3,rug
SPXW,2026-08-12 10:00:00,rug_control,7750.0,2026-08-12 10:02:00,7745.7,7758.221019769518,7708.136940691446,2026-08-12 14:40:00,7758.221019769518,stop,-1.0,-1.1237231494331916,0,0,rug
SPXW,2026-08-12 14:00:00,reverse_rug_control,7750.0,2026-08-12 14:11:00,7754.13,7741.778980230482,7791.183059308553,2026-08-12 15:59:00,7748.71,close,-0.438830161488091,-0.5643927489456411,0,1,rug
SPXW,2026-08-13 10:30:00,rug_control,7815.0,2026-08-13 10:43:00,7810.19,7822.943516310039,7771.929451069882,2026-08-13 15:59:00,7798.86,close,0.8883824448541499,0.7659034389057743,0,0,rug
SPXW,2026-08-13 11:00:00,reverse_rug_control,7790.0,2026-08-13 11:19:00,7794.82,7782.081894810594,7833.034315568216,2026-08-13 11:34:00,7782.081894810594,stop,-1.0,-1.1223858632676886,0,2,rug
SPXW,2026-08-14 12:00:00,reverse_rug,7785.0,2026-08-14 12:26:00,7789.06,7777.167366449711,7824.737900650868,2026-08-14 13:37:00,7777.167366449711,stop,-1.0,-1.13098965787625,1,2,rug
SPXW,2026-08-14 15:00:00,reverse_rug,7780.0,2026-08-14 15:25:00,7784.06,7772.172397042871,7819.722808871388,2026-08-14 15:59:00,7786.01,close,0.1640364341770312,0.0330754653749613,1,1,rug
SPXW,2026-08-17 13:30:00,rug_control,7760.0,2026-08-17 13:34:00,7755.56,7767.376461579733,7720.110615260804,2026-08-17 15:59:00,7746.14,close,0.797192961398644,0.6659259158847413,0,2,rug
SPXW,2026-08-18 11:30:00,rug_control,7705.0,2026-08-18 11:50:00,7701.12,7711.739160450058,7669.262518649825,2026-08-18 15:59:00,7693.26,close,0.7401715076220176,0.5951295330475059,0,3,rug
SPXW,2026-08-19 10:30:00,rug,7725.0,2026-08-19 10:34:00,7720.85,7731.756653403855,7688.130039788436,2026-08-19 10:39:00,7731.756653403855,stop,-1.0,-1.1415805511390176,1,0,rug
SPXW,2026-08-19 11:30:00,rug_control,7730.0,2026-08-19 11:36:00,7725.52,7736.761026642304,7691.796920073089,2026-08-19 12:15:00,7736.761026642304,stop,-1.0,-1.1374522140340126,0,2,rug
SPXW,2026-08-19 14:00:00,rug,7725.0,2026-08-19 14:04:00,7720.61,7731.756653403855,7687.170039788433,2026-08-19 15:59:00,7708.03,close,1.128589859593975,0.9900620033796682,1,1,rug
SPXW,2026-08-20 14:30:00,rug_control,7655.0,2026-08-20 14:33:00,7651.34,7662.229968643537,7618.670094069389,2026-08-20 15:59:00,7642.21,close,0.8383862524175929,0.6978653703020891,0,1,rug
SPXW,2026-08-21 12:30:00,reverse_rug_control,7680.0,2026-08-21 12:39:00,7683.91,7672.746419440579,7717.400741678261,2026-08-21 14:00:00,7672.746419440579,stop,-1.0,-1.137660313536517,0,2,rug
SPXW,2026-08-24 11:00:00,reverse_rug_control,7650.0,2026-08-24 11:29:00,7655.38,7643.308945172882,7691.593164481354,2026-08-24 15:59:00,7652.82,close,-0.2120775720651398,-0.338916197349185,1,2,rug
SPXW,2026-08-24 12:00:00,rug,7670.0,2026-08-24 12:05:00,7665.53,7676.708547780915,7631.994356657254,2026-08-24 15:59:00,7652.82,close,1.136999210371431,0.9998520576243266,2,0,rug
SPXW,2026-08-25 10:30:00,rug,7665.0,2026-08-25 10:42:00,7660.91,7671.216925338707,7629.989223983877,2026-08-25 11:28:00,7671.216925338707,stop,-1.0,-1.1486555834692924,1,0,rug
SPXW,2026-08-25 11:30:00,reverse_rug_control,7665.0,2026-08-25 11:53:00,7669.49,7658.783074661293,7701.610776016121,2026-08-25 15:59:00,7675.73,close,0.582800365427154,0.4395381354707418,0,2,rug
SPXW,2026-08-27 11:00:00,reverse_rug_control,7720.0,2026-08-27 11:04:00,7724.09,7714.53890416806,7752.74328749582,2026-08-27 11:44:00,7714.53890416806,stop,-1.0,-1.1617424876875313,1,1,rug
SPXW,2026-08-28 11:00:00,reverse_rug_control,7760.0,2026-08-28 11:17:00,7762.89,7754.510608334735,7788.028174995798,2026-08-28 11:39:00,7754.510608334735,stop,-1.0,-1.185285288243029,0,1,rug
SPXW,2026-08-28 12:30:00,rug_control,7725.0,2026-08-28 12:53:00,7720.34,7730.464632811106,7689.966101566683,2026-08-28 15:59:00,7709.9,close,1.0311485062993102,0.8786424323697618,0,0,rug
SPXW,2026-08-28 12:30:00,reverse_rug_control,7715.0,2026-08-28 12:35:00,7719.49,7709.542441147226,7749.3326765583215,2026-08-28 13:00:00,7709.542441147226,stop,-1.0,-1.155203706039847,1,3,rug
SPXW,2026-08-28 14:00:00,rug,7715.0,2026-08-28 14:06:00,7711.99,7720.457558852774,7686.587323441677,2026-08-28 15:59:00,7709.9,close,0.246824384257497,0.0646705868268901,1,0,rug
SPXW,2026-09-02 10:30:00,rug,7675.0,2026-09-02 10:38:00,7672.25,7680.429263019448,7647.712210941657,2026-09-02 10:44:00,7680.429263019448,stop,-1.0,-1.1876024766964408,1,3,rug
SPXW,2026-09-02 11:00:00,rug,7675.0,2026-09-02 11:12:00,7671.46,7680.429263019448,7644.552210941657,2026-09-02 11:30:00,7680.429263019448,stop,-1.0,-1.1710611001899776,1,2,rug
SPXW,2026-09-02 14:00:00,rug,7675.0,2026-09-02 14:19:00,7672.02,7680.429263019448,7646.792210941659,2026-09-02 15:59:00,7667.45,close,0.5434483366059578,0.3609824063036787,1,1,rug
SPXW,2026-09-03 11:00:00,reverse_rug_control,7710.0,2026-09-03 11:02:00,7714.17,7704.545978126392,7743.042065620825,2026-09-03 11:29:00,7743.042065620825,target,3.0,2.839689267100394,0,2,rug
SPXW,2026-09-03 11:30:00,rug_control,7750.0,2026-09-03 11:53:00,7747.05,7755.482317706934,7721.753046879199,2026-09-03 14:01:00,7755.482317706934,stop,-1.0,-1.183746634537497,0,2,rug
SPXW,2026-09-03 11:30:00,reverse_rug_control,7740.0,2026-09-03 11:42:00,7742.95,7734.524756251398,7768.225731245806,2026-09-03 15:59:00,7747.8,close,0.5756510012906273,0.3918474169424653,1,1,rug
SPXW,2026-09-03 14:30:00,rug_control,7755.0,2026-09-03 14:44:00,7752.11,7760.4858546861,7726.9824359417,2026-09-03 15:59:00,7747.8,close,0.5145743522929185,0.3294682278310192,0,3,rug
SPXW,2026-09-08 10:30:00,rug,7695.0,2026-09-08 10:57:00,7689.97,7700.107273544134,7659.558179367599,2026-09-08 15:59:00,7674.13,close,1.5625503179961608,1.4108335873284736,1,2,rug
SPXW,2026-09-10 14:30:00,reverse_rug,7585.0,2026-09-10 14:35:00,7589.11,7579.782007698325,7617.093976905023,2026-09-10 15:59:00,7592.3,close,0.3419814143101191,0.1792645132972881,1,3,rug
SPXW,2026-09-11 13:30:00,reverse_rug,7670.0,2026-09-11 13:52:00,7672.96,7664.656996093944,7697.869011718168,2026-09-11 14:44:00,7664.656996093944,stop,-1.0,-1.1848237116787006,1,2,rug
SPXW,2026-09-11 14:30:00,reverse_rug_control,7665.0,2026-09-11 14:34:00,7667.92,7659.660479147337,7692.698562557988,2026-09-11 15:11:00,7659.660479147337,stop,-1.0,-1.185674693164023,0,1,rug
SPXW,2026-09-14 10:00:00,reverse_rug,7615.0,2026-09-14 10:06:00,7621.65,7609.695309681276,7657.514070956171,2026-09-14 10:20:00,7609.695309681276,stop,-1.0,-1.1275089491538353,1,1,rug
SPXW,2026-09-14 10:30:00,reverse_rug,7595.0,2026-09-14 10:42:00,7597.76,7589.70924189485,7621.912274315449,2026-09-14 11:35:00,7621.912274315449,target,3.0,2.8112535515098878,1,2,rug
SPXW,2026-09-17 12:30:00,reverse_rug_control,7635.0,2026-09-17 12:44:00,7637.89,7629.585382936359,7662.803851190925,2026-09-17 12:57:00,7629.585382936359,stop,-1.0,-1.1839432195721424,1,2,rug
SPXW,2026-09-17 13:00:00,reverse_rug_control,7635.0,2026-09-17 13:04:00,7637.76,7629.585382936359,7662.283851190925,2026-09-17 15:59:00,7637.05,close,-0.086854221362603,-0.2737194883356738,0,2,rug
SPXW,2026-09-17 15:00:00,rug_control,7640.0,2026-09-17 15:27:00,7637.18,7645.418162981823,7612.465511054532,2026-09-17 15:53:00,7645.418162981823,stop,-1.0,-1.1854097816916498,0,1,rug
SPXW,2026-09-18 11:00:00,rug,7630.0,2026-09-18 11:02:00,7625.97,7635.364362742525,7597.786911772425,2026-09-18 14:22:00,7635.364362742525,stop,-1.0,-1.1623520447103837,1,0,rug
SPXW,2026-09-18 15:00:00,reverse_rug,7640.0,2026-09-18 15:11:00,7642.94,7634.628606637891,7667.874180086326,2026-09-18 15:59:00,7646.04,close,0.3729819856840203,0.1890672155121821,1,1,rug
SPXW,2026-09-21 10:30:00,reverse_rug_control,7720.0,2026-09-21 10:48:00,7723.63,7714.622165560007,7750.653503319981,2026-09-21 12:30:00,7750.653503319981,target,3.0,2.828513056019144,0,1,rug
SPXW,2026-09-21 14:30:00,rug_control,7770.0,2026-09-21 14:32:00,7766.67,7775.412664973932,7740.442005078205,2026-09-21 14:53:00,7775.412664973932,stop,-1.0,-1.1776728268361656,0,2,rug
SPXW,2026-09-21 15:00:00,rug_control,7775.0,2026-09-21 15:04:00,7772.01,7780.416148027325,7746.791555918026,2026-09-21 15:59:00,7764.22,close,0.92670269125382,0.7417901730650746,0,1,rug
SPXW,2026-09-24 11:00:00,rug_control,7675.0,2026-09-24 11:06:00,7672.0,7680.24263797427,7647.27208607719,2026-09-24 12:15:00,7680.24263797427,stop,-1.0,-1.1861539964256251,1,0,rug
SPXW,2026-09-24 12:30:00,reverse_rug_control,7700.0,2026-09-24 12:36:00,7706.15,7694.740285029071,7740.379144912786,2026-09-24 13:43:00,7694.740285029071,stop,-1.0,-1.1350804997256256,1,0,rug
SPXW,2026-09-24 13:30:00,rug_control,7705.0,2026-09-24 13:33:00,7701.28,7710.26313037026,7674.330608889219,2026-09-24 14:39:00,7710.26313037026,stop,-1.0,-1.1714609425127775,1,2,rug
SPXW,2026-09-24 14:00:00,reverse_rug_control,7690.0,2026-09-24 14:06:00,7693.48,7684.747115827735,7719.678652516794,2026-09-24 15:59:00,7703.83,close,1.1851754581689735,1.0089798314266831,0,2,rug
SPXW,2026-09-25 11:30:00,reverse_rug_control,7715.0,2026-09-25 11:56:00,7718.27,7709.692576057031,7744.002271828908,2026-09-25 12:05:00,7744.002271828908,target,3.0,2.820032913114281,1,2,rug
SPXW,2026-09-25 14:00:00,reverse_rug_control,7735.0,2026-09-25 14:29:00,7738.63,7729.678817342986,7765.483547971043,2026-09-25 15:59:00,7742.32,close,0.4122360297393873,0.2393285984752973,0,1,rug
SPXW,2026-09-25 15:00:00,rug_control,7740.0,2026-09-25 15:20:00,7736.98,7745.324622335525,7711.946132993422,2026-09-25 15:45:00,7745.324622335525,stop,-1.0,-1.185436313086599,1,2,rug
SPXW,2026-09-28 10:00:00,reverse_rug_control,7700.0,2026-09-28 10:17:00,7704.23,7694.702895092565,7732.811314722303,2026-09-28 10:38:00,7694.702895092565,stop,-1.0,-1.1617328679563086,0,0,rug
SPXW,2026-09-29 10:30:00,reverse_rug_control,7675.0,2026-09-29 10:50:00,7679.42,7669.720093485122,7708.519719544635,2026-09-29 11:08:00,7669.720093485122,stop,-1.0,-1.1583400827259671,1,1,rug
SPXW,2026-09-29 11:00:00,rug,7675.0,2026-09-29 11:05:00,7671.69,7680.279906514878,7645.920280455363,2026-09-29 14:40:00,7680.279906514878,stop,-1.0,-1.178621035903283,1,1,rug
SPXW,2026-09-30 14:00:00,reverse_rug,7700.0,2026-09-30 14:11:00,7702.72,7694.622331688853,7727.013004933443,2026-09-30 14:25:00,7694.622331688853,stop,-1.0,-1.1902453818563088,1,0,rug
SPY,2026-07-09 10:00:00,rug_control,749.0,2026-07-09 10:06:00,748.34,749.8115928457721,743.9252214626838,2026-07-09 11:22:00,749.8115928457721,stop,-1.0,-1.1017047619047615,0,2,rug
SPY,2026-07-09 10:00:00,reverse_rug_control,747.0,2026-07-09 10:27:00,747.66,746.1905742913328,752.0682771260014,2026-07-09 15:59:00,751.72,close,2.7629841890290283,2.66122198416354,0,1,rug
SPY,2026-07-09 12:30:00,rug_control,751.0,2026-07-09 12:34:00,750.48,751.813759982877,746.4787200513692,2026-07-09 13:30:00,751.813759982877,stop,-1.0,-1.1125359899284444,0,1,rug
SPY,2026-07-10 10:00:00,rug_control,753.0,2026-07-10 10:21:00,752.31,753.7527898783137,747.9816303650587,2026-07-10 12:45:00,753.7527898783137,stop,-1.0,-1.1042854557420727,0,2,rug
SPY,2026-07-10 10:00:00,reverse_rug_control,752.0,2026-07-10 10:22:00,752.46,751.2482098426402,756.0953704720795,2026-07-10 10:32:00,751.2482098426402,stop,-1.0,-1.124189818745421,1,1,rug
SPY,2026-07-10 11:00:00,reverse_rug_control,751.0,2026-07-10 11:07:00,751.45,750.2492095635941,755.0523713092177,2026-07-10 15:05:00,755.0523713092177,target,3.0,2.8748407753397545,1,2,rug
SPY,2026-07-10 13:00:00,rug_control,754.0,2026-07-10 13:13:00,753.58,754.7537895992676,750.0586312021973,2026-07-10 15:03:00,754.7537895992676,stop,-1.0,-1.1284012058839523,1,3,rug
SPY,2026-07-10 14:00:00,reverse_rug,754.0,2026-07-10 14:25:00,754.43,753.2462104007324,757.9813687978027,2026-07-10 15:59:00,754.95,close,0.4392672484382544,0.3118070983462501,1,0,rug
SPY,2026-07-13 10:30:00,reverse_rug_control,751.0,2026-07-13 10:46:00,751.7,750.3121791100652,755.8634626698044,2026-07-13 12:26:00,750.3121791100652,stop,-1.0,-1.1083280998941174,0,2,rug
SPY,2026-07-14 10:00:00,reverse_rug_control,750.0,2026-07-14 10:07:00,750.47,749.253563911414,754.1193082657583,2026-07-14 10:16:00,749.253563911414,stop,-1.0,-1.1233883155953237,0,2,rug
SPY,2026-07-14 11:00:00,rug_control,753.0,2026-07-14 11:05:00,752.4,753.7494218329404,748.3517345011788,2026-07-14 15:59:00,751.86,close,0.4001713821565403,0.2886569569955769,0,0,rug
SPY,2026-07-14 12:00:00,reverse_rug_control,750.0,2026-07-14 12:06:00,750.4,749.253563911414,753.8393082657581,2026-07-14 15:59:00,751.86,close,1.2735118987755747,1.1426018537288394,1,3,rug
SPY,2026-07-16 11:30:00,rug_control,754.0,2026-07-16 11:43:00,753.62,754.7504170810585,750.2287487568246,2026-07-16 14:40:00,750.2287487568246,target,3.0,2.866665142870213,0,2,rug
SPY,2026-07-16 13:00:00,reverse_rug_control,752.0,2026-07-16 13:15:00,752.45,751.2515734151777,756.045279754467,2026-07-16 13:41:00,751.2515734151777,stop,-1.0,-1.1255729820298623,1,1,rug
SPY,2026-07-16 14:30:00,reverse_rug_control,750.0,2026-07-16 14:42:00,750.4,749.253563911414,753.8393082657581,2026-07-16 15:26:00,749.253563911414,stop,-1.0,-1.130910045046735,0,1,rug
SPY,2026-07-17 10:00:00,rug_control,747.0,2026-07-17 10:19:00,746.61,747.7234146988592,743.2697559034225,2026-07-17 14:27:00,743.2697559034225,target,3.0,2.8658882443774107,1,2,rug
SPY,2026-07-17 11:30:00,reverse_rug_control,745.0,2026-07-17 11:33:00,745.48,744.2785221544176,749.0844335367473,2026-07-17 14:06:00,744.2785221544176,stop,-1.0,-1.1240938403884806,0,1,rug
SPY,2026-07-17 14:30:00,reverse_rug_control,743.0,2026-07-17 14:46:00,743.61,742.2804590076943,747.5986229769172,2026-07-17 15:25:00,742.2804590076943,stop,-1.0,-1.1118596574762851,0,2,rug
SPY,2026-07-20 10:00:00,reverse_rug_control,745.0,2026-07-20 10:29:00,745.67,744.2389640541144,749.9631078376567,2026-07-20 10:53:00,744.2389640541144,stop,-1.0,-1.104214013930803,0,3,rug
SPY,2026-07-20 10:30:00,rug_control,746.0,2026-07-20 10:32:00,745.44,746.7620574706451,741.4738275880649,2026-07-20 12:08:00,746.7620574706451,stop,-1.0,-1.1127696815837034,1,0,rug
SPY,2026-07-20 11:00:00,reverse_rug_control,744.0,2026-07-20 11:02:00,744.64,743.239985578874,748.840043263378,2026-07-20 14:41:00,743.239985578874,stop,-1.0,-1.1063760470983008,0,3,rug
SPY,2026-07-20 13:30:00,rug_control,745.0,2026-07-20 13:55:00,744.55,745.7610359458856,740.916892162343,2026-07-20 15:59:00,741.71,close,2.345099672432048,2.222138830100405,0,0,rug
SPY,2026-07-20 15:00:00,reverse_rug_control,742.0,2026-07-20 15:29:00,742.73,741.2420286283932,747.1939141148205,2026-07-20 15:59:00,741.71,close,-0.6854970595963232,-0.7853282813755362,0,2,rug
SPY,2026-07-21 13:00:00,rug_control,749.0,2026-07-21 13:10:00,748.58,749.8048925377119,744.9053223868644,2026-07-21 15:59:00,748.27,close,0.2530834260604997,0.1308555608473818,1,2,rug
SPY,2026-07-21 14:30:00,reverse_rug_control,748.0,2026-07-21 14:43:00,748.45,747.1961820851689,752.2114537444936,2026-07-21 15:59:00,748.27,close,-0.1435615154887131,-0.2629488668970346,0,2,rug
SPY,2026-07-22 10:00:00,rug_control,749.0,2026-07-22 10:09:00,748.52,749.7651220449239,744.7846338652281,2026-07-22 11:59:00,749.7651220449239,stop,-1.0,-1.1202323905598688,0,1,rug
SPY,2026-07-22 11:00:00,reverse_rug_control,748.0,2026-07-22 11:05:00,748.42,747.2358994798357,751.9723015604928,2026-07-22 15:59:00,747.39,close,-0.8698585824935379,-0.9962701476022428,0,1,rug
SPY,2026-07-22 12:30:00,rug_control,750.0,2026-07-22 12:46:00,749.59,750.7661435696834,746.0615692909498,2026-07-22 15:59:00,747.39,close,1.8705199405139328,1.7430542094039498,0,1,rug
SPY,2026-07-23 10:00:00,reverse_rug_control,739.0,2026-07-23 10:10:00,739.64,738.2843327142477,743.7070018572567,2026-07-23 10:51:00,738.2843327142477,stop,-1.0,-1.1091182191638682,1,2,rug
SPY,2026-07-23 12:00:00,rug_control,738.0,2026-07-23 12:05:00,737.63,738.7146988591138,734.3759034226586,2026-07-23 12:11:00,738.7146988591138,stop,-1.0,-1.1360064120658586,1,2,rug
SPY,2026-07-23 12:30:00,reverse_rug_control,739.0,2026-07-23 12:38:00,739.5,738.2843327142477,743.1470018572568,2026-07-23 12:48:00,738.2843327142477,stop,-1.0,-1.1216615777469727,1,2,rug
SPY,2026-07-23 13:00:00,rug_control,739.0,2026-07-23 13:04:00,738.2,739.7156672857523,733.6529981427434,2026-07-23 15:59:00,738.19,close,0.0065977540677919,-0.0908114869891773,0,2,rug
SPY,2026-07-23 13:00:00,reverse_rug_control,738.0,2026-07-23 13:09:00,738.43,737.2853011408862,741.8640965773412,2026-07-23 13:41:00,737.2853011408862,stop,-1.0,-1.1290173383367748,1,1,rug
SPY,2026-07-24 10:00:00,rug_control,739.0,2026-07-24 10:17:00,738.62,739.7549067973281,735.2152796080157,2026-07-24 10:23:00,739.7549067973281,stop,-1.0,-1.130163992627225,0,3,rug
SPY,2026-07-24 10:00:00,reverse_rug_control,738.0,2026-07-24 10:03:00,738.42,737.2461147274315,741.9416558177053,2026-07-24 11:14:00,741.9416558177053,target,3.0,2.8741921349120685,0,0,rug
SPY,2026-07-24 10:30:00,rug_control,739.0,2026-07-24 10:34:00,738.35,739.7549067973281,734.1352796080158,2026-07-24 10:57:00,739.7549067973281,stop,-1.0,-1.1051101754798591,0,2,rug
SPY,2026-07-24 11:00:00,rug_control,742.0,2026-07-24 11:12:00,740.97,742.7579713716068,735.6060858851797,2026-07-24 11:15:00,742.7579713716068,stop,-1.0,-1.0828838774229503,1,1,rug
SPY,2026-07-24 11:30:00,rug_control,743.0,2026-07-24 11:32:00,742.37,743.7589928963664,738.2030213109008,2026-07-24 14:34:00,738.2030213109008,target,3.0,2.893106724743944,0,0,rug
SPY,2026-07-24 11:30:00,reverse_rug_control,742.0,2026-07-24 11:35:00,742.43,741.2420286283932,745.9939141148202,2026-07-24 12:47:00,741.2420286283932,stop,-1.0,-1.1249912275235812,0,3,rug
SPY,2026-07-24 13:00:00,reverse_rug_control,741.0,2026-07-24 13:19:00,741.39,740.2430501531527,744.8308495405419,2026-07-24 14:19:00,740.2430501531527,stop,-1.0,-1.1292802823136363,1,2,rug
SPY,2026-07-24 14:30:00,reverse_rug_control,738.0,2026-07-24 14:38:00,738.42,737.2461147274315,741.9416558177053,2026-07-24 15:59:00,738.88,close,0.3918611219932628,0.2660532569053313,0,0,rug
SPY,2026-07-24 15:00:00,rug_control,739.0,2026-07-24 15:02:00,738.32,739.7549067973281,734.0152796080159,2026-07-24 15:59:00,738.88,close,-0.390269250269585,-0.4931776762906807,1,2,rug
SPY,2026-07-27 10:30:00,reverse_rug_control,737.0,2026-07-27 10:38:00,737.95,736.2080029368576,743.1759911894274,2026-07-27 13:02:00,736.2080029368576,stop,-1.0,-1.084724597487988,1,2,rug
SPY,2026-07-27 11:30:00,rug_control,738.0,2026-07-27 11:32:00,737.52,738.7930716860233,733.7007849419301,2026-07-27 12:25:00,738.7930716860233,stop,-1.0,-1.1158646458164194,0,2,rug
SPY,2026-07-27 13:30:00,rug_control,737.0,2026-07-27 13:40:00,736.52,737.7919970631424,732.7040088105728,2026-07-27 13:59:00,737.7919970631424,stop,-1.0,-1.1158052988236409,0,1,rug
SPY,2026-07-27 14:00:00,rug_control,738.0,2026-07-27 14:02:00,737.59,738.7930716860233,733.9807849419303,2026-07-27 14:55:00,738.7930716860233,stop,-1.0,-1.12261779718848,0,2,rug
SPY,2026-07-27 14:00:00,reverse_rug_control,737.0,2026-07-27 14:24:00,737.59,736.2080029368576,741.7359911894273,2026-07-27 15:59:00,739.03,close,1.0419703763520531,0.9352277472001724,0,1,rug
SPY,2026-07-28 15:00:00,rug_control,742.0,2026-07-28 15:08:00,741.49,742.8006890217257,737.5579329348229,2026-07-28 15:59:00,740.77,close,0.5493293894016548,0.4361843202495943,1,1,rug
SPY,2026-07-29 10:30:00,reverse_rug,734.0,2026-07-29 10:46:00,734.55,733.2112268054999,738.5663195835001,2026-07-29 11:55:00,733.2112268054999,stop,-1.0,-1.109734793468779,1,1,rug
SPY,2026-07-29 11:30:00,rug_control,735.0,2026-07-29 11:34:00,734.57,735.7898478173809,730.9104565478576,2026-07-29 13:04:00,735.7898478173809,stop,-1.0,-1.1204363346859494,0,2,rug
SPY,2026-07-29 11:30:00,reverse_rug_control,734.0,2026-07-29 11:49:00,734.44,733.2112268054999,738.1263195835005,2026-07-29 11:55:00,733.2112268054999,stop,-1.0,-1.1195403681146807,0,1,rug
SPY,2026-07-29 12:00:00,reverse_rug_control,732.0,2026-07-29 12:20:00,732.49,731.2133760512615,736.3198718462154,2026-07-29 13:13:00,736.3198718462154,target,3.0,2.885245768619046,0,0,rug
SPY,2026-07-29 14:00:00,reverse_rug_control,737.0,2026-07-29 14:15:00,737.89,736.2080029368576,742.9359911894271,2026-07-29 14:32:00,736.2080029368576,stop,-1.0,-1.0877397489174498,0,1,rug
SPY,2026-07-29 15:00:00,rug_control,742.0,2026-07-29 15:03:00,741.07,742.7973701775464,735.8878894673609,2026-07-29 15:22:00,735.8878894673609,target,3.0,2.914196735635133,0,0,rug
SPY,2026-07-30 11:00:00,reverse_rug_control,735.0,2026-07-30 11:16:00,735.44,734.2068646482905,739.1394060551286,2026-07-30 12:19:00,739.1394060551286,target,3.0,2.8807203120110936,0,0,rug
SPY,2026-07-30 12:30:00,rug_control,739.0,2026-07-30 12:38:00,738.56,739.7974517345759,734.847644796272,2026-07-30 13:00:00,739.7974517345759,stop,-1.0,-1.11936788795291,0,2,rug
SPY,2026-07-31 13:30:00,reverse_rug_control,746.0,2026-07-31 13:35:00,746.405,745.1913120050303,750.0460639849089,2026-07-31 13:50:00,745.1913120050303,stop,-1.0,-1.1229978385043968,0,1,rug
SPY,2026-07-31 14:30:00,reverse_rug_control,746.0,2026-07-31 14:50:00,746.46,745.1913120050303,750.2660639849091,2026-07-31 15:59:00,746.78,close,0.2522290754454407,0.13455475315979,0,2,rug
SPY,2026-08-03 10:00:00,rug_control,754.0,2026-08-03 10:04:00,753.41,754.8173602522884,749.1879192431347,2026-08-03 10:39:00,754.8173602522884,stop,-1.0,-1.107067113594395,0,1,rug
SPY,2026-08-03 11:00:00,reverse_rug,755.0,2026-08-03 11:20:00,755.55,754.1815557155468,759.6553328533595,2026-08-03 15:59:00,757.69,close,1.5638196047237936,1.4533949409528584,3,2,rug
SPY,2026-08-05 10:00:00,rug_control,776.0,2026-08-05 10:02:00,775.25,776.846782928066,770.4596512158021,2026-08-05 11:57:00,770.4596512158021,target,3.0,2.902898510953022,0,0,rug
SPY,2026-08-05 11:00:00,reverse_rug_control,772.0,2026-08-05 11:20:00,772.45,771.157581932388,776.3272542028362,2026-08-05 11:52:00,771.157581932388,stop,-1.0,-1.1195356238600438,0,3,rug
SPY,2026-08-05 13:30:00,rug_control,772.0,2026-08-05 13:45:00,771.48,772.842418067612,767.392745797164,2026-08-05 15:59:00,769.76,close,1.262461237771742,1.1492096568745176,0,1,rug
SPY,2026-08-05 13:30:00,reverse_rug_control,771.0,2026-08-05 13:32:00,771.47,770.1586731475014,775.4039805574959,2026-08-05 15:59:00,770.1586731475014,stop,-1.0,-1.1176625032164995,1,2,rug
SPY,2026-08-06 10:00:00,rug_control,771.0,2026-08-06 10:27:00,770.41,771.8413268524986,766.1160194425041,2026-08-06 15:59:00,768.57,close,1.2855204922536725,1.1778707267713684,0,3,rug
SPY,2026-08-06 10:30:00,reverse_rug_control,770.0,2026-08-06 10:42:00,770.56,769.159764362615,774.7607069121549,2026-08-06 11:19:00,769.159764362615,stop,-1.0,-1.110061475286983,0,1,rug
SPY,2026-08-06 11:30:00,reverse_rug_control,768.0,2026-08-06 11:57:00,768.49,767.161946792842,772.4741596214742,2026-08-06 15:59:00,768.57,close,0.0602385503599174,-0.0554932585552557,0,2,rug
SPY,2026-08-07 10:00:00,reverse_rug_control,770.0,2026-08-07 10:16:00,770.71,769.159764362615,775.3607069121553,2026-08-07 15:59:00,773.2,close,1.6062074306330143,1.5067760949813542,0,3,rug
SPY,2026-08-07 11:30:00,rug_control,774.0,2026-08-07 11:33:00,773.54,774.844600497839,769.6261985064829,2026-08-07 15:59:00,773.2,close,0.2606161814004372,0.142029686717765,1,2,rug
SPY,2026-08-10 10:30:00,rug_control,775.0,2026-08-10 10:52:00,774.32,775.8456917129525,769.7429248611426,2026-08-10 15:59:00,773.06,close,0.8258549150547414,0.7243507915904344,0,1,rug
SPY,2026-08-12 10:00:00,reverse_rug_control,772.0,2026-08-12 10:10:00,772.64,771.157581932388,777.087254202836,2026-08-12 15:59:00,772.53,close,-0.0742030891307271,-0.1784435887415596,0,3,rug
SPY,2026-08-14 13:30:00,rug_control,776.0,2026-08-14 13:37:00,775.49,776.7997978217361,771.5606065347918,2026-08-14 15:59:00,776.3,close,-0.6184160536519473,-0.7368297488239426,0,1,rug
SPY,2026-08-17 11:00:00,rug_control,776.0,2026-08-17 11:25:00,775.605,776.7501373533986,772.1695879398043,2026-08-17 15:59:00,772.68,close,2.554278743348249,2.4188181372125515,0,1,rug
SPY,2026-08-17 11:30:00,reverse_rug_control,775.0,2026-08-17 11:53:00,775.4,774.2508293184486,778.8475120446541,2026-08-17 13:16:00,774.2508293184486,stop,-1.0,-1.134949492263972,2,3,rug
SPY,2026-08-17 13:30:00,reverse_rug_control,773.0,2026-08-17 13:41:00,773.43,772.2527626621429,776.9617120135711,2026-08-17 15:59:00,772.68,close,-0.637084788157713,-0.768482251545665,0,1,rug
SPY,2026-08-18 10:00:00,rug_control,769.0,2026-08-18 10:05:00,768.48,769.6867044605946,764.8598866182164,2026-08-18 15:59:00,767.43,close,0.8701384923055032,0.7427701059118098,0,0,rug
SPY,2026-08-18 10:00:00,reverse_rug_control,768.0,2026-08-18 10:15:00,768.56,767.3141885230993,772.2974344307017,2026-08-18 15:54:00,767.3141885230993,stop,-1.0,-1.123383034150892,1,3,rug
SPY,2026-08-19 10:00:00,rug_control,770.0,2026-08-19 10:03:00,769.56,770.6875974442884,766.1772076671347,2026-08-19 10:37:00,770.6875974442884,stop,-1.0,-1.1364955204355989,0,0,rug
SPY,2026-08-19 10:00:00,reverse_rug_control,769.0,2026-08-19 10:13:00,769.47,768.3132955394054,772.9401133817838,2026-08-19 15:50:00,768.3132955394054,stop,-1.0,-1.1330452204886388,1,3,rug
SPY,2026-08-19 12:00:00,rug_control,772.0,2026-08-19 12:21:00,771.55,772.6893834116762,768.1318497649712,2026-08-19 15:59:00,769.07,close,2.1766158560719733,2.0411829557693606,1,2,rug
SPY,2026-08-20 10:00:00,rug,767.0,2026-08-20 10:25:00,766.57,767.7414373067741,763.055688079678,2026-08-20 11:01:00,767.7414373067741,stop,-1.0,-1.130876828929247,1,1,rug
SPY,2026-08-20 11:00:00,rug_control,768.0,2026-08-20 11:05:00,767.24,768.7424039786213,762.7327880641362,2026-08-20 15:55:00,762.7327880641362,target,3.0,2.897865020205273,1,0,rug
SPY,2026-08-24 11:00:00,reverse_rug,763.0,2026-08-24 11:28:00,763.36,762.3186534415688,766.4840396752936,2026-08-24 15:59:00,763.45,close,0.0864265592192648,-0.0601836146598344,1,2,rug
SPY,2026-08-25 11:30:00,reverse_rug_control,765.0,2026-08-25 11:56:00,765.39,764.3500261839484,768.5099214481546,2026-08-25 15:59:00,765.82,close,0.4134719483925471,0.2662778578901634,0,2,rug
SPY,2026-08-25 12:30:00,rug_control,766.0,2026-08-25 12:43:00,765.55,766.6508234550269,762.2475296349193,2026-08-25 15:59:00,765.82,close,-0.2452709367402588,-0.3843577260894727,0,2,rug
SPY,2026-08-26 10:00:00,rug,767.0,2026-08-26 10:07:00,766.67,767.5936845363808,763.8989463908574,2026-08-26 15:59:00,766.01,close,0.7145296624602597,0.5485270999395223,1,1,rug
SPY,2026-08-27 10:00:00,rug_control,769.0,2026-08-27 10:06:00,768.2,769.5453260458049,764.1640218625854,2026-08-27 10:23:00,769.5453260458049,stop,-1.0,-1.1142027990011003,1,1,rug
SPY,2026-08-27 10:00:00,reverse_rug_control,768.0,2026-08-27 10:08:00,768.35,767.4553830907955,771.0338507276135,2026-08-27 11:16:00,771.0338507276135,target,3.0,2.8282281517161976,0,2,rug
SPY,2026-08-27 10:30:00,rug_control,770.0,2026-08-27 10:38:00,769.69,770.5460351824055,767.1218944527837,2026-08-27 11:01:00,770.5460351824055,stop,-1.0,-1.1798267211020914,0,2,rug
SPY,2026-08-31 10:30:00,rug_control,766.0,2026-08-31 10:46:00,765.71,766.5431986360034,763.2104040919901,2026-08-31 13:50:00,766.5431986360034,stop,-1.0,-1.1838001088607042,0,0,rug
SPY,2026-09-01 10:00:00,rug_control,763.0,2026-09-01 10:08:00,762.71,763.5410712262018,760.2167863213948,2026-09-01 10:21:00,763.5410712262018,stop,-1.0,-1.1835486480468886,1,1,rug
SPY,2026-09-01 14:30:00,reverse_rug,760.0,2026-09-01 14:52:00,760.28,759.4610561835998,762.7368314492005,2026-09-01 15:59:00,761.66,close,1.6850972830664317,1.4994239841722647,2,2,rug
SPY,2026-09-03 11:30:00,reverse_rug,773.0,2026-09-03 11:59:00,773.3,772.4518374077929,775.844487776621,2026-09-03 12:10:00,772.4518374077929,stop,-1.0,-1.1823471129486585,1,1,rug
SPY,2026-09-08 13:00:00,rug,768.0,2026-09-08 13:08:00,767.68,768.5218131505537,765.1545605483386,2026-09-08 15:59:00,765.1545605483386,target,3.0,2.8176127328267584,3,2,rug
SPY,2026-09-11 10:00:00,reverse_rug_control,765.0,2026-09-11 10:09:00,765.41,764.4655542084239,768.2433373747282,2026-09-11 10:36:00,764.4655542084239,stop,-1.0,-1.1620865923332029,0,1,rug
SPY,2026-09-11 12:00:00,rug,766.0,2026-09-11 12:13:00,765.54,766.5351444135258,762.5545667594224,2026-09-11 15:59:00,764.16,close,1.3867334039595136,1.2328783474280396,1,1,rug
SPY,2026-09-14 10:30:00,rug,759.0,2026-09-14 10:35:00,758.67,759.5302540598774,756.0892378203677,2026-09-14 11:05:00,759.5302540598774,stop,-1.0,-1.1763827769922046,2,1,rug
SPY,2026-09-14 12:30:00,rug,763.0,2026-09-14 12:57:00,762.7,763.5330485476766,760.2008543569705,2026-09-14 15:59:00,760.82,close,2.256771235294203,2.073660658575172,2,2,rug
SPY,2026-09-15 12:00:00,reverse_rug,757.0,2026-09-15 12:22:00,757.365,756.4631835934014,760.0704492197959,2026-09-15 15:59:00,757.36,close,-0.0055443657527299,-0.173508708485534,1,2,rug
SPY,2026-09-16 10:30:00,rug,760.0,2026-09-16 10:49:00,759.64,760.5389438164002,756.9431685507993,2026-09-16 11:00:00,760.5389438164002,stop,-1.0,-1.1690072251771964,2,2,rug
SPY,2026-09-16 14:00:00,rug,761.0,2026-09-16 14:09:00,760.67,761.5396529530008,758.0610411409975,2026-09-16 14:32:00,758.0610411409975,target,3.0,2.825063550379437,2,1,rug
SPY,2026-09-17 10:30:00,rug,762.0,2026-09-17 10:33:00,761.67,762.5660266958774,758.9819199123675,2026-09-17 12:00:00,762.5660266958774,stop,-1.0,-1.1700105596193413,1,2,rug
SPY,2026-09-17 12:00:00,reverse_rug,762.0,2026-09-17 12:09:00,762.51,761.4339733041226,765.7380800876323,2026-09-17 15:59:00,762.63,close,0.1115213966900256,-0.030205570293488,1,2,rug
SPY,2026-09-23 10:00:00,rug,771.0,2026-09-23 10:02:00,770.6,771.5371762609194,767.7884712172419,2026-09-23 12:45:00,767.7884712172419,target,3.0,2.835548544679519,1,2,rug
SPY,2026-09-24 14:00:00,rug,768.0,2026-09-24 14:27:00,767.675,768.5350860809159,765.0947417572521,2026-09-24 15:59:00,767.25,close,0.4941365863604615,0.3156253845090225,1,1,rug
SPY,2026-09-25 12:00:00,rug,772.0,2026-09-25 12:12:00,771.65,772.5486327072965,768.9541018781104,2026-09-25 15:59:00,771.31,close,0.3783525763522363,0.2066138907391917,2,2,rug
SPY,2026-09-28 10:30:00,reverse_rug,767.0,2026-09-28 10:32:00,767.28,766.4549206133466,769.75523815996,2026-09-28 10:38:00,766.4549206133466,stop,-1.0,-1.185989375667771,1,1,rug
SPY,2026-09-28 11:00:00,rug,765.0,2026-09-28 11:21:00,764.69,765.5436580583961,762.129025824812,2026-09-28 11:36:00,765.5436580583961,stop,-1.0,-1.179156043214024,1,2,rug
SPY,2026-09-29 10:00:00,reverse_rug,765.0,2026-09-29 10:16:00,765.31,764.4563419416039,767.870974175188,2026-09-29 11:00:00,764.4563419416039,stop,-1.0,-1.179301300438249,1,1,rug
SPY,2026-09-30 10:00:00,rug_control,769.0,2026-09-30 10:09:00,768.555,769.5671684131802,765.5184947604592,2026-09-30 15:47:00,765.5184947604592,target,3.0,2.848136932551531,0,2,rug
SPY,2026-09-30 10:00:00,reverse_rug_control,768.0,2026-09-30 10:02:00,768.4,767.433569127019,771.2992926189428,2026-09-30 10:34:00,767.433569127019,stop,-1.0,-1.159018098755452,1,1,rug
SPY,2026-09-30 11:00:00,rug,769.0,2026-09-30 11:17:00,768.69,769.5671684131802,766.0584947604597,2026-09-30 14:53:00,766.0584947604597,target,3.0,2.824733770972633,1,2,rug
SPY,2026-09-30 11:00:00,reverse_rug_control,768.0,2026-09-30 11:03:00,768.29,767.433569127019,770.8592926189427,2026-09-30 13:15:00,767.433569127019,stop,-1.0,-1.1794166988226065,1,1,rug
