snapshot,symbol,asOf,spot,priceChangePercent,netGamma,king,kingValue,kingDistPct,largestPositive,largestNegative,gammaAboveSpot,gammaBelowSpot,gatekeepers,pikas,barneys,nearestExpiration
1448,AAPL,2026-10-01T18:48:41Z,329.57,-1.04,21308375,335,18601835,1.65,335,327.5,21530313,-221938,325 327.5 330,337.5 340 342.5,312.5 322.5 355,2026-10-02
1448,AFRM,2026-10-01T18:47:29Z,69.83,0.87,-5283447,71,-3725809,1.68,69,71,-5283745,299,,60 69 80,67 72 74,2026-10-02
1448,AMD,2026-10-01T18:48:40Z,617.39,0.92,2940185,610,3685312,-1.2,610,615,4018988,-1078803,600 612.5 615 625 630 635 640,605 627.5 637.5,575 577.5 620,2026-10-02
1448,ARM,2026-10-01T18:47:11Z,292.765,1.07,1129675,300,1158273,2.47,300,280,2435693,-1306018,270 277.5 280 295 310 330,292.5 307.5 315,260 285 305,2026-10-02
1448,AVGO,2026-10-01T18:48:41Z,347.96,-0.92,23182834,355,6064432,2.02,355,325,17997809,5185025,345 347.5 350 352.5,357.5 360 365,320 325 330,2026-10-02
1448,BE,2026-10-01T18:47:36Z,275.54,-0.52,5820495,270,1887590,-2.01,270,250,3009065,2811429,250 272.5 275 277.5 280 290 310,265 267.5 292.5,240 325 360,2026-10-02
1448,CIFR,2026-10-01T18:47:52Z,15.295,-3.35,3614875,15,2279372,-1.93,15,15.5,-1224528,4839402,12 13 15.5 16 20,16.5 17 22,14.5 18.5 19.5,2026-10-02
1448,CRWD,2026-10-01T18:48:01Z,266.165,0.53,5365987,260,2199215,-2.32,260,265,-20600,5386587,255 257.5 265 267.5 270 300,220 240 262.5,250 280 290,2026-10-02
1448,CRWV,2026-10-01T18:48:42Z,87.795,0.77,15512970,110,4274395,25.29,110,90,9394747,6118224,80 83 85 87 90 95 97 98 99 100 105,89 102 120,74 78 101,2026-10-02
1448,GOOGL,2026-10-01T18:48:43Z,338.5,-1.63,16065864,345,5944088,1.92,345,340,11078264,4987600,330 332.5 337.5 340 342.5 350 360,347.5 352.5 355,317.5 320 325,2026-10-02
1448,INTC,2026-10-01T18:48:44Z,120.77,0.45,23454549,120,7344397,-0.64,120,127,2456386,20998164,115 117 118 119 125 127 130,110 128 135,124 129 140,2026-10-02
1448,IONQ,2026-10-01T18:48:44Z,44.26,0.91,914837,45,1642007,1.67,45,40,1707344,-792507,40 41.5 42 44 44.5 46 49,45.5 46.5 47.5,35 43 50,2026-10-02
1448,META,2026-10-01T18:48:45Z,727.04,0.26,250765,740,6442080,1.78,740,750,5600893,-5350128,732.5 750,727.5 745 752.5,717.5 720 730,2026-10-02
1448,MSFT,2026-10-01T18:48:45Z,516.39,0.68,32921230,515,10568600,-0.27,515,517.5,12382536,20538694,512.5 520 525,500 507.5 530,502.5 517.5 527.5,2026-10-02
1448,MU,2026-10-01T18:48:45Z,1084.145,1.79,26988692,1100,5454567,1.46,1100,1055,13818704,13169988,1040 1050 1060 1070 1075,1085 1095 1140,1055 1077.5 1120,2026-10-02
1448,NOW,2026-10-01T18:48:46Z,138.455,3.28,5507179,140,2235448,1.12,140,138,4179681,1327497,125 136 138 139 150,137 143 160,131 134 145,2026-10-02
1448,OKLO,2026-10-01T18:47:52Z,36.065,-2.47,-1432895,35,-1043695,-2.95,38,35,769864,-2202759,30 35.5 36.5 38,37.5 38.5 50,34.5 39 40,2026-10-02
1448,PLTR,2026-10-01T18:48:01Z,190.195,1.68,26801609,190,8005153,-0.1,190,202.5,8397816,18403793,185 187.5 192.5 195 200,175 177.5 225,170 180 202.5,2026-10-02
1448,QQQ,2026-10-01T18:48:47Z,743.04,0.44,-512321738,740,-354488896,-0.41,730,740,-260949403,-251372335,743 744 745,730 738 741,737 739 755,2026-10-01
1448,SHOP,2026-10-01T18:47:59Z,150.445,1.45,1419097,150,3242039,-0.3,150,147,-764281,2183378,,133 142 143,145 147 152.5,2026-10-02
1448,SMH,2026-10-01T18:48:48Z,619.155,1.67,9087073,617.5,3281546,-0.27,617.5,625,727591,8359482,600 605 610 615 622.5 625,620 630 640,585 602.5 632.5,2026-10-01
1448,SPXW,2026-10-01T18:48:48Z,7672.32,0.27,-76783352,7660,-50968779,-0.16,7680,7660,75803112,-152586463,7620 7655 7665 7670 7675 7680 7690 7700 7725,7635 7640 7650,7645 7685 7695,2026-10-01
1448,SPY,2026-10-01T18:48:48Z,764.315,0.22,-902276909,765,-631057527,0.09,767,765,-624230671,-278046238,764,762 767 772,761 766 768,2026-10-01
1448,TEM,2026-10-01T18:47:49Z,77.75,-5.07,2353762,80,2214528,2.89,80,85,1713510,640252,70 85,71 75 81,65 76 78,2026-10-02
1448,TSM,2026-10-01T18:48:48Z,458.97,0.61,-3191451,450,-2445361,-1.95,420,450,-423132,-2768319,420 435 440 445 455 457.5 460 462.5 467.5 470,410 430 505,442.5 447.5 452.5,2026-10-02
1448,U,2026-10-01T18:47:20Z,43.655,6.66,-16462014,46,-15460474,5.37,40,46,-20901827,4439812,47,40 42 45,38 39.5 44,2026-10-02
1448,VIX,2026-10-01T18:48:48Z,16.46,0.73,34401039,17,27413186,3.28,17,31,8739104,25661935,15.5 16 16.5 31,17.5 19 25,18 28 34,2026-10-21
1451,AVGO,2026-10-01T18:51:03Z,347.865,-0.95,23320142,355,5997848,2.05,355,325,17962677,5357465,345 347.5 350 352.5,357.5 360 365,320 325 330,2026-10-02
1451,GOOGL,2026-10-01T18:51:03Z,338.26,-1.69,16257005,345,5842066,1.99,345,340,11194583,5062421,330 332.5 337.5 340 342.5 350 360,347.5 352.5 355,317.5 320 325,2026-10-02
1451,MSFT,2026-10-01T18:51:02Z,516.205,0.64,32947870,515,10595914,-0.23,515,517.5,12021958,20925912,500 512.5 517.5 520 525,505 507.5 530,502.5 527.5 550,2026-10-02
1451,CRWD,2026-10-01T18:51:02Z,266.04,0.49,5488542,260,2219704,-2.27,260,265,-49014,5537556,255 257.5 265 267.5 270 300,220 240 262.5,250 280 290,2026-10-02
