index,node,sign,confluence,n,hold_rate
False,named,+,False,1066,0.4822
False,named,+,True,389,0.5193
False,named,-,False,822,0.4781
False,named,-,True,289,0.4913
False,normal,+,False,471,0.5308
False,normal,+,True,155,0.4839
False,normal,-,False,375,0.5227
False,normal,-,True,114,0.5877
False,price_sr_only,,True,1749,0.4854
True,named,+,False,1057,0.4872
True,named,+,True,377,0.443
True,named,-,False,758,0.4591
True,named,-,True,205,0.4049
True,normal,+,False,910,0.4923
True,normal,+,True,170,0.4529
True,normal,-,False,643,0.4681
True,normal,-,True,162,0.4321
True,price_sr_only,,True,634,0.4274
