scope,split,trades,win_rate,target_rate,mean_r_net,ci95_low,ci95_high
all symbols,all edge trades,2923,0.5323,0.4687,-0.1032,-0.1427,-0.0619
all symbols,roll: no roll,1136,0.5035,0.4278,-0.1403,-0.1954,-0.0831
all symbols,roll: with roll,1070,0.5336,0.4636,-0.1011,-0.1673,-0.0303
all symbols,roll: against roll,310,0.7387,0.7129,0.0152,-0.065,0.0919
all symbols,roll: first map,407,0.4521,0.4103,-0.0955,-0.2152,0.0312
all symbols,edge positive (yellow),1626,0.5381,0.4785,-0.0901,-0.1404,-0.0389
all symbols,edge negative (purple),1297,0.5251,0.4564,-0.1197,-0.1761,-0.06
all symbols,edge >= 20% of King,2862,0.5283,0.4658,-0.1095,-0.1485,-0.0688
all symbols,edge < 20% of King,61,0.7213,0.6066,0.1926,-0.0237,0.4102
all symbols,"positive, >=20% King, not against roll",1417,0.5095,0.4474,-0.1056,-0.1626,-0.0453
indexes,all edge trades,1143,0.5818,0.5468,-0.152,-0.2052,-0.0987
indexes,roll: no roll,416,0.5385,0.5072,-0.2274,-0.307,-0.1461
indexes,roll: with roll,436,0.594,0.5528,-0.1121,-0.2111,-0.0067
indexes,roll: against roll,149,0.7584,0.7248,-0.0628,-0.1915,0.0635
indexes,roll: first map,142,0.4859,0.4577,-0.1475,-0.3313,0.0644
indexes,edge positive (yellow),658,0.5745,0.5441,-0.1687,-0.2334,-0.1041
indexes,edge negative (purple),485,0.5918,0.5505,-0.1294,-0.2166,-0.0351
indexes,edge >= 20% of King,1127,0.5821,0.5466,-0.1515,-0.2037,-0.0979
indexes,edge < 20% of King,16,0.5625,0.5625,-0.1857,-0.6478,0.2433
indexes,"positive, >=20% King, not against roll",555,0.5423,0.5135,-0.1811,-0.2538,-0.1063
