family,filters,jul-sep n,jul-sep win,jul-sep r,jul-sep lo,jul-sep hi,oct-jun n,oct-jun win,oct-jun r,oct-jun lo,oct-jun hi
king_reject,(no filter),72,0.5,-0.3042,-0.4751,-0.1394,189,0.5132,-0.2065,-0.3207,-0.0853
king_reject,king_negative,28,0.5357,-0.1627,-0.4602,0.1188,87,0.5632,-0.1363,-0.3183,0.0484
king_reject,trinity_2of3,49,0.551,-0.2172,-0.4486,0.0143,128,0.5391,-0.1547,-0.2947,-0.0092
king_reject,king_negative + trinity_2of3,18,0.6111,-0.0369,-0.4977,0.4234,64,0.625,-0.0611,-0.2545,0.1436
nonking_rug_3R,(no filter),1107,0.364,-0.0258,-0.1067,0.0522,785,0.3516,-0.0054,-0.1002,0.0911
nonking_rug_3R,sr,366,0.3907,0.0131,-0.127,0.1641,260,0.3923,0.029,-0.1458,0.2147
nonking_rug_3R,king_ahead,651,0.381,0.0157,-0.0785,0.1147,463,0.3737,0.0115,-0.1092,0.1309
nonking_rug_3R,sr + king_ahead,230,0.4,0.0585,-0.1321,0.2458,149,0.4161,-0.0037,-0.2037,0.1993
nonking_rug_king,(no filter),680,0.4279,-0.0057,-0.1027,0.0933,484,0.4463,-0.0181,-0.1195,0.0861
nonking_rug_king,sr,243,0.4527,0.0603,-0.1037,0.2317,159,0.522,-0.0086,-0.1745,0.1789
nonking_rug_king,king_negative,479,0.4614,0.0051,-0.0875,0.0996,401,0.4763,-0.0107,-0.1167,0.0954
nonking_rug_king,sr + king_negative,166,0.494,0.0585,-0.1137,0.2359,134,0.5522,0.0186,-0.1629,0.23
nonking_rug_swing,(no filter),1160,0.4931,-0.0018,-0.0663,0.0647,830,0.5048,-0.0158,-0.094,0.063
nonking_rug_swing,trinity_2of3,45,0.5333,-0.0227,-0.3652,0.3194,134,0.5373,-0.0098,-0.2125,0.2063
ote,(no filter),2002,0.3761,-0.1549,-0.2174,-0.0901,1196,0.3637,-0.2094,-0.2973,-0.1198
ote,supply_demand,163,0.3804,-0.1143,-0.3539,0.1358,116,0.3879,-0.1658,-0.3931,0.0788
ote,king_ahead,1230,0.3951,-0.1175,-0.2025,-0.0301,779,0.3671,-0.1932,-0.2961,-0.0894
ote,supply_demand + king_ahead,100,0.36,-0.2097,-0.5219,0.1079,75,0.4,-0.1465,-0.4014,0.1173
rug,(no filter),96,0.4583,-0.0693,-0.3009,0.1664,348,0.3506,-0.0737,-0.2283,0.0817
rug,sr,41,0.5122,0.0912,-0.2976,0.4173,123,0.4065,-0.021,-0.257,0.2221
rug,king_ahead,50,0.56,0.24,-0.1,0.5692,153,0.3856,0.0373,-0.191,0.2605
rug,king_negative,56,0.5,0.0898,-0.2252,0.4035,161,0.3727,-0.0373,-0.2369,0.1761
rug,trinity_2of3,49,0.4898,0.1563,-0.2473,0.5641,163,0.4049,0.01,-0.1961,0.2182
rug,sr + king_ahead,20,0.6,0.3977,-0.206,0.9591,53,0.4151,0.0676,-0.3103,0.4689
rug,sr + king_negative,19,0.6316,0.4777,-0.1354,1.0214,59,0.4237,0.1315,-0.2116,0.4984
rug,sr + trinity_2of3,19,0.4737,0.2153,-0.4672,0.843,59,0.4576,0.0685,-0.271,0.4319
rug,king_ahead + king_negative,48,0.5833,0.2962,-0.0586,0.6239,133,0.3684,-0.0731,-0.2977,0.1543
rug,king_ahead + trinity_2of3,36,0.5556,0.3365,-0.1334,0.748,117,0.3761,-0.0152,-0.2709,0.2389
rug,king_negative + trinity_2of3,37,0.5405,0.2957,-0.1848,0.7235,109,0.367,-0.1004,-0.3183,0.1315
rug,sr + king_ahead + king_negative + trinity_2of3,14,0.5714,0.4082,-0.319,0.9993,41,0.439,0.1295,-0.2965,0.6089
pooled,(no filter),5836,0.4452,-0.1019,-0.137,-0.068,5031,0.4659,-0.1244,-0.1622,-0.0861
pooled,trinity_2of3,367,0.5613,-0.1268,-0.2665,0.0126,1000,0.54,-0.1244,-0.2055,-0.0393
