symbol,map_time,side,king_before,king_after,entry,stop,target,kings_rolled,floors_rolled,exit,exit_how,reward_risk,r,r_net
QQQ,2025-10-13 15:00:00,short,603.0,599.0,601.46,603.0629232114572,599.0,2,3,602.04,close,1.5346960992371321,-0.361838917706265,-0.43688430923855376
SPY,2025-10-17 14:30:00,long,663.0,667.0,664.79,662.8114358009764,667.0,2,1,664.34,close,1.1169715903535775,-0.22743765414435538,-0.294636888854866
SPY,2025-10-20 11:00:00,long,670.0,672.0,670.87,669.6453279158554,672.0,1,1,672.0,target,0.922695972766698,0.922695972766698,0.8131368493596188
SPY,2025-10-21 13:00:00,short,673.0,671.0,671.34,673.1306541567767,671.0,2,2,671.0,target,0.18987474421753286,0.18987474421753286,0.11489209081577603
SPY,2025-10-21 13:30:00,long,671.0,673.0,671.69,670.6297638347739,673.0,2,0,671.27,close,1.2355737740002137,-0.396138156549772,-0.5228438891082817
QQQ,2025-10-21 14:00:00,long,611.0,612.0,611.96,610.8165453798769,612.0,1,0,612.0,target,0.0349817118196213,0.0349817118196213,-0.07205533000615331
SPXW,2025-10-24 11:30:00,long,6800.0,6820.0,6804.65,6786.596483641888,6820.0,2,2,6791.14,close,0.8502498735158274,-0.7483306704363497,-0.8237137688313899
QQQ,2025-10-24 12:00:00,short,618.0,617.0,617.61,618.016520100687,617.0,1,0,618.016520100687,stop,1.5005408071315014,-1.0,-1.3038521337352347
QQQ,2025-10-28 14:30:00,long,633.0,634.0,633.48,632.4802848141463,634.0,2,2,634.0,target,0.5201481455500123,0.5201481455500123,0.39341605045653794
QQQ,2025-11-03 11:00:00,long,630.0,635.0,631.28,629.7045038342409,635.0,1,2,632.11,close,2.3611609351062373,0.5268181656285643,0.4466808712676044
QQQ,2025-11-03 15:00:00,long,632.0,635.0,632.46,630.9040419416511,635.0,1,1,632.11,close,1.6324347474348306,-0.22494179590639216,-0.3062370463286479
SPY,2025-11-04 13:00:00,short,677.0,670.0,675.91,677.3717838980838,670.0,1,1,675.34,close,4.043005267568715,0.3899345181918651,0.29745710058095526
QQQ,2025-11-04 14:00:00,long,620.0,624.0,621.66,619.7668132971894,624.0,2,1,619.7668132971894,stop,1.2360112167099733,-1.0,-1.065673395981189
QQQ,2025-11-06 14:30:00,long,614.0,620.0,615.47,613.1975532867344,620.0,2,2,613.1975532867344,stop,1.993446083270391,-1.0,-1.0541680468375467
SPY,2025-11-10 13:00:00,long,678.0,680.0,679.62,677.618108055862,680.0,2,2,680.0,target,0.18982043517019773,0.18982043517019773,0.12192266456473913
SPY,2025-11-10 14:30:00,long,680.0,681.0,680.8,679.7076304985047,681.0,2,2,681.0,target,0.18308823134139773,0.18308823134139773,0.05844176344420249
SPY,2025-11-10 15:00:00,long,681.0,682.0,681.49,680.3973917198259,682.0,1,2,682.0,target,0.46677295903224364,0.46677295903224364,0.3420274281103262
SPXW,2025-11-11 14:00:00,long,6845.0,6880.0,6848.84,6839.94651624324,6880.0,2,0,6848.09,close,3.503688863918333,-0.08433140718673818,-0.23835069113255686
SPY,2025-11-12 12:30:00,long,682.0,684.0,682.56,681.4147168696018,684.0,1,2,684.0,target,1.2573310142963563,1.2573310142963563,1.1381360341410662
SPY,2025-11-12 14:30:00,short,683.0,682.0,682.6,683.9254668300028,682.0,2,2,683.9254668300028,stop,0.45267070168684964,-1.0,-1.1029976736571439
QQQ,2025-11-13 13:30:00,short,610.0,605.0,607.55,610.1443026636538,605.0,1,1,608.37,close,0.9829230936410981,-0.3160772301120643,-0.36291447917415526
SPXW,2025-11-14 11:30:00,long,6735.0,6820.0,6759.68,6725.573768004545,6820.0,1,1,6735.1,close,1.7685917344383673,-0.7206894037217366,-0.7603283764520031
SPY,2025-11-14 13:00:00,short,675.0,670.0,673.52,675.7789972331653,670.0,2,1,671.95,close,1.5582135065600216,0.6949986378690759,0.63536864008849
SPY,2025-11-17 14:30:00,short,666.0,660.0,665.61,667.0023439367232,660.0,1,1,665.69,close,4.029176880823768,-0.05745706781926302,-0.15306706509716328
SPXW,2025-11-19 14:00:00,long,6625.0,6650.0,6636.55,6622.603277360698,6650.0,1,0,6622.603277360698,stop,0.9643842749189693,-1.0,-1.0951700291407223
SPY,2025-11-20 12:00:00,short,665.0,660.0,660.78,668.2915105595703,660.0,2,1,660.0,target,0.10384063149670834,0.10384063149670834,0.0862468334248116
QQQ,2025-11-20 14:00:00,short,595.0,580.0,589.13,595.1843168148968,580.0,1,2,585.66,close,1.5080149055852927,0.573144766963966,0.5536832812831891
SPXW,2025-11-25 13:30:00,long,6750.0,6765.0,6755.52,6745.022060783469,6765.0,2,2,6745.022060783469,stop,0.9030343769823983,-1.0,-1.1287018311053252
QQQ,2025-11-26 14:00:00,long,614.0,616.0,614.98,613.8321276135064,616.0,1,0,614.27,close,0.888600520407787,-0.6185356563623258,-0.7256869402918141
QQQ,2025-11-28 13:00:00,long,617.0,620.0,619.03,616.6810630904453,620.0,1,1,619.06,close,0.4129527685713412,0.012771735110441877,-0.03993551279238496
QQQ,2025-12-01 11:00:00,long,615.0,620.0,617.29,613.7488902912212,620.0,1,2,617.2,close,0.7652968201695831,-0.025415761555423955,-0.06027997366778379
SPY,2025-12-02 10:30:00,long,681.0,683.0,681.66,680.8862533187757,683.0,1,0,680.8862533187757,stop,1.731832953234616,-1.0,-1.1761972016271462
SPXW,2025-12-04 13:00:00,long,6850.0,6870.0,6855.71,6847.408041611265,6870.0,1,0,6847.408041611265,stop,1.7212806100533609,-1.0,-1.1651588620174802
SPXW,2025-12-08 13:00:00,long,6840.0,6870.0,6852.41,6835.647919171703,6870.0,1,2,6835.647919171703,stop,1.0493923863143064,-1.0,-1.081760851414485
SPXW,2025-12-08 14:00:00,short,6840.0,6815.0,6831.87,6843.942080828298,6815.0,2,1,6843.942080828298,stop,1.397439284904027,-1.0,-1.113184629844189
QQQ,2025-12-08 15:00:00,short,623.0,622.0,622.42,623.2524619408978,622.0,1,0,623.2524619408978,stop,0.5045275698093616,-1.0,-1.149537166667035
QQQ,2025-12-10 15:00:00,long,625.0,630.0,627.53,622.8274484762325,630.0,2,2,627.55,close,0.5252467702940029,0.004253010285777486,-0.02243590516058624
QQQ,2025-12-11 12:30:00,long,622.0,625.0,623.23,620.2875496931288,625.0,1,3,625.0,target,0.601539470646846,0.601539470646846,0.559178177506593
SPY,2025-12-15 11:30:00,long,682.0,684.0,682.51,680.4801829492247,684.0,2,2,680.4801829492247,stop,0.734056302971212,-1.0,-1.0672484251464267
SPY,2025-12-15 13:00:00,long,680.0,682.0,680.39,679.2656369581713,682.0,2,0,680.71,close,1.4319218438392074,0.28460558386870444,0.16357883811345597
SPY,2025-12-15 14:00:00,long,680.0,682.0,681.055,679.4656369581713,682.0,2,3,680.71,close,0.594577812072938,-0.21706809012180042,-0.3027697180162583
SPXW,2025-12-16 12:00:00,long,6775.0,6820.0,6790.94,6773.650459774735,6820.0,2,2,6773.650459774735,stop,1.680785007662408,-1.0,-1.0785554724014783
SPXW,2025-12-18 12:30:00,short,6800.0,6750.0,6767.6,6804.175110484398,6750.0,2,1,6804.175110484398,stop,0.48120155392307795,-1.0,-1.0370065867764746
SPY,2025-12-22 11:00:00,long,683.0,684.0,683.73,682.540279994299,684.0,1,0,684.0,target,0.22694415383970074,0.22694415383970074,0.11200450472501255
SPXW,2025-12-22 11:30:00,long,6865.0,6885.0,6876.37,6863.682159933692,6885.0,1,2,6876.49,close,0.6801788133282518,0.009457874576977398,-0.09893520043127131
QQQ,2025-12-22 13:30:00,short,620.0,618.0,619.2,620.131895804277,618.0,1,2,619.16,close,1.287697610068298,0.042923253669024594,-0.08996713969001874
SPXW,2025-12-26 10:30:00,long,6925.0,6950.0,6936.2,6924.039189895197,6950.0,1,0,6924.039189895197,stop,1.134792820632035,-1.0,-1.1140746371372148
QQQ,2025-12-30 10:30:00,short,621.0,615.0,619.89,621.2656585032518,615.0,3,3,621.2656585032518,stop,3.5546612683606025,-1.0,-1.090122657408755
QQQ,2026-01-02 10:30:00,short,621.0,615.0,615.17,622.4032584449365,615.0,2,3,615.0,target,0.02350254747484715,0.02350254747484715,0.006493062615899854
QQQ,2026-01-02 11:00:00,short,615.0,609.0,612.2701,618.2319709237294,609.0,1,1,613.1,close,0.548502314430244,-0.1392012693023766,-0.15974079817956333
QQQ,2026-01-05 12:30:00,short,620.0,618.0,618.95,620.1454078454366,618.0,1,0,618.0,target,0.7947078510708018,0.7947078510708018,0.6911532354033808
QQQ,2026-01-06 12:30:00,long,621.0,622.0,621.73,620.0267415550635,622.0,3,3,622.0,target,0.15851968960003843,0.15851968960003843,0.08551491432963952
SPY,2026-01-06 12:30:00,long,690.0,691.0,690.55,689.0385453304465,691.0,3,3,691.0,target,0.29772642809922206,0.29772642809922206,0.20635087924415674
SPY,2026-01-07 14:30:00,short,693.0,691.0,691.8,693.0017155681394,691.0,2,3,691.0,target,0.6657149338911876,0.6657149338911876,0.5505795360747002
QQQ,2026-01-08 11:00:00,short,621.0,620.0,620.4,621.1867412432958,620.0,1,0,620.0,target,0.5084263770439602,0.5084263770439602,0.35071251488491484
QQQ,2026-01-13 12:30:00,long,627.0,630.0,627.87,626.9856926480311,630.0,1,0,626.9856926480311,stop,2.408664810099725,-1.0,-1.1420026642551473
SPXW,2026-01-13 13:30:00,long,6950.0,6955.0,6953.96,6948.78886237865,6955.0,1,1,6955.0,target,0.2011162873921933,0.2011162873921933,-0.06783652373739622
SPXW,2026-01-15 12:00:00,long,6970.0,7000.0,6975.82,6968.645981407078,7000.0,1,1,6968.645981407078,stop,3.370495864599031,-1.0,-1.194474544765814
QQQ,2026-01-15 13:30:00,long,625.0,627.0,626.02,624.7760572647837,627.0,1,2,624.7760572647837,stop,0.7878176159207616,-1.0,-1.1006509354936136
QQQ,2026-01-16 13:30:00,long,621.0,623.0,621.9,620.3367864982891,623.0,3,3,621.05,close,0.7036786714010245,-0.5437517006280677,-0.6233185671270292
SPXW,2026-01-16 14:30:00,short,6955.0,6940.0,6946.89,6961.501857864243,6940.0,2,0,6940.0,target,0.4715348358856649,0.4715348358856649,0.3764491860724396
SPY,2026-01-20 12:30:00,short,683.0,677.0,681.96,683.991655661294,677.0,1,2,677.0,target,2.4413585896938197,2.4413585896938197,2.3742251661523848
QQQ,2026-01-20 13:30:00,short,612.0,610.0,610.55,612.3215727263238,610.0,1,1,610.0,target,0.3104586065406723,0.3104586065406723,0.24153115118670027
SPXW,2026-01-20 14:00:00,short,6825.0,6780.0,6814.8,6827.913131549024,6780.0,1,0,6796.76,close,2.6538283300140306,1.375720203260137,1.271781644045312
SPY,2026-01-21 12:00:00,short,684.0,677.0,680.54,684.1018044982798,677.0,3,1,684.1018044982798,stop,0.9938782439377666,-1.0,-1.0382132146965772
QQQ,2026-01-21 15:00:00,long,615.0,620.0,619.61,614.7678803485472,620.0,3,2,616.12,close,0.08054323892698005,-0.7207587278337717,-0.7463512387422577
SPY,2026-01-21 15:00:00,long,685.0,690.0,688.09,684.2280466647345,690.0,3,2,685.31,close,0.4945683787939006,-0.7198429806529368,-0.7554772796858479
SPXW,2026-01-22 15:00:00,short,6920.0,6900.0,6911.14,6931.006816163992,6900.0,2,2,6900.0,target,0.5607340354913758,0.5607340354913758,0.4911593241440552
QQQ,2026-01-27 10:30:00,long,630.0,632.0,630.57,629.7223743448671,632.0,2,0,632.0,target,1.6870655003661212,1.6870655003661212,1.5382804804268342
QQQ,2026-02-02 10:30:00,long,624.0,631.0,626.43,623.2824619831629,631.0,2,2,626.23,close,1.4519284518737572,-0.06354172655900421,-0.1033461703273748
SPXW,2026-02-04 12:30:00,short,6860.0,6815.0,6855.77,6893.213349066371,6815.0,2,2,6893.213349066371,stop,1.0888449088176715,-1.0,-1.0366194273265874
SPXW,2026-02-05 10:30:00,short,6815.0,6700.0,6791.66,6821.13572064496,6700.0,1,1,6821.13572064496,stop,3.1096779991932633,-1.0,-1.0460830802531114
SPXW,2026-02-09 11:00:00,long,6950.0,7010.0,6966.88,6947.872696393922,7010.0,1,2,6963.17,close,2.268601633017016,-0.19518812751607684,-0.26849552707560204
SPXW,2026-02-09 14:30:00,long,6970.0,6980.0,6978.93,6965.588905592178,6980.0,1,2,6965.588905592178,stop,0.08020331520720922,-1.0,-1.1046230509531216
SPXW,2026-02-09 15:00:00,short,6980.0,6965.0,6975.77,6981.162989808695,6965.0,1,1,6965.0,target,1.9970369650314048,1.9970369650314048,1.7383392760888505
QQQ,2026-02-10 12:30:00,long,614.0,615.0,614.96,613.4514679817033,615.0,1,2,615.0,target,0.026515844221276733,0.026515844221276733,-0.05501507359037913
SPY,2026-02-11 11:00:00,long,690.0,695.0,692.32,689.6092148694812,695.0,2,1,691.87,close,0.9886434634112807,-0.16600356661758567,-0.21708249516899694
QQQ,2026-02-12 14:00:00,long,603.0,605.0,604.38,601.9834546051444,605.0,3,2,601.9834546051444,stop,0.2587057192118672,-1.0,-1.0504376008313765
SPXW,2026-02-12 14:00:00,long,6860.0,6875.0,6870.07,6846.49588851078,6875.0,3,2,6875.0,target,0.20912771207749328,0.20912771207749328,0.15084284307497242
SPY,2026-02-13 10:30:00,long,682.0,690.0,683.86,679.9305094507763,690.0,2,2,679.9305094507763,stop,1.5625435213765728,-1.0,-1.0348065476393675
SPY,2026-02-18 13:30:00,short,689.0,687.0,687.7,689.3230634223645,687.0,1,3,687.0,target,0.43128320825584043,0.43128320825584043,0.3465422190222627
SPY,2026-02-20 10:30:00,long,685.0,687.0,686.635,684.0240112036273,687.0,1,1,687.0,target,0.13979378253445046,0.13979378253445046,0.08719799959168882
SPXW,2026-02-20 14:00:00,long,6890.0,6920.0,6910.69,6880.493494145786,6920.0,1,3,6910.22,close,0.308313817663154,-0.015564714747741596,-0.0613361694542183
SPY,2026-02-23 11:30:00,long,681.0,683.0,682.86,680.1986352234907,683.0,1,0,683.0,target,0.05260458890705349,0.05260458890705349,0.0012880609340905666
SPXW,2026-02-24 12:00:00,long,6875.0,6900.0,6881.31,6865.918353725597,6900.0,1,2,6891.04,close,1.2142950576431242,0.6321610974246828,0.5427449313132822
SPXW,2026-02-26 12:00:00,short,6900.0,6830.0,6881.43,6906.258197715401,6830.0,1,2,6906.258197715401,stop,2.071435091242969,-1.0,-1.0554323763559479
SPXW,2026-03-02 12:00:00,long,6870.0,6910.0,6877.83,6843.319664013796,6910.0,1,3,6880.05,close,0.9321844914190446,0.06432855365093292,0.02446901706021713
SPXW,2026-03-02 13:00:00,long,6875.0,6910.0,6887.8,6874.268353725596,6910.0,1,0,6874.268353725596,stop,1.6405986049156902,-1.0,-1.1018028384769225
SPXW,2026-03-02 14:30:00,long,6875.0,6905.0,6898.78,6865.798353725597,6905.0,3,3,6865.798353725597,stop,0.18858973709955773,-1.0,-1.041834054871628
SPY,2026-03-02 14:30:00,long,686.0,689.0,688.36,685.0122669064826,689.0,3,3,685.0122669064826,stop,0.19117414146285924,-1.0,-1.0411239475054304
SPY,2026-03-03 10:30:00,short,672.0,665.0,670.2,673.7439018058946,665.0,1,1,673.7439018058946,stop,1.4673092779689836,-1.0,-1.0378227183882618
QQQ,2026-03-03 13:30:00,long,599.0,604.0,601.57,598.9950943033256,604.0,2,1,601.67,close,0.943723882058409,0.03883637374722511,-0.007889220963053813
QQQ,2026-03-04 10:30:00,long,605.0,615.0,610.67,604.8621627430094,615.0,3,1,610.57,close,0.7455443064952096,-0.017218113313961305,-0.03824728382885393
SPY,2026-03-04 12:00:00,long,685.0,686.0,685.81,684.6709532934659,686.0,1,1,686.0,target,0.16680615369864807,0.16680615369864807,0.046387913416503876
QQQ,2026-03-05 12:30:00,short,610.0,601.0,605.91,610.8986685725733,601.0,2,1,608.9,close,0.9842305474037885,-0.5993583170544512,-0.6236497684180942
SPY,2026-03-10 14:30:00,long,679.0,680.0,679.58,677.1826967682676,680.0,1,0,680.0,target,0.17519686055587097,0.17519686055587097,0.11850148793845648
SPY,2026-03-10 15:00:00,short,680.0,675.0,678.36,680.537593810866,675.0,2,2,677.01,close,1.5429874861114445,0.6199503292412133,0.5576466988198707
QQQ,2026-03-12 10:30:00,short,600.0,585.0,599.01,602.2759543044534,585.0,2,3,597.34,close,4.289710967754834,0.5113359968701215,0.4746539159736929
SPXW,2026-03-12 10:30:00,short,6700.0,6665.0,6691.18,6724.755957192857,6665.0,2,3,6671.81,close,0.7797246062003622,0.5769009022956747,0.5370439298700391
SPXW,2026-03-13 11:00:00,short,6700.0,6650.0,6659.66,6713.8328338923275,6650.0,1,2,6650.0,target,0.17831815886168695,0.17831815886168695,0.15373144437214573
SPY,2026-03-17 11:00:00,long,672.0,674.0,673.1,671.9462852872089,674.0,1,1,671.9462852872089,stop,0.7800888642761841,-1.0,-1.116683958787625
QQQ,2026-03-23 10:30:00,short,595.0,591.0,593.27,595.253087468747,591.0,1,0,591.0,target,1.1446797157334745,1.1446797157334745,1.0848467523014742
SPY,2026-03-23 14:00:00,long,656.0,661.0,657.955,655.3211356375134,661.0,1,2,655.375,close,1.1560959794927221,-0.9795493028214486,-1.0295104936383381
QQQ,2026-03-24 11:00:00,long,585.0,587.0,585.69,582.886475746652,587.0,2,1,587.0,target,0.46726900915356384,0.46726900915356384,0.42548659908163067
SPY,2026-03-24 13:30:00,short,655.0,652.0,653.88,655.5616897862986,652.0,2,2,655.5616897862986,stop,1.117923183762579,-1.0,-1.0777646395104976
SPY,2026-03-31 12:30:00,long,640.0,645.0,641.925,639.8988664660101,645.0,2,0,645.0,target,1.5176689731523922,1.5176689731523922,1.4543044427074598
QQQ,2026-03-31 13:00:00,long,570.0,575.0,574.21,567.6896662324795,575.0,1,3,575.0,target,0.12115944185789256,0.12115944185789256,0.10354653980492454
SPY,2026-04-01 11:00:00,long,654.0,660.0,656.57,653.494466669954,660.0,1,0,655.21,close,1.1152537241235545,-0.442199727349292,-0.48489606190601575
SPXW,2026-04-02 14:00:00,short,6565.0,6545.0,6559.54,6572.8374391892185,6545.0,2,2,6572.8374391892185,stop,1.093443616706962,-1.0,-1.0986586952067952
QQQ,2026-04-06 11:00:00,short,588.0,584.0,587.4,589.3469758864948,584.0,1,2,588.51,close,1.7462979503670844,-0.5701149190904413,-0.6304546494460667
SPY,2026-04-06 11:00:00,long,657.0,658.0,657.67,656.4235238565134,658.0,1,0,658.0,target,0.26474634249876855,0.26474634249876855,0.15922165942534824
SPY,2026-04-06 12:00:00,long,657.0,658.0,657.84,656.1235238565134,658.0,2,2,658.0,target,0.09321422881821545,0.09321422881821545,0.016564168460981625
QQQ,2026-04-08 15:00:00,short,605.0,600.0,602.59,605.8650894682404,600.0,1,2,605.8650894682404,stop,0.7908180906555757,-1.0,-1.0367983840346053
QQQ,2026-04-13 11:00:00,short,613.0,611.0,611.93,613.0809190281262,611.0,1,0,613.0809190281262,stop,0.8080498951468443,-1.0,-1.1063376284596205
QQQ,2026-04-13 12:30:00,long,613.0,615.0,613.59,610.8790809718738,615.0,3,2,615.0,target,0.520118817777657,0.520118817777657,0.4748507744584797
SPY,2026-04-14 11:30:00,long,691.0,693.0,692.43,690.7004523099109,693.0,2,2,693.0,target,0.32956593406841056,0.32956593406841056,0.24949528855017566
QQQ,2026-04-15 13:00:00,short,633.0,631.0,632.22,633.8227343654124,631.0,2,1,633.8227343654124,stop,0.761199127146754,-1.0,-1.0788926741253624
SPXW,2026-04-16 11:00:00,long,7015.0,7035.0,7026.33,7010.957861591019,7035.0,2,1,7035.0,target,0.5640074119378572,0.5640074119378572,0.47259098290161056
SPXW,2026-04-16 14:30:00,short,7035.0,7010.0,7022.99,7036.147504448637,7010.0,1,1,7036.147504448637,stop,0.9872692842862977,-1.0,-1.1067526144857573
SPY,2026-04-17 11:30:00,long,710.0,712.0,710.7,709.6549654703861,712.0,2,1,712.0,target,1.243978034371886,1.243978034371886,1.10796338990602
QQQ,2026-04-17 13:30:00,long,647.0,648.0,647.75,646.2625606091283,648.0,1,0,648.0,target,0.16807407517524967,0.16807407517524967,0.0809780894194353
SPXW,2026-04-20 11:00:00,short,7110.0,7050.0,7096.64,7114.443920429693,7050.0,1,1,7110.38,close,2.619647744674001,-0.7717401374746988,-0.8514601073321738
QQQ,2026-04-21 14:00:00,long,645.0,646.0,645.94,644.1846194295492,646.0,1,2,646.0,target,0.03418062214539378,0.03418062214539378,-0.039414814749992026
QQQ,2026-04-21 14:30:00,short,646.0,645.0,645.31,646.7056989899398,645.0,2,2,645.0,target,0.2221109295302256,0.2221109295302256,0.12963970118495133
QQQ,2026-04-21 15:00:00,long,645.0,647.0,646.44,644.7246194295492,647.0,1,0,647.0,target,0.3264581689022851,0.3264581689022851,0.25108830507899443
SPXW,2026-04-22 13:00:00,short,7120.0,7080.0,7114.98,7122.018595022909,7080.0,1,0,7122.018595022909,stop,4.969741814402806,-1.0,-1.2021704609184682
SPXW,2026-04-23 11:00:00,long,7130.0,7160.0,7143.02,7126.670567217994,7160.0,1,1,7126.670567217994,stop,1.038568140338623,-1.0,-1.0873794228245204
QQQ,2026-04-23 13:30:00,short,655.0,649.0,650.2,655.6946409626046,649.0,3,3,649.0,target,0.21839461543839053,0.21839461543839053,0.19472791894538452
SPXW,2026-04-23 13:30:00,short,7130.0,7080.0,7085.85,7135.889432782005,7080.0,3,3,7080.0,target,0.11690780000416243,0.11690780000416243,0.08858673557136096
SPY,2026-04-23 13:30:00,short,710.0,701.0,706.21,711.2338709208551,701.0,3,3,708.41,close,1.0370489373786065,-0.4379093401598556,-0.46602351789751933
SPXW,2026-04-23 14:00:00,long,7080.0,7090.0,7088.68,7045.031292553072,7090.0,1,0,7090.0,target,0.030241445330418122,0.030241445330418122,-0.002239149924866062
SPXW,2026-04-23 14:30:00,long,7090.0,7130.0,7111.74,7085.5491474860555,7130.0,2,2,7108.04,close,0.6971899822763851,-0.14127069739443962,-0.19557774979919534
QQQ,2026-04-23 15:00:00,short,652.0,649.0,650.0,652.9337494772797,649.0,2,3,651.41,close,0.34086073393262484,-0.4806136348449902,-0.5249255302562313
QQQ,2026-04-27 11:00:00,long,662.0,664.0,662.53,661.0749880007435,664.0,1,2,661.0749880007435,stop,1.0103009464878554,-1.0,-1.0910686647723247
QQQ,2026-04-28 14:00:00,long,656.0,658.0,657.0,655.5379127248655,658.0,2,1,658.0,target,0.6839536989390621,0.6839536989390621,0.5940821828984694
SPY,2026-05-04 10:30:00,long,721.0,722.0,721.53,719.7487819337055,722.0,1,1,722.0,target,0.2638643796027586,0.2638643796027586,0.18284903244753847
QQQ,2026-05-04 11:00:00,long,675.0,676.0,675.72,674.3470624828456,676.0,1,0,676.0,target,0.20394227450372018,0.20394227450372018,0.10550807898395786
SPY,2026-05-04 11:00:00,short,722.0,721.0,721.11,722.2514000608386,721.0,1,1,721.0,target,0.09637287027932827,0.09637287027932827,-0.02998247606088591
SPY,2026-05-05 10:30:00,long,722.0,725.0,723.2,721.6685999391614,725.0,1,3,725.0,target,1.1753950166452107,1.1753950166452107,1.080945497085451
QQQ,2026-05-07 11:30:00,short,700.0,698.0,699.46,700.6624245978226,698.0,2,3,698.0,target,1.2142133507946793,1.2142133507946793,1.0978717521170318
SPXW,2026-05-07 13:00:00,long,7340.0,7350.0,7344.43,7338.061276209205,7350.0,1,0,7338.061276209205,stop,0.8745865236062015,-1.0,-1.2306405566093153
SPXW,2026-05-07 13:30:00,short,7350.0,7325.0,7329.48,7350.70038417743,7325.0,3,3,7325.0,target,0.21111776123093592,0.21111776123093592,0.14203814477615598
SPXW,2026-05-07 14:00:00,long,7325.0,7355.0,7340.25,7323.443766789159,7355.0,3,2,7323.443766789159,stop,0.8776505606553929,-1.0,-1.0873515190217051
SPY,2026-05-08 10:30:00,short,737.0,736.0,736.45,737.6750984587808,736.0,1,1,737.6750984587808,stop,0.36731741581644195,-1.0,-1.1202270715013294
QQQ,2026-05-08 15:00:00,short,710.0,707.0,708.96,710.02474494922,707.0,2,1,710.02474494922,stop,1.8408164334904111,-1.0,-1.133169920274218
SPXW,2026-05-11 10:30:00,short,7410.0,7380.0,7406.8,7419.010346497246,7380.0,2,1,7419.010346497246,stop,2.194859908852274,-1.0,-1.1213200624842308
SPY,2026-05-11 11:00:00,long,738.0,740.0,739.52,737.4647318011124,740.0,3,1,740.0,target,0.23354616213096707,0.23354616213096707,0.16158280470634778
SPXW,2026-05-11 13:30:00,long,7410.0,7435.0,7421.8,7409.099653502753,7435.0,1,1,7409.099653502753,stop,1.0393417221224146,-1.0,-1.116875551412852
SPY,2026-05-11 14:00:00,long,740.0,741.0,740.33,739.8143923208986,741.0,1,0,739.8143923208986,stop,1.2994375901607738,-1.0,-1.2871679495891895
SPY,2026-05-12 11:00:00,short,734.0,733.0,733.69,735.3127923348347,733.0,1,1,733.0,target,0.425193036218245,0.425193036218245,0.33476988295942195
SPY,2026-05-12 11:30:00,short,733.0,731.0,732.21,734.1626250428253,731.0,1,2,734.1626250428253,stop,0.6196786241403899,-1.0,-1.0749975017160034
SPXW,2026-05-12 14:30:00,long,7370.0,7400.0,7384.32,7366.951302475884,7400.0,2,0,7400.0,target,0.9027735083894248,0.9027735083894248,0.8177432982686331
SPY,2026-05-13 10:30:00,long,738.0,740.0,738.43,736.6747318011123,740.0,2,2,740.0,target,0.8944502048148644,0.8944502048148644,0.8103114959306071
QQQ,2026-05-15 14:30:00,short,714.0,709.0,712.29,715.3129294625901,709.0,3,3,709.0,target,1.0883482531481243,1.0883482531481243,1.04122244298187
SPXW,2026-05-15 15:00:00,short,7440.0,7430.0,7433.59,7440.120315232273,7430.0,1,0,7430.0,target,0.5497437523778657,0.5497437523778657,0.3220797044537201
SPY,2026-05-18 12:30:00,short,738.0,733.0,734.36,738.0446717966208,733.0,2,1,738.0446717966208,stop,0.3690966455268168,-1.0,-1.0398602665601575
SPXW,2026-05-19 11:30:00,short,7350.0,7325.0,7343.4,7359.504532473418,7325.0,2,1,7359.504532473418,stop,1.1425354961635654,-1.0,-1.091196686549214
QQQ,2026-05-19 13:00:00,long,702.0,706.0,703.84,701.3779211684109,706.0,2,2,706.0,target,0.8773074087988604,0.8773074087988604,0.8201329600387679
QQQ,2026-05-19 14:30:00,short,706.0,702.0,703.98,706.113173297866,702.0,2,3,702.0,target,0.9281946300288136,0.9281946300288136,0.8621915537007654
SPY,2026-05-20 13:00:00,long,739.0,740.0,739.42,738.3749268379845,740.0,1,1,740.0,target,0.554985068109005,0.554985068109005,0.4134791856741321
QQQ,2026-05-22 13:30:00,long,721.0,722.0,721.56,719.5427224535958,722.0,1,2,719.5427224535958,stop,0.21811574752535984,-1.0,-1.0715379994474452
SPXW,2026-05-29 10:30:00,short,7600.0,7575.0,7584.62,7600.830016379892,7575.0,2,1,7575.0,target,0.5934602269700981,0.5934602269700981,0.49988080271475527
SPY,2026-05-29 14:00:00,short,756.0,755.0,755.3,756.7384104336721,755.0,1,2,756.7384104336721,stop,0.20856355945227167,-1.0,-1.1050187043028832
SPY,2026-06-01 11:00:00,short,756.0,755.0,755.51,756.3363936723374,755.0,1,0,756.3363936723374,stop,0.6171392849094293,-1.0,-1.1828450592713458
SPY,2026-06-01 14:00:00,long,758.0,760.0,759.52,757.5832190428151,760.0,3,2,758.43,close,0.24783391132557786,-0.5627895069684948,-0.6412206787726598
SPXW,2026-06-02 11:00:00,long,7600.0,7620.0,7613.24,7595.122949075824,7620.0,1,3,7620.0,target,0.37312916038556787,0.37312916038556787,0.2890841352668185
QQQ,2026-06-02 15:00:00,long,744.0,745.0,744.67,743.3156445224349,745.0,1,0,745.0,target,0.24365833451151253,0.24365833451151253,0.1336916363535334
QQQ,2026-06-04 10:30:00,long,735.0,740.0,736.72,732.4109514163468,740.0,1,2,740.0,target,0.7611889112698778,0.7611889112698778,0.7269948201289784
SPXW,2026-06-04 12:00:00,short,7575.0,7535.0,7566.55,7575.471938591517,7535.0,1,0,7575.471938591517,stop,3.536226984346113,-1.0,-1.1696167244906748
SPY,2026-06-05 12:00:00,short,748.0,740.0,746.11,748.5274268478947,740.0,1,2,740.0,target,2.5274808233891655,2.5274808233891655,2.4657532058068776
QQQ,2026-06-05 14:30:00,short,714.0,707.0,710.75,716.5730757669774,707.0,2,2,707.0,target,0.6439895598244212,0.6439895598244212,0.6195780622433434
SPXW,2026-06-05 14:30:00,short,7450.0,7415.0,7421.22,7461.359959406838,7415.0,2,2,7415.0,target,0.15495780493840397,0.15495780493840397,0.11798108592988514
QQQ,2026-06-08 11:00:00,long,720.0,727.0,721.39,717.3152177139724,727.0,2,3,717.3152177139724,stop,1.3767606724012436,-1.0,-1.0354075358810528
SPXW,2026-06-08 11:00:00,long,7450.0,7500.0,7462.54,7432.9200405931615,7500.0,2,3,7432.9200405931615,stop,1.264687756167266,-1.0,-1.050388590325192
SPY,2026-06-12 11:00:00,long,740.0,750.0,742.91,737.0153462779543,750.0,1,2,741.66,close,1.2027848172800855,-0.21205656157970385,-0.23726279200581227
QQQ,2026-06-12 12:00:00,short,720.0,710.0,717.03,723.7805709327714,710.0,3,2,723.7805709327714,stop,1.0413933976861147,-1.0,-1.0212435364990862
QQQ,2026-06-15 10:30:00,long,740.0,741.0,740.85,738.6968500992459,741.0,1,0,741.0,target,0.06966537719804947,0.06966537719804947,0.0008499176018057612
QQQ,2026-06-16 10:30:00,short,740.0,738.0,738.24,743.6166979031261,738.0,1,1,738.0,target,0.04463706243575049,0.04463706243575049,0.017176341625277827
SPXW,2026-06-18 11:30:00,short,7500.0,7480.0,7485.8,7501.62071665403,7480.0,1,0,7480.0,target,0.36660791839179324,0.36660791839179324,0.27197503716775184
SPXW,2026-06-18 12:00:00,long,7480.0,7500.0,7494.67,7471.782991923714,7500.0,2,1,7500.0,target,0.23288321401531079,0.23288321401531079,0.1673904246125283
QQQ,2026-06-22 10:30:00,short,745.0,735.0,739.21,745.678229645715,735.0,1,3,735.0,target,0.6508736131205665,0.6508736131205665,0.6280169725716425
QQQ,2026-06-22 13:30:00,long,736.0,737.0,736.8,734.8845274909448,737.0,2,0,737.0,target,0.10441287935722085,0.10441287935722085,0.027481469846838025
SPY,2026-06-23 11:30:00,short,737.0,732.0,734.91,737.550480607893,732.0,1,2,737.550480607893,stop,1.1020720967619806,-1.0,-1.0556648662976877
SPY,2026-06-23 15:00:00,short,735.0,732.0,734.08,735.6350993850765,732.0,3,1,733.68,close,1.3375350925868787,0.25721828703599164,0.16280888696232274
SPY,2026-06-24 10:30:00,long,735.0,740.0,737.05,733.9658707109177,740.0,2,1,733.9658707109177,stop,0.9565098358369566,-1.0,-1.0477963101358385
SPXW,2026-06-25 14:30:00,long,7370.0,7415.0,7378.99,7341.276750144807,7415.0,1,2,7357.17,close,0.954836831571596,-0.5785764972199895,-0.6177085795959876
SPXW,2026-06-26 14:30:00,short,7375.0,7300.0,7355.97,7375.131689107776,7300.0,1,1,7337.81,close,2.920932475482459,0.9477243836834158,0.8709464967380001
SPY,2026-06-30 11:00:00,short,745.0,740.0,743.63,745.5518118278504,740.0,2,1,745.5518118278504,stop,1.8888425741765718,-1.0,-1.0773884299413181
SPXW,2026-06-30 12:00:00,long,7480.0,7500.0,7487.43,7474.412571111947,7500.0,1,2,7500.0,target,0.9656284745703981,0.9656284745703981,0.8505914720349518
