group,filter,trades,win_rate,mean_r_net,ci95_low,ci95_high
setups,all trades,348,0.3506,-0.0737,-0.2283,0.0817
setups,S/R,122,0.4016,-0.039,-0.2781,0.2109
setups,OTE,8,0.25,-0.7,-1.1264,-0.1249
setups,S/R + OTE,6,0.1667,-0.9427,-1.1296,-0.5736
setups,neither,224,0.3214,-0.0936,-0.2885,0.0905
all incl. controls,all trades,1317,0.3349,-0.1148,-0.1893,-0.0392
all incl. controls,S/R,461,0.3601,-0.1468,-0.2702,-0.0127
all incl. controls,OTE,27,0.2593,-0.4824,-0.8673,-0.0321
all incl. controls,S/R + OTE,17,0.3529,-0.2463,-0.8017,0.3996
all incl. controls,neither,846,0.3239,-0.0883,-0.1847,0.0078
