split,trades,win_rate,target_rate,median_reward_risk,mean_r_net,ci95_low,ci95_high
all pairs,375,0.3573,0.1307,2.8682,-0.0231,-0.1676,0.1227
ratio < 0.5,129,0.4496,0.1783,2.7754,0.2418,-0.0289,0.5153
ratio 0.5-0.7,98,0.3265,0.1122,2.9685,-0.1448,-0.4101,0.1199
ratio twins >= 0.7,148,0.2973,0.1014,2.8919,-0.1734,-0.409,0.0852
"twins, signs near/far +/+",54,0.2778,0.1296,2.8713,-0.0527,-0.5209,0.452
"twins, signs near/far +/-",18,0.2778,0.0556,4.5893,-0.3548,-0.7833,0.051
"twins, signs near/far -/+",38,0.2632,0.0789,2.8361,-0.3318,-0.6652,0.0794
"twins, signs near/far -/-",38,0.3684,0.1053,2.7081,-0.1007,-0.5071,0.3514
"twins, toward unfilled gap",29,0.3793,0.1379,3.5768,0.142,-0.4646,0.8892
"twins, against unfilled gap",25,0.24,0.08,2.9506,-0.4012,-0.9344,0.3034
"twins, gap already filled",36,0.25,0.0833,2.7444,-0.371,-0.772,0.1297
"twins, no gap",58,0.3103,0.1034,2.88,-0.1104,-0.4268,0.2014
"twins, prev close at the target",24,0.3333,0.125,2.7128,-0.2003,-0.6439,0.3005
"all pairs, toward unfilled gap",56,0.4286,0.1786,3.0597,0.2626,-0.1934,0.7738
