symbol,map_time,side,near,near_val,far,far_val,ratio,signs,prev_close,prev_close_near_target,gap,entry_time,entry,stop,target,exit,exit_how,exit_time,reward_risk,r,r_net
AAPL,2025-10-17 14:00:00,short,252.5,-58697325,250.0,-90933849,0.6454947815966747,-/-,247.36,False,no gap,2025-10-17 14:25:00,252.25,252.9201908129955,250.0,252.9201908129955,stop,2025-10-17 15:35:00,3.357252824674508,-1.0,-1.0752770688910351
AAPL,2025-10-21 11:00:00,long,262.5,8922341,265.0,8654212,0.9699485818800245,+/+,262.22,False,no gap,2025-10-21 11:18:00,262.82,262.0449696066986,265.0,262.75,close,2025-10-21 15:59:00,2.812792916047942,-0.0903190385886863,-0.15814089493691727
AAPL,2025-10-23 12:30:00,long,260.0,-10317218,265.0,17990234,0.5734899279242283,-/+,258.45,False,gap already filled,2025-10-23 12:32:00,260.35,259.54979912241856,265.0,259.54979912241856,stop,2025-10-23 13:00:00,5.81104086520651,-1.0,-1.0650711608282375
AAPL,2025-10-23 13:00:00,long,260.0,-9665691,265.0,17778901,0.5436607695830018,-/+,258.45,False,gap already filled,2025-10-23 13:12:00,260.26,259.54948754075923,265.0,259.54948754075923,stop,2025-10-23 15:50:00,6.671241212385042,-1.0,-1.0732597990690012
AAPL,2025-10-31 10:00:00,long,270.0,-14997327,272.5,18059630,0.8304337907255022,-/+,271.225,False,gap already filled,2025-10-31 10:02:00,270.35,269.5461209521153,272.5,269.5461209521153,stop,2025-10-31 10:11:00,2.674531704312184,-1.0,-1.0672613624428657
AAPL,2025-11-07 10:00:00,long,270.0,-51975806,275.0,19232369,0.37002541143854506,-/+,269.86,False,no gap,2025-11-07 10:02:00,270.77,269.4641492081869,275.0,269.4641492081869,stop,2025-11-07 11:31:00,3.2392674772030445,-1.0,-1.0414702815509345
AAPL,2025-11-11 13:30:00,short,275.0,28856566,265.0,11711415,0.40584922682761354,+/+,269.4,False,no gap,2025-11-11 13:36:00,274.56,275.53903167690066,265.0,275.53903167690066,stop,2025-11-11 14:23:00,9.764750442257677,-1.0,-1.0560880728331856
AAPL,2025-11-14 12:30:00,long,275.0,90046545,277.5,-61759365,0.6858604624974783,+/-,273.02,False,gap already filled,2025-11-14 12:56:00,275.28,274.49487843810664,277.5,274.49487843810664,stop,2025-11-14 13:03:00,2.8275876090403886,-1.0,-1.0701241727042008
AAPL,2025-11-21 10:00:00,short,270.0,-26907861,265.0,36729101,0.7326033109277572,-/+,266.3,False,no gap,2025-11-21 10:28:00,269.69,270.54895364202895,265.0,270.54895364202895,stop,2025-11-21 10:49:00,5.460131688738941,-1.0,-1.062795007042047
AAPL,2025-11-21 11:00:00,long,270.0,-32111492,272.5,16054506,0.4999613845410858,-/+,266.3,False,no gap,2025-11-21 11:09:00,270.29,269.4457461159101,272.5,272.5,target,2025-11-21 13:49:00,2.617695981798469,2.617695981798469,2.5536654798147302
AAPL,2025-11-25 11:30:00,long,277.5,38052001,280.0,-30214358,0.7940280985486151,+/-,275.82,False,no gap,2025-11-25 11:40:00,277.85,276.9180849888858,280.0,276.9180849888858,stop,2025-11-25 15:58:00,2.3070773346911038,-1.0,-1.059629901157575
AAPL,2025-11-28 13:30:00,long,277.5,62128769,280.0,-11116164,0.1789213625011627,+/-,277.47,False,no gap,2025-11-28 13:35:00,278.39,276.9298453897272,280.0,278.78,close,2025-11-28 15:59:00,1.1026229610706826,0.2670950029922656,0.22896342459071714
AAPL,2025-12-02 11:00:00,short,287.5,-10460909,285.0,-35037909,0.2985597399662177,-/-,283.3,False,no gap,2025-12-02 11:02:00,286.97,288.06134359557694,285.0,285.0,target,2025-12-02 11:32:00,1.8051143636011608,1.8051143636011608,1.7525241434059713
AAPL,2025-12-02 13:00:00,long,285.0,-40016368,287.5,-20448288,0.5109980995776529,-/-,283.3,False,no gap,2025-12-02 13:23:00,285.325,284.44256330583994,287.5,286.07,close,2025-12-02 15:59:00,2.464766044288644,0.8442531967793294,0.779585668357568
AAPL,2025-12-03 14:00:00,long,285.0,-41209679,290.0,-63695272,0.6469817571388972,-/-,286.07,False,no gap,2025-12-03 14:14:00,285.34,284.43642749233476,290.0,284.43642749233476,stop,2025-12-03 14:47:00,5.157306093831048,-1.0,-1.06315818544265
AAPL,2025-12-11 11:30:00,short,277.5,17981585,270.0,-16221900,0.9021396056020645,+/-,278.75,False,no gap,2025-12-11 11:48:00,277.25,277.9824554307386,270.0,277.9824554307386,stop,2025-12-11 12:25:00,9.898213182322033,-1.0,-1.0757042649599664
AAPL,2025-12-12 10:30:00,long,277.5,25863705,280.0,29589506,0.8740837038644714,+/+,278.1,False,no gap,2025-12-12 10:32:00,278.21,277.01479217479107,280.0,277.01479217479107,stop,2025-12-12 15:38:00,1.4976474904581096,-1.0,-1.0465542467397035
AAPL,2026-01-02 10:30:00,long,272.5,-16788260,275.0,20944960,0.8015417551525522,-/+,271.845,False,no gap,2026-01-02 10:41:00,272.8,272.08142959647955,275.0,272.08142959647955,stop,2026-01-02 10:52:00,3.0616345861472003,-1.0,-1.0759285377364511
AAPL,2026-01-02 11:00:00,long,270.0,-20071740,272.5,-21347903,0.9402206858444129,-/-,271.845,True,no gap,2026-01-02 11:07:00,270.4,269.58558265836785,272.5,269.58558265836785,stop,2026-01-02 12:00:00,2.5785305550978883,-1.0,-1.0664033011522345
AAPL,2026-01-02 12:30:00,long,270.0,-36630278,272.5,-12375402,0.3378462483959308,-/-,271.845,True,no gap,2026-01-02 12:45:00,270.24,269.5859811071099,272.5,269.5859811071099,stop,2026-01-02 13:48:00,3.455557667475031,-1.0,-1.0826398145184475
AAPL,2026-01-02 14:00:00,short,270.0,-29522240,267.5,-15148626,0.513125901015641,-/-,271.845,False,no gap,2026-01-02 14:06:00,269.69,270.4130993957931,267.5,270.4130993957931,stop,2026-01-02 14:34:00,3.028629276612788,-1.0,-1.0745927880922104
AAPL,2026-01-07 10:00:00,short,262.5,11856501,260.0,-32787361,0.36161803324152864,+/-,262.25,False,gap already filled,2026-01-07 10:21:00,262.19,262.91094336958207,260.0,260.0,target,2026-01-07 15:54:00,3.037686581776218,3.037686581776218,2.9649513265364096
AAPL,2026-01-12 11:30:00,long,260.0,-15071070,270.0,21747994,0.6929866727018593,-/+,259.35,False,no gap,2026-01-12 11:34:00,260.26,259.5776395341678,270.0,260.21,close,2026-01-12 15:59:00,14.273980524533394,-0.07327505402739541,-0.1495573162720578
AAPL,2026-01-15 10:00:00,long,260.0,-57385323,262.5,22182144,0.38654734068500407,-/+,259.94,False,no gap,2026-01-15 10:04:00,260.47,259.56183876780074,262.5,259.56183876780074,stop,2026-01-15 10:48:00,2.235285903015183,-1.0,-1.0573620610008247
AAPL,2026-01-20 14:30:00,long,247.5,5502708,250.0,4638977,0.8430352837184891,+/+,255.5,False,toward unfilled gap,2026-01-20 14:38:00,247.82,247.08303169448408,250.0,247.08303169448408,stop,2026-01-20 14:51:00,2.9580647955733927,-1.0,-1.0672539098751372
AAPL,2026-01-21 10:30:00,long,247.5,10440700,250.0,6462311,0.618953805779306,+/+,246.7,False,gap already filled,2026-01-21 10:32:00,247.855,247.0829137688189,250.0,247.0829137688189,stop,2026-01-21 11:20:00,2.778187090214982,-1.0,-1.0642039684144737
AAPL,2026-01-22 13:00:00,long,250.0,7261415,252.5,-7693343,0.9438569162976355,+/-,247.64,False,against unfilled gap,2026-01-22 13:22:00,250.32,249.5786852913964,252.5,249.5786852913964,stop,2026-01-22 14:44:00,2.9407213625997533,-1.0,-1.0675340707785292
AAPL,2026-01-23 14:30:00,long,247.5,16672823,250.0,-8806858,0.5282163674381957,+/-,248.33,False,gap already filled,2026-01-23 14:32:00,247.76,247.05954591025437,250.0,247.97,close,2026-01-23 15:59:00,3.1979255068858246,0.2998055162705562,0.22906283559323223
AAPL,2026-01-30 14:30:00,long,257.5,-54514463,260.0,17209338,0.31568389474917874,-/+,258.01,False,gap already filled,2026-01-30 14:32:00,257.8,257.0162409420439,260.0,260.0,target,2026-01-30 15:30:00,2.8069851029692403,2.8069851029692403,2.7411995793741974
AAPL,2026-02-02 10:30:00,short,265.0,-10128316,262.5,-13760372,0.7360495777294392,-/-,259.3801,False,no gap,2026-02-02 10:34:00,264.74,265.50355146727236,262.5,262.5,target,2026-02-02 10:58:00,2.933659479434968,2.933659479434968,2.864315103489824
AAPL,2026-02-02 11:00:00,long,262.5,-13590489,265.0,-6068717,0.4465414747033753,-/-,259.3801,False,no gap,2026-02-02 11:02:00,262.86,262.00066744149973,265.0,265.0,target,2026-02-02 13:04:00,2.49030480555134,2.49030480555134,2.4291270932908513
AAPL,2026-02-03 11:00:00,long,270.0,-34155422,275.0,-38599865,0.8848585869406538,-/-,269.97,False,no gap,2026-02-03 11:11:00,270.64,269.48384411461683,275.0,269.48384411461683,stop,2026-02-03 11:23:00,3.771117766316679,-1.0,-1.046817216159447
AAPL,2026-02-03 14:00:00,long,270.0,-23819165,275.0,-38384706,0.6205379038203392,-/-,269.97,False,no gap,2026-02-03 14:05:00,270.27,269.48481580079135,275.0,269.48481580079135,stop,2026-02-03 15:03:00,6.024064168340736,-1.0,-1.0688424449377356
AAPL,2026-02-04 10:00:00,long,275.0,-52848619,280.0,-12306110,0.23285584813483962,-/-,269.44,False,against unfilled gap,2026-02-04 10:18:00,275.7,274.46529135738814,280.0,274.46529135738814,stop,2026-02-04 11:49:00,3.482602981464499,-1.0,-1.0446583089297563
AAPL,2026-02-04 13:30:00,long,275.0,-99057708,277.5,-14653084,0.14792472282924213,-/-,269.44,False,against unfilled gap,2026-02-04 13:42:00,275.5,274.4670706895081,277.5,274.4670706895081,stop,2026-02-04 14:07:00,1.9362409215085068,-1.0,-1.0533434373875592
AAPL,2026-02-05 14:00:00,long,275.0,-35622983,277.5,10342346,0.29032790431952316,-/+,276.38,True,gap already filled,2026-02-05 14:02:00,275.34,274.4357325179484,277.5,277.5,target,2026-02-05 14:21:00,2.3886737529248205,2.3886737529248205,2.327775842634977
AAPL,2026-02-06 10:30:00,short,280.0,-27486303,275.0,-21844449,0.7947394380393754,-/-,275.91,True,toward unfilled gap,2026-02-06 10:36:00,279.55,280.6075327942015,275.0,278.06,close,2026-02-06 15:59:00,4.302467048726847,1.4089397588138517,1.3560714219579577
AAPL,2026-02-11 12:30:00,short,280.0,-45780901,277.5,-25111827,0.5485219043635685,-/-,273.81,False,no gap,2026-02-11 12:39:00,279.46,280.6019981784339,277.5,277.5,target,2026-02-11 14:45:00,1.7162899530083293,1.7162899530083293,1.6673476682871342
AAPL,2026-02-12 10:00:00,long,270.0,-14544477,275.0,12076091,0.8302870567295063,-/+,275.5,True,no gap,2026-02-12 10:15:00,270.68,269.38690850016144,275.0,269.38690850016144,stop,2026-02-12 10:54:00,3.340830869694304,-1.0,-1.0418655601763358
AAPL,2026-02-13 10:00:00,short,260.0,-27080292,255.0,18416224,0.6800600229864582,-/+,261.61,False,no gap,2026-02-13 10:19:00,259.68,260.585296996186,255.0,260.585296996186,stop,2026-02-13 10:28:00,5.169574205721199,-1.0,-1.057369018365029
AAPL,2026-02-13 12:00:00,short,260.0,-30956349,255.0,19935519,0.6439880555681808,-/+,261.61,False,no gap,2026-02-13 12:26:00,259.69,260.58428218672196,255.0,255.79,close,2026-02-13 15:59:00,5.244429632654783,4.361039566599934,4.302961701725558
AAPL,2026-02-20 12:30:00,short,262.5,32250063,260.0,-53677453,0.6008120951640533,+/-,260.51,True,gap already filled,2026-02-20 12:47:00,262.16,263.0922867281766,260.0,263.0922867281766,stop,2026-02-20 12:59:00,2.3168837812640692,-1.0,-1.0562402085274243
AAPL,2026-02-23 11:00:00,long,265.0,-9858070,270.0,-11586754,0.8508051521590948,-/-,264.65,False,no gap,2026-02-23 11:17:00,265.47,264.3684924879254,270.0,266.395,close,2026-02-23 15:59:00,4.1125457160686,0.8397582312060244,0.7915570165815328
AAPL,2026-03-02 11:00:00,short,265.0,10681533,260.0,11586270,0.9219130056523799,+/+,264.2,False,gap already filled,2026-03-02 11:16:00,264.65,265.66614473267526,260.0,265.66614473267526,stop,2026-03-02 11:41:00,4.57611976962922,-1.0,-1.0520890364315
AAPL,2026-03-06 15:00:00,long,257.5,24611309,260.0,30704840,0.8015449355867023,+/+,260.26,True,toward unfilled gap,2026-03-06 15:16:00,257.84,256.8796891136897,260.0,256.8796891136897,stop,2026-03-06 15:27:00,2.2492715960966216,-1.0,-1.053699276697921
AAPL,2026-03-13 12:00:00,short,252.5,-6944893,250.0,18829897,0.3688226759817114,-/+,255.69,False,no gap,2026-03-13 12:13:00,252.17,253.08497411508117,250.0,250.0,target,2026-03-13 15:40:00,2.371651792365141,2.371651792365141,2.3165311073438764
AAPL,2026-03-16 14:00:00,short,252.5,-14730884,250.0,27385042,0.5379171593017823,-/+,250.07,True,gap already filled,2026-03-16 14:14:00,252.2,253.06742266222733,250.0,253.06742266222733,stop,2026-03-16 14:34:00,2.536249161799505,-1.0,-1.0581492762368945
AAPL,2026-03-17 10:30:00,short,255.0,14388746,250.0,27241083,0.5282002187651643,+/+,252.81,False,no gap,2026-03-17 10:36:00,254.53,255.56707829306572,250.0,254.23,close,2026-03-17 15:59:00,4.368040513709739,0.2892742062059539,0.24018823040222148
AAPL,2026-03-18 14:30:00,long,250.0,54661894,252.5,22145665,0.40513899865965125,+/+,254.23,False,gap already filled,2026-03-18 14:36:00,250.57,249.44710488486203,252.5,249.44710488486203,stop,2026-03-18 15:39:00,1.7187713918969867,-1.0,-1.0446292795510494
AAPL,2026-03-19 11:00:00,short,250.0,63975852,247.5,-14870206,0.2324346692561437,+/-,249.94,False,no gap,2026-03-19 11:03:00,249.7,250.55075791795264,247.5,248.87,close,2026-03-19 15:59:00,2.585929503065096,0.9756006761563634,0.9169000764367855
AAPL,2026-03-20 10:30:00,long,247.5,-21467753,250.0,81975377,0.2618805034589838,-/+,248.87,False,no gap,2026-03-20 10:42:00,247.82,246.9539130697101,250.0,246.9539130697101,stop,2026-03-20 15:37:00,2.5170683493287664,-1.0,-1.0572275117734544
AAPL,2026-03-23 10:30:00,short,252.5,10662148,250.0,9490439,0.8901057272887227,+/+,248.15,False,toward unfilled gap,2026-03-23 10:36:00,252.19,253.05290821944016,250.0,251.49,close,2026-03-23 15:59:00,2.5379292381996756,0.8112102587852721,0.7527590830243975
AAPL,2026-03-27 11:30:00,long,252.5,22558536,257.5,-3288509,0.1457767028853291,+/-,252.86,False,no gap,2026-03-27 11:32:00,252.88,251.94338131450823,257.5,251.94338131450823,stop,2026-03-27 12:25:00,4.932637018205869,-1.0,-1.0539984956348007
AAPL,2026-03-27 13:00:00,short,252.5,22639622,250.0,-8626439,0.38103281936421024,+/-,252.86,False,no gap,2026-03-27 13:10:00,252.12,253.05573736706484,250.0,250.0,target,2026-03-27 13:40:00,2.265592969371205,2.265592969371205,2.2117060543298965
AAPL,2026-03-27 14:00:00,short,250.0,-28567668,247.5,-21753217,0.761462818736202,-/-,252.86,False,no gap,2026-03-27 14:06:00,249.52,250.5504714894639,247.5,248.61,close,2026-03-27 15:59:00,1.960267722740154,0.8830909047987744,0.8346625877514358
AAPL,2026-03-30 10:00:00,long,247.5,11213698,250.0,10279080,0.9166538995432194,+/+,248.61,False,gap already filled,2026-03-30 10:02:00,247.86,246.9542105146792,250.0,246.9542105146792,stop,2026-03-30 10:44:00,2.362579865057771,-1.0,-1.0547279481638525
AAPL,2026-03-31 13:00:00,long,252.5,-10852088,255.0,-8815351,0.8123184220400719,-/-,246.56,False,against unfilled gap,2026-03-31 13:10:00,253.0,251.94262520223947,255.0,255.0,target,2026-03-31 15:50:00,1.8914768956437247,1.8914768956437247,1.8436225301839384
AAPL,2026-04-01 10:00:00,short,255.0,-11900443,252.5,-20975637,0.5673459642727418,-/-,253.8,False,no gap,2026-04-01 10:03:00,254.54,255.55957394866905,252.5,255.55957394866905,stop,2026-04-01 15:28:00,2.000835743854557,-1.0,-1.0499306598275235
AAPL,2026-04-02 11:00:00,long,255.0,-31933950,257.5,-13025919,0.40790190377325697,-/-,255.72,False,toward unfilled gap,2026-04-02 11:04:00,255.69,254.44821130085435,257.5,254.44821130085435,stop,2026-04-02 11:22:00,1.4575748686111332,-1.0,-1.041180919133169
AAPL,2026-04-02 14:30:00,long,255.0,-69319745,257.5,-9844327,0.1420133181390093,-/-,255.72,False,gap already filled,2026-04-02 14:53:00,255.4,254.44825455126187,257.5,255.875,close,2026-04-02 15:59:00,2.206472332265166,0.49908302753616385,0.44541321480659
AAPL,2026-04-07 11:30:00,long,247.5,8131516,250.0,10538798,0.7715790738184753,+/+,258.86,False,toward unfilled gap,2026-04-07 11:38:00,247.82,246.97417707927903,250.0,250.0,target,2026-04-07 12:23:00,2.5773716301537655,2.5773716301537655,2.5187730762652607
AAPL,2026-04-09 11:00:00,long,257.5,7400845,260.0,15254480,0.48515878614020275,+/+,258.93,True,no gap,2026-04-09 11:22:00,257.87,256.95262434881295,260.0,260.0,target,2026-04-09 13:11:00,2.3218405647063296,2.3218405647063296,2.2656215011926375
AAPL,2026-04-10 12:30:00,long,260.0,12631345,262.5,-8007564,0.6339438911691511,+/-,260.425,False,no gap,2026-04-10 12:49:00,260.3,259.44708221812164,262.5,259.44708221812164,stop,2026-04-10 13:21:00,2.579381092459983,-1.0,-1.0610375362152125
AAPL,2026-04-10 15:00:00,short,260.0,31407670,257.5,-15172332,0.4830772865354227,+/-,260.425,False,no gap,2026-04-10 15:09:00,259.69,260.5515163235426,257.5,260.41,close,2026-04-10 15:59:00,2.5420296054224036,-0.8357357606868502,-0.8960224883792836
AAPL,2026-04-13 11:00:00,long,257.5,19396465,260.0,35550492,0.5456032788519495,+/+,260.41,True,no gap,2026-04-13 11:11:00,257.78,256.9573223769817,260.0,256.9573223769817,stop,2026-04-13 11:51:00,2.6985053900642892,-1.0,-1.0626685332838526
AAPL,2026-04-13 12:30:00,long,257.5,23271792,260.0,33259677,0.699699879827456,+/+,260.41,True,no gap,2026-04-13 12:43:00,257.97,256.95700646265936,260.0,259.21,close,2026-04-13 15:59:00,2.003961452043596,1.2240946800660084,1.1731624696439698
AAPL,2026-04-14 10:00:00,short,260.0,23075540,255.0,-8868725,0.3843344511114366,+/-,259.21,False,no gap,2026-04-14 10:12:00,259.685,260.54707936257705,255.0,258.86,close,2026-04-14 15:59:00,5.4345344563114715,0.9569884581551548,0.8967422647597548
AAPL,2026-04-15 11:00:00,long,262.5,-37708174,265.0,-20199786,0.5356871960970584,-/-,258.86,False,no gap,2026-04-15 11:24:00,262.81,261.9454439984595,265.0,265.0,target,2026-04-15 12:03:00,2.533092126013529,2.533092126013529,2.4722956016630615
AAPL,2026-04-15 12:30:00,short,265.0,-51408250,262.5,-26143670,0.5085500868051335,-/-,258.86,False,no gap,2026-04-15 12:47:00,264.61,265.55680952370693,262.5,265.55680952370693,stop,2026-04-15 13:04:00,2.2285369413469884,-1.0,-1.0558950862606467
AAPL,2026-04-15 13:30:00,short,265.0,-78684032,262.5,-39312859,0.4996294419686068,-/-,258.86,False,no gap,2026-04-15 13:41:00,264.7,265.5577362057193,262.5,265.5577362057193,stop,2026-04-15 14:34:00,2.56489114640436,-1.0,-1.0617206078593853
AAPL,2026-04-17 14:00:00,long,270.0,-180904708,272.5,30893666,0.17077314538436444,-/+,263.43,False,against unfilled gap,2026-04-17 14:24:00,270.3,269.42629391947503,272.5,270.19,close,2026-04-17 15:59:00,2.518009258534721,-0.12590046292675233,-0.18777481770692855
AAPL,2026-04-20 11:30:00,long,272.5,-8124586,275.0,-28032926,0.28982297459779977,-/-,270.19,False,no gap,2026-04-20 11:58:00,272.835,271.9255203351935,275.0,271.9255203351935,stop,2026-04-20 13:02:00,2.380482031404903,-1.0,-1.059998042959663
AAPL,2026-04-22 11:30:00,long,272.5,40852392,275.0,27678536,0.677525467786562,+/+,266.22,False,against unfilled gap,2026-04-22 11:41:00,273.09,271.914063011422,275.0,273.13,close,2026-04-22 15:59:00,1.624236688319272,0.03401542802764569,-0.012430938172679356
AAPL,2026-04-23 13:00:00,long,272.5,10863143,275.0,38865132,0.27950871233371855,+/+,273.13,False,gap already filled,2026-04-23 13:26:00,272.88,271.9256068792552,275.0,271.9256068792552,stop,2026-04-23 13:42:00,2.221306874410006,-1.0,-1.0571839830083962
AAPL,2026-04-24 11:30:00,long,270.0,20265592,272.5,28361468,0.7145466518164716,+/+,273.45,True,no gap,2026-04-24 11:44:00,270.39,269.4626940159211,272.5,271.08,close,2026-04-24 15:59:00,2.275408588132781,0.744090960100286,0.6857736398969477
AAPL,2026-04-27 10:00:00,long,267.5,27926905,270.0,20654926,0.739606698271792,+/+,271.08,False,toward unfilled gap,2026-04-27 10:10:00,267.78,266.9932651956171,270.0,266.9932651956171,stop,2026-04-27 10:50:00,2.8217894869178775,-1.0,-1.0680737647573748
AAPL,2026-04-28 15:00:00,long,270.0,10355721,272.5,21191121,0.4886820758562041,+/+,267.65,False,against unfilled gap,2026-04-28 15:06:00,270.29,269.5015748596305,272.5,270.77,close,2026-04-28 15:59:00,2.8030562279689066,0.6088085924999906,0.5402440614721424
AAPL,2026-05-01 12:30:00,long,282.5,-15312881,287.5,24284669,0.6305575340557452,-/+,271.17,False,against unfilled gap,2026-05-01 12:52:00,282.79,282.00243099444043,287.5,282.00243099444043,stop,2026-05-01 13:50:00,5.980428339296306,-1.0,-1.071813389811873
AAPL,2026-05-04 10:00:00,long,275.0,-9009526,277.5,7810734,0.8669417236822448,-/+,280.1,False,no gap,2026-05-04 10:07:00,275.8,274.5175672390994,277.5,277.5,target,2026-05-04 10:38:00,1.3256055614222646,1.3256055614222646,1.2825935597939984
AAPL,2026-05-04 14:00:00,short,277.5,25728868,272.5,8959432,0.3482248810946521,+/+,280.1,False,no gap,2026-05-04 14:09:00,277.19,277.9856912580147,272.5,276.88,close,2026-05-04 15:59:00,5.894245981414763,0.38959834845172514,0.3199255960598975
AAPL,2026-05-06 10:30:00,long,285.0,-65955948,287.5,-51111152,0.7749286235715996,-/-,284.15,False,gap already filled,2026-05-06 10:42:00,285.43,284.49871700848246,287.5,284.49871700848246,stop,2026-05-06 11:08:00,2.2227400466391827,-1.0,-1.061298231063983
AAPL,2026-05-08 13:00:00,short,292.5,25346619,285.0,-38054822,0.6660553818908942,+/-,287.47,False,toward unfilled gap,2026-05-08 13:03:00,291.96,293.02914274893243,285.0,293.02914274893243,stop,2026-05-08 15:00:00,6.509888419436613,-1.0,-1.0546157190499632
AAPL,2026-05-11 12:00:00,short,292.5,38770353,285.0,-39186886,0.9893706021958468,+/-,293.25,False,gap already filled,2026-05-11 12:02:00,292.08,293.0294052968771,285.0,292.75,close,2026-05-11 15:59:00,7.4572998731820475,-0.7057049315017093,-0.7672339752011166
AAPL,2026-05-14 10:30:00,long,297.5,21585173,300.0,53359878,0.40452065876162613,+/+,298.95,True,no gap,2026-05-14 10:39:00,297.99,296.95616903929044,300.0,296.95616903929044,stop,2026-05-14 12:46:00,1.9442250004008743,-1.0,-1.0576477221760656
AAPL,2026-05-14 13:00:00,long,297.5,19260983,300.0,61067013,0.3154073214617522,+/+,298.95,True,no gap,2026-05-14 13:06:00,297.83,296.9559772633308,300.0,298.13,close,2026-05-14 15:59:00,2.4827729405183,0.3432404986891764,0.27508895353944735
AAPL,2026-05-15 10:00:00,long,297.5,24654497,300.0,87189987,0.2827675269638473,+/+,298.13,False,no gap,2026-05-15 10:08:00,297.78,296.9689173701271,300.0,300.0,target,2026-05-15 10:38:00,2.737082410885745,2.737082410885745,2.6636546270737136
AAPL,2026-05-15 12:30:00,short,302.5,30054231,300.0,106694679,0.281684440889503,+/+,298.13,False,no gap,2026-05-15 12:52:00,301.91,303.0370736557015,300.0,303.0370736557015,stop,2026-05-15 13:26:00,1.6946541074206078,-1.0,-1.0535741383844344
AAPL,2026-05-15 14:00:00,short,302.5,36913586,300.0,97915097,0.3769958579523237,+/+,298.13,False,no gap,2026-05-15 14:03:00,302.195,303.0382843236252,300.0,300.0,target,2026-05-15 15:23:00,2.6029180651241077,2.6029180651241077,2.5312471015988063
AAPL,2026-05-19 11:30:00,short,297.5,34189799,295.0,16654422,0.4871166981707029,+/+,297.8,False,no gap,2026-05-19 11:33:00,297.14,298.0755494635631,295.0,298.0755494635631,stop,2026-05-19 12:48:00,2.2874258212383696,-1.0,-1.063522028833904
AAPL,2026-05-20 12:30:00,short,300.0,22813016,297.5,48350061,0.47183013895266857,+/+,299.01,False,no gap,2026-05-20 12:37:00,299.7,300.56117108705445,297.5,300.56117108705445,stop,2026-05-20 12:50:00,2.554660778875947,-1.0,-1.0696028941299205
AAPL,2026-05-26 12:00:00,long,310.0,-24176864,315.0,-9082192,0.3756563299524703,-/-,308.83,False,no gap,2026-05-26 12:25:00,310.39,309.4075083254034,315.0,309.4075083254034,stop,2026-05-26 13:16:00,4.692151719140912,-1.0,-1.0631842504166658
AAPL,2026-05-27 15:00:00,long,310.0,56963456,312.5,-41763859,0.7331693322820863,+/-,308.37,False,no gap,2026-05-27 15:03:00,310.33,309.40727920290993,312.5,310.9,close,2026-05-27 15:59:00,2.351740642286878,0.6177383253933154,0.550474208018119
AAPL,2026-06-01 10:00:00,short,310.0,20167940,307.5,9735739,0.48273343732676716,+/+,312.03,False,against unfilled gap,2026-06-01 10:02:00,309.66,310.5717368014809,307.5,307.5,target,2026-06-01 10:40:00,2.3691047641070555,2.3691047641070555,2.301177265842853
AAPL,2026-06-01 13:00:00,long,305.0,21148844,307.5,10324497,0.4881825692222232,+/+,312.03,False,toward unfilled gap,2026-06-01 13:11:00,305.45,304.43560403492756,307.5,307.5,target,2026-06-01 13:43:00,2.0209070920877026,2.0209070920877026,1.9606840607434892
AAPL,2026-06-01 15:00:00,long,307.5,-14965807,310.0,18756899,0.7978827950185156,-/+,312.03,False,toward unfilled gap,2026-06-01 15:09:00,307.91,306.93274516647705,310.0,306.93274516647705,stop,2026-06-01 15:54:00,2.13864380948169,-1.0,-1.0630152933375614
AAPL,2026-06-02 10:30:00,long,310.0,20886036,315.0,-16027204,0.7673645683651986,+/-,306.32,False,no gap,2026-06-02 10:33:00,310.36,309.42798653383034,315.0,309.42798653383034,stop,2026-06-02 10:47:00,4.978468840229447,-1.0,-1.066599896088518
AAPL,2026-06-04 10:30:00,long,310.0,21696211,312.5,20525670,0.9460485980708797,+/+,310.35,False,gap already filled,2026-06-04 10:59:00,310.44,309.42798653383034,312.5,311.25,close,2026-06-04 15:59:00,2.035546036553081,0.8003846066058246,0.7390336443157723
AAPL,2026-06-05 13:00:00,long,310.0,31102547,312.5,54984361,0.5656616978780566,+/+,311.25,False,gap already filled,2026-06-05 13:12:00,310.46,309.44651111156776,312.5,312.5,target,2026-06-05 13:57:00,2.01284890568038,2.01284890568038,1.951583310459054
AAPL,2026-06-08 10:00:00,long,310.0,12535617,315.0,17872922,0.7013747947873324,+/+,307.4,False,against unfilled gap,2026-06-08 10:18:00,310.3,309.44603040518626,315.0,315.0,target,2026-06-08 10:57:00,5.503708830552763,5.503708830552763,5.43103645395189
AAPL,2026-06-10 11:30:00,long,290.0,19901217,310.0,13207840,0.6636699655101495,+/+,290.36,False,no gap,2026-06-10 11:34:00,290.29,289.46493049193623,310.0,291.5,close,2026-06-10 15:59:00,23.888896398866894,1.4665431071856156,1.3961757024608357
AAPL,2026-06-12 11:00:00,short,292.5,36701145,290.0,35889671,0.9778896816434474,+/+,295.34,False,no gap,2026-06-12 11:08:00,292.21,293.07203980257356,290.0,290.0,target,2026-06-12 13:56:00,2.5636867269958246,2.5636867269958246,2.4958917135573215
AAPL,2026-06-17 11:00:00,long,297.5,17148263,300.0,14710410,0.8578367383332061,+/+,299.29,True,gap already filled,2026-06-17 11:15:00,297.89,296.92843084461083,300.0,296.92843084461083,stop,2026-06-17 11:41:00,2.194329953466608,-1.0,-1.0619591421647547
AAPL,2026-06-18 13:30:00,long,297.5,49227035,300.0,-19265657,0.39136334333359707,+/-,295.84,False,gap already filled,2026-06-18 13:54:00,297.85,296.9090167799957,300.0,298.02,close,2026-06-18 15:59:00,2.284844144181507,0.18066209512128686,0.1173559715543595
AAPL,2026-06-22 12:30:00,long,300.0,39844228,302.5,-20414545,0.5123589042809412,+/-,298.02,False,no gap,2026-06-22 12:46:00,300.44,299.3776277638744,302.5,299.3776277638744,stop,2026-06-22 13:36:00,1.9390566977848194,-1.0,-1.056560213037133
AAPL,2026-06-23 10:00:00,short,300.0,8413708,290.0,5353429,0.6362746365811601,+/+,296.81,False,no gap,2026-06-23 10:11:00,299.54,300.6192459859125,290.0,300.6192459859125,stop,2026-06-23 10:33:00,8.839504732495167,-1.0,-1.0555091246870356
AAPL,2026-06-23 11:30:00,long,297.5,8997719,300.0,11096887,0.8108327137151167,+/+,296.81,False,no gap,2026-06-23 11:41:00,297.83,296.8821825655093,300.0,300.0,target,2026-06-23 13:48:00,2.2894704412839846,2.2894704412839846,2.2266250051984913
AAPL,2026-06-24 15:00:00,long,295.0,-53472475,300.0,15411251,0.28820904586892604,-/+,294.27,False,no gap,2026-06-24 15:03:00,295.38,294.35597803470415,300.0,294.35597803470415,stop,2026-06-24 15:50:00,4.511621973524041,-1.0,-1.057690168767945
AAPL,2026-06-29 12:30:00,long,280.0,17982467,285.0,7824352,0.43511004357744687,+/+,281.42,False,gap already filled,2026-06-29 12:37:00,280.5,279.30741320551033,285.0,281.65,close,2026-06-29 15:59:00,3.773310270407304,0.964290402437403,0.9172498010663254
AAPL,2026-06-30 10:00:00,long,285.0,12016958,292.5,5502349,0.45788201972579085,+/+,281.65,False,no gap,2026-06-30 10:02:00,285.74,284.29387615438185,292.5,289.25,close,2026-06-30 15:59:00,4.674565059198204,2.427178011506757,2.3876599576601505
AMZN,2025-10-13 10:30:00,long,220.0,12467784,225.0,12036457,0.9654046781689513,+/+,216.21,False,against unfilled gap,2025-10-13 10:35:00,220.27,219.55509987779135,225.0,219.55509987779135,stop,2025-10-13 10:48:00,6.616308842397181,-1.0,-1.0616225940259971
AMZN,2025-10-23 11:00:00,long,220.0,28753218,222.5,13297373,0.46246555776817744,+/+,217.98,False,against unfilled gap,2025-10-23 11:15:00,220.25,219.53223412858875,222.5,219.53223412858875,stop,2025-10-23 11:44:00,3.134726920877599,-1.0,-1.0613709870509593
AMZN,2025-10-23 12:00:00,long,220.0,31092133,222.5,14657779,0.4714304740687942,+/+,217.98,False,against unfilled gap,2025-10-23 12:11:00,220.34,219.5327860897695,222.5,221.095,close,2025-10-23 15:59:00,2.6758706367971334,0.9353158938804754,0.8807231775738198
AMZN,2025-10-24 12:30:00,short,225.0,33579980,222.5,-13077630,0.38944722420918654,+/-,221.095,False,no gap,2025-10-24 12:35:00,224.52,225.47603593930194,222.5,224.29,close,2025-10-24 15:59:00,2.1128912805045412,0.2405767299584557,0.19360778438430942
AMZN,2025-10-31 13:00:00,long,245.0,-22309601,250.0,20102790,0.9010824532451297,-/+,222.775,False,against unfilled gap,2025-10-31 13:17:00,245.52,244.4644590011055,250.0,244.4644590011055,stop,2025-10-31 15:54:00,4.2442690569972825,-1.0,-1.0465202204854454
AMZN,2025-11-04 13:00:00,long,250.0,-12280767,255.0,-12223907,0.9953699960271211,-/-,254.05,True,gap already filled,2025-11-04 13:14:00,250.33,249.40804645179745,255.0,249.40804645179745,stop,2025-11-04 13:35:00,5.065331121187813,-1.0,-1.0543042543711756
AMZN,2025-11-05 12:30:00,long,250.0,-14961144,255.0,-10542890,0.7046847487063823,-/-,249.35,False,no gap,2025-11-05 12:44:00,250.5,249.40772810552198,255.0,249.40772810552198,stop,2025-11-05 14:02:00,4.119853328415534,-1.0,-1.045867700389693
AMZN,2025-11-07 10:30:00,long,240.0,-31915951,242.5,-13100791,0.4104778516548042,-/-,243.08,True,no gap,2025-11-07 10:54:00,240.4,239.414932793901,242.5,239.414932793901,stop,2025-11-07 11:14:00,2.1318342413572386,-1.0,-1.0488088525354553
AMZN,2025-11-07 12:00:00,short,240.0,-55312904,237.5,-12354442,0.22335551212425947,-/-,243.08,False,no gap,2025-11-07 12:28:00,239.7,240.57963307025435,237.5,240.57963307025435,stop,2025-11-07 13:08:00,2.5010428488822396,-1.0,-1.0544999973524614
AMZN,2025-11-14 10:00:00,long,235.0,-8354688,237.5,-9292491,0.8990794825628564,-/-,237.55,True,toward unfilled gap,2025-11-14 10:03:00,235.48,234.45715675054169,237.5,237.5,target,2025-11-14 10:39:00,1.9748871599531965,1.9748871599531965,1.9288429591189613
AMZN,2025-11-14 12:30:00,short,237.5,-13649151,235.0,-9418270,0.6900260682880569,-/-,237.55,False,gap already filled,2025-11-14 12:32:00,237.22,238.04771231618318,235.0,235.0,target,2025-11-14 15:24:00,2.682091297417267,2.682091297417267,2.6247718652034537
AMZN,2025-11-21 12:30:00,short,220.0,22982580,215.0,7732383,0.33644538602715623,+/+,217.13,False,no gap,2025-11-21 12:38:00,219.65,220.62452670272177,215.0,220.62452670272177,stop,2025-11-21 14:09:00,4.771547036128406,-1.0,-1.045078292752069
AMZN,2025-12-05 10:30:00,long,230.0,-40047171,235.0,12159327,0.3036251174895725,-/+,229.15,False,against unfilled gap,2025-12-05 10:59:00,230.31,229.45791878835695,235.0,229.45791878835695,stop,2025-12-05 11:19:00,5.504170184619318,-1.0,-1.0540582275146984
AMZN,2025-12-22 10:00:00,long,227.5,7731441,230.0,7910955,0.9773081758144244,+/+,227.39,False,gap already filled,2025-12-22 10:29:00,227.82,227.04697723625495,230.0,227.04697723625495,stop,2025-12-22 10:58:00,2.8200980646916625,-1.0,-1.0589426367979866
AMZN,2025-12-24 11:30:00,long,232.5,11832622,235.0,-32160678,0.36792203199198725,+/-,232.15,False,no gap,2025-12-24 11:37:00,232.88,232.0528712028299,235.0,232.2,close,2025-12-24 15:59:00,2.563083291566275,-0.8221210557854154,-0.8784315121005053
AMZN,2025-12-26 12:30:00,long,232.5,32736410,235.0,-28107358,0.8585962235932407,+/-,232.2,False,no gap,2025-12-26 12:42:00,232.79,232.05566046737826,235.0,232.53,close,2025-12-26 15:59:00,3.009507049293516,-0.354059652858047,-0.4174608425417606
AMZN,2026-01-05 11:30:00,long,232.5,4838066,240.0,-5814420,0.8320805858537911,+/-,226.49,False,against unfilled gap,2026-01-05 11:32:00,232.77,232.10652293058416,240.0,233.065,close,2026-01-05 15:59:00,10.897136213562856,0.444627272890859,0.37446056759539487
AMZN,2026-01-13 12:00:00,long,245.0,6856786,250.0,-17041955,0.4023473832667672,+/-,246.43,False,no gap,2026-01-13 12:09:00,245.34,244.5256276935058,250.0,244.5256276935058,stop,2026-01-13 12:16:00,5.722198511465749,-1.0,-1.0602525400344638
AMZN,2026-01-15 10:00:00,short,237.5,-7269408,235.0,7416726,0.9801370577799422,-/+,236.765,False,gap already filled,2026-01-15 10:05:00,237.09,237.96889816322158,235.0,237.96889816322158,stop,2026-01-15 10:30:00,2.3779774352231704,-1.0,-1.0539516430734028
AMZN,2026-01-15 15:00:00,short,237.5,-9345320,235.0,9042329,0.9675783172753849,-/+,236.765,False,gap already filled,2026-01-15 15:25:00,237.19,237.9685818477392,235.0,237.9685818477392,stop,2026-01-15 15:54:00,2.8128063945482658,-1.0,-1.0609287259107674
AMZN,2026-01-16 11:30:00,long,237.5,-17773509,240.0,-32609992,0.5450326084103302,-/-,238.195,False,no gap,2026-01-16 11:58:00,237.76,237.0296388776723,240.0,239.11,close,2026-01-16 15:59:00,3.0669759541157857,1.8484006866323053,1.7832931685206475
AMZN,2026-01-20 14:30:00,short,230.0,-8892245,220.0,-15051360,0.5907934565381467,-/-,239.11,False,against unfilled gap,2026-01-20 14:45:00,229.73,230.4427728562841,220.0,230.4427728562841,stop,2026-01-20 15:18:00,13.650912649403015,-1.0,-1.0644609283236868
AMZN,2026-01-21 14:30:00,short,230.0,-8836167,220.0,-16778567,0.5266341875322249,-/-,231.08,False,no gap,2026-01-21 14:33:00,229.52,230.44286917825946,220.0,230.44286917825946,stop,2026-01-21 14:36:00,10.315654942507622,-1.0,-1.049740527781604
AMZN,2026-01-23 10:30:00,long,237.5,-18923107,240.0,-29952729,0.6317657065571555,-/-,234.32,False,no gap,2026-01-23 10:34:00,237.87,237.0299156537194,240.0,240.0,target,2026-01-23 10:59:00,2.535459694529926,2.535459694529926,2.478829666592101
AMZN,2026-01-23 11:30:00,short,240.0,-41703609,237.5,-21088433,0.5056740532935651,-/-,234.32,False,no gap,2026-01-23 11:45:00,239.56,240.47259510042213,237.5,239.16,close,2026-01-23 15:59:00,2.2572989916855164,0.43831048382243615,0.38580965407018547
AMZN,2026-01-28 10:00:00,short,247.5,-10052186,245.0,20728715,0.4849401422133499,-/+,244.69,True,toward unfilled gap,2026-01-28 10:06:00,247.0,248.0036983446825,245.0,245.0,target,2026-01-28 10:25:00,1.9926305653444618,1.9926305653444618,1.9434125903804538
AMZN,2026-01-28 11:00:00,long,242.5,-11066588,245.0,23130411,0.47844320621886055,-/+,244.69,True,gap already filled,2026-01-28 11:27:00,242.94,242.0050888083115,245.0,242.0050888083115,stop,2026-01-28 11:43:00,2.2034178415166514,-1.0,-1.0519707116910733
AMZN,2026-01-28 14:00:00,long,242.5,-10851694,245.0,15045549,0.7212561003922157,-/+,244.69,True,gap already filled,2026-01-28 14:11:00,242.87,242.00488516629542,245.0,242.98,close,2026-01-28 15:59:00,2.462100887669378,0.12715075006741586,0.07100329066945688
AMZN,2026-01-30 12:00:00,long,240.0,-28315360,242.5,-35807397,0.7907684549089117,-/-,241.63,True,gap already filled,2026-01-30 12:14:00,240.33,239.43237741074006,242.5,239.43237741074006,stop,2026-01-30 12:59:00,2.417497092836143,-1.0,-1.0535481176333008
AMZN,2026-02-13 12:30:00,long,200.0,-56158308,202.5,-19305112,0.34376235124462795,-/-,199.54,False,no gap,2026-02-13 12:49:00,200.46,199.4327199691048,202.5,199.4327199691048,stop,2026-02-13 14:52:00,1.9858265892915825,-1.0,-1.039027333146019
AMZN,2026-02-18 13:30:00,long,205.0,-40539494,207.5,-29938552,0.7385033468843987,-/-,201.21,False,no gap,2026-02-18 13:48:00,205.34,204.3934023680368,207.5,204.3934023680368,stop,2026-02-18 14:57:00,2.281856542911714,-1.0,-1.0433848539371753
AMZN,2026-02-20 13:30:00,short,210.0,-97942309,207.5,-70574423,0.7205713620658055,-/-,204.92,False,no gap,2026-02-20 13:35:00,209.4,210.5856668389543,207.5,210.5856668389543,stop,2026-02-20 13:45:00,1.6024737620862601,-1.0,-1.0353218953453538
AMZN,2026-02-20 14:30:00,short,210.0,-171469119,207.5,-29140654,0.169946951205832,-/-,204.92,False,no gap,2026-02-20 14:55:00,209.63,210.58709345254684,207.5,210.17,close,2026-02-20 15:59:00,2.2254880067688547,-0.5642082270681533,-0.6080137717497455
AMZN,2026-03-09 12:30:00,short,210.0,-27281057,200.0,10987988,0.40276987801462383,-/+,213.1,False,against unfilled gap,2026-03-09 12:32:00,209.46,210.6045241774848,200.0,210.6045241774848,stop,2026-03-09 15:19:00,8.265443566940974,-1.0,-1.0366021101380858
AMZN,2026-03-12 13:00:00,long,210.0,-24543945,220.0,13536933,0.551538597401518,-/+,212.65,False,toward unfilled gap,2026-03-12 13:04:00,210.46,209.4120114173559,220.0,209.4120114173559,stop,2026-03-12 13:56:00,9.103152608714748,-1.0,-1.04016455970713
AMZN,2026-03-13 10:00:00,short,210.0,-33500562,205.0,13394367,0.3998251432319255,-/+,209.58,False,no gap,2026-03-13 10:10:00,209.61,210.59402561839667,205.0,207.68,close,2026-03-13 15:59:00,4.684837380058675,1.961331050653633,1.9187285012725441
AMZN,2026-03-24 10:00:00,long,207.5,-3321540,215.0,-3343127,0.9935428716886915,-/-,210.13,False,toward unfilled gap,2026-03-24 10:08:00,207.78,206.96081151065633,215.0,206.96081151065633,stop,2026-03-24 13:10:00,8.813600403229051,-1.0,-1.0507282518499428
AMZN,2026-03-24 14:30:00,long,207.5,-4366944,215.0,-4520383,0.9660561947958834,-/-,210.13,False,toward unfilled gap,2026-03-24 14:32:00,207.94,206.96227560531682,215.0,206.96227560531682,stop,2026-03-24 15:51:00,7.2208487774182215,-1.0,-1.042535504101313
AMZN,2026-03-25 12:30:00,short,212.5,-13183402,210.0,-9487564,0.7196597661210665,-/-,207.26,False,toward unfilled gap,2026-03-25 12:47:00,212.2,213.04912619380903,210.0,211.71,close,2026-03-25 15:59:00,2.5908987569104975,0.5770638140391365,0.5270830216558265
AMZN,2026-03-30 12:30:00,long,202.5,-20484929,205.0,-7737014,0.37769298590197703,-/-,199.31,False,against unfilled gap,2026-03-30 12:32:00,202.79,201.9786796203476,205.0,201.9786796203476,stop,2026-03-30 13:16:00,2.723954747626199,-1.0,-1.0499901161331326
AMZN,2026-03-30 15:00:00,long,200.0,-12999904,202.5,-19646797,0.6616805782642331,-/-,199.31,False,against unfilled gap,2026-03-30 15:15:00,200.34,199.48391572405717,202.5,200.945,close,2026-03-30 15:59:00,2.523116077118829,0.7067061234522538,0.6599023202216995
AMZN,2026-04-01 11:30:00,short,212.5,-16677886,210.0,-19395627,0.8598786726513147,-/-,208.33,False,gap already filled,2026-04-01 11:37:00,212.23,213.0311912785433,210.0,213.0311912785433,stop,2026-04-01 11:58:00,2.783355310674955,-1.0,-1.0529786096488385
AMZN,2026-04-01 12:00:00,long,212.5,-12694773,215.0,-17914483,0.7086318371565621,-/-,208.33,False,gap already filled,2026-04-01 12:18:00,212.8,211.9660759207128,215.0,211.9660759207128,stop,2026-04-01 13:58:00,2.638129842563617,-1.0,-1.051035820954322
AMZN,2026-04-02 11:00:00,long,210.0,-14117954,212.5,9800243,0.694168786780294,-/+,210.6,False,gap already filled,2026-04-02 11:04:00,210.32,209.45938194082837,212.5,209.45938194082837,stop,2026-04-02 11:51:00,2.53306327559327,-1.0,-1.0488765016626398
AMZN,2026-04-02 12:30:00,short,210.0,-15007356,207.5,-20295358,0.7394477101611118,-/-,210.6,False,gap already filled,2026-04-02 12:41:00,209.57,210.53858537026227,207.5,209.62,close,2026-04-02 15:59:00,2.137137379474847,-0.05162167583273768,-0.0948950942497952
AMZN,2026-04-10 11:00:00,short,240.0,-14386200,235.0,8455685,0.5877636206920521,-/+,233.65,False,toward unfilled gap,2026-04-10 11:25:00,239.68,240.5886787542626,235.0,238.46,close,2026-04-10 15:59:00,5.150335008985612,1.3426086989235966,1.2898551820452346
AMZN,2026-04-13 11:00:00,short,237.5,10458983,235.0,13765221,0.7598122107883338,+/+,238.46,False,against unfilled gap,2026-04-13 11:02:00,237.12,238.08057965725666,235.0,238.08057965725666,stop,2026-04-13 11:21:00,2.2070007250148937,-1.0,-1.0493701898033518
AMZN,2026-04-21 10:30:00,long,252.5,7906198,255.0,6715485,0.8493949936492863,+/+,248.31,False,against unfilled gap,2026-04-21 10:41:00,253.04,251.89100601810003,255.0,251.89100601810003,stop,2026-04-21 10:59:00,1.705840092181314,-1.0,-1.0440454874413834
AMZN,2026-04-21 12:00:00,long,252.5,5259693,255.0,7409512,0.7098568704659632,+/+,248.31,False,against unfilled gap,2026-04-21 12:07:00,252.9,251.89098192147588,255.0,251.89098192147588,stop,2026-04-21 12:25:00,2.0812312927748913,-1.0,-1.050127942280264
AMZN,2026-04-22 10:30:00,long,252.5,22885592,255.0,9355641,0.4088004802322789,+/+,249.95,False,against unfilled gap,2026-04-22 10:38:00,252.92,251.88975299364472,255.0,255.0,target,2026-04-22 15:40:00,2.018933311302194,2.018933311302194,1.9698344061969486
AMZN,2026-04-23 13:30:00,short,255.0,21960737,252.5,8279402,0.3770092961816354,+/+,255.305,False,no gap,2026-04-23 13:36:00,254.67,255.60443130035796,252.5,255.60443130035796,stop,2026-04-23 14:36:00,2.322268099504674,-1.0,-1.0545080199908625
AMZN,2026-04-27 12:30:00,long,262.5,-23375978,265.0,27402022,0.8530749300179381,-/+,263.933,True,no gap,2026-04-27 12:43:00,262.84,261.87594384449716,265.0,261.87594384449716,stop,2026-04-27 14:01:00,2.2405333835283137,-1.0,-1.0545279439376458
AMZN,2026-05-04 12:30:00,long,270.0,-16099501,272.5,-17570917,0.9162584400119812,-/-,268.32,False,no gap,2026-05-04 12:43:00,270.37,269.42004488248244,272.5,272.09,close,2026-05-04 15:59:00,2.2422111957943316,1.8106118576367098,1.753689168340286
AMZN,2026-05-07 11:00:00,long,272.5,34865938,280.0,24580716,0.7050065883786061,+/+,275.03,False,no gap,2026-05-07 11:20:00,272.86,271.85991437302494,280.0,271.85991437302494,stop,2026-05-07 12:16:00,7.139388675743773,-1.0,-1.0545673275648026
AMZN,2026-05-07 13:00:00,long,272.5,38171491,280.0,26438971,0.6926365805307422,+/+,275.03,False,no gap,2026-05-07 13:07:00,272.86,271.86129497739694,280.0,271.86129497739694,stop,2026-05-07 13:20:00,7.149258127680107,-1.0,-1.0546427611405826
AMZN,2026-05-07 14:00:00,long,272.5,40303356,280.0,27261695,0.6764125300136297,+/+,275.03,False,no gap,2026-05-07 14:15:00,272.855,271.86176297887897,280.0,271.86176297887897,stop,2026-05-07 14:43:00,7.1936505064375895,-1.0,-1.0549425754775097
AMZN,2026-05-08 10:00:00,long,272.5,73470661,280.0,24331616,0.3311745895412592,+/+,271.27,False,no gap,2026-05-08 10:04:00,272.87,271.8690177013684,280.0,271.8690177013684,stop,2026-05-08 10:41:00,7.123003083817993,-1.0,-1.0545204446418348
AMZN,2026-05-08 11:30:00,long,272.5,113304729,280.0,21319953,0.18816472346886776,+/+,271.27,False,no gap,2026-05-08 11:37:00,272.84,271.86943408445217,280.0,272.52,close,2026-05-08 15:59:00,7.37713934242041,-0.32970455161654644,-0.3859274202809592
AMZN,2026-05-11 12:00:00,long,272.5,43484029,280.0,18953313,0.43586837365047293,+/+,272.52,False,gap already filled,2026-05-11 12:02:00,273.06,271.8694803492392,280.0,271.8694803492392,stop,2026-05-11 12:41:00,5.829387188665934,-1.0,-1.045872405352655
AMZN,2026-05-13 14:00:00,short,270.0,-19366545,267.5,-21858896,0.8859800147271848,-/-,265.835,False,gap already filled,2026-05-13 14:09:00,269.59,270.5771883198046,267.5,270.5771883198046,stop,2026-05-13 15:45:00,2.117123914526923,-1.0,-1.054617745082997
AMZN,2026-05-18 12:30:00,short,265.0,9162876,262.5,3681731,0.40180954102183636,+/+,264.21,False,no gap,2026-05-18 12:43:00,264.65,265.6245309019387,262.5,264.9,close,2026-05-18 15:59:00,2.2061896608129397,-0.25653368148987943,-0.3108469925349167
AMZN,2026-05-19 10:00:00,long,260.0,2989224,270.0,2357825,0.7887749462736817,+/+,264.9,False,toward unfilled gap,2026-05-19 10:04:00,260.5,259.3597430812852,270.0,259.3597430812852,stop,2026-05-19 10:11:00,8.331455695710863,-1.0,-1.0456914570259512
AMZN,2026-05-21 12:30:00,long,265.0,10352383,270.0,3491574,0.3372724907878698,+/+,265.0,False,gap already filled,2026-05-21 12:42:00,265.41,264.3379245844525,270.0,268.36,close,2026-05-21 15:59:00,4.281415218961726,2.7516720906181074,2.702158782850585
AMZN,2026-05-26 13:00:00,long,262.5,-39970577,270.0,8563780,0.21425209848734483,-/+,266.36,False,no gap,2026-05-26 13:07:00,262.84,261.8431434786914,270.0,265.305,close,2026-05-26 15:59:00,7.182578281778203,2.4727731095786925,2.4200393421043187
AMZN,2026-05-28 11:00:00,long,270.0,19955737,275.0,14814448,0.7423653659095627,+/+,271.85,False,no gap,2026-05-28 11:07:00,270.36,269.3248149218907,275.0,269.3248149218907,stop,2026-05-28 11:17:00,4.482290266852264,-1.0,-1.052234137782163
AMZN,2026-05-28 13:00:00,long,270.0,19535167,275.0,17885879,0.91557338619117,+/+,271.85,False,no gap,2026-05-28 13:09:00,270.35,269.32459018481825,275.0,273.95,close,2026-05-28 15:59:00,4.5347722746106855,3.5107914384082566,3.458061301443052
AMZN,2026-06-09 13:30:00,short,245.0,6353737,230.0,5334230,0.8395421466138746,+/+,245.28,False,gap already filled,2026-06-09 13:44:00,244.53,245.59456484705493,230.0,245.59456484705493,stop,2026-06-09 14:30:00,13.648769297799618,-1.0,-1.0459398975415133
AMZN,2026-06-17 12:00:00,long,240.0,12143963,242.5,11971425,0.9857922821405171,+/+,246.14,False,no gap,2026-06-17 12:22:00,240.44,239.3878705784364,242.5,239.3878705784364,stop,2026-06-17 12:48:00,1.957934031479314,-1.0,-1.0457054037406683
AMZN,2026-06-17 14:00:00,short,240.0,18100034,237.5,-6287104,0.3473531596680979,+/-,246.14,False,no gap,2026-06-17 14:20:00,239.53,240.60970893061463,237.5,237.5,target,2026-06-17 15:28:00,1.8801363427126743,1.8801363427126743,1.8357669773757317
AMZN,2026-06-22 10:30:00,long,235.0,-7904810,237.5,6897261,0.8725397574388252,-/+,244.29,False,toward unfilled gap,2026-06-22 10:34:00,235.31,234.39213236616703,237.5,234.39213236616703,stop,2026-06-22 10:51:00,2.3859649466608457,-1.0,-1.0512731882738597
AMZN,2026-06-22 15:00:00,short,235.0,-35769306,232.5,-7589282,0.21217302902102714,-/-,244.29,False,against unfilled gap,2026-06-22 15:15:00,234.64,235.60511867829143,232.5,232.83,close,2026-06-22 15:59:00,2.217343885405303,1.8754170245717596,1.8267929526772264
AMZN,2026-06-23 14:00:00,long,235.0,6089489,245.0,6226573,0.9779840371260403,+/+,232.83,False,no gap,2026-06-23 14:02:00,235.35,234.39313902594282,245.0,234.39313902594282,stop,2026-06-23 14:42:00,10.085059649870677,-1.0,-1.0491920992455348
AMZN,2026-06-24 12:30:00,long,240.0,-10493933,242.5,-11508169,0.9118681694716162,-/-,234.11,False,no gap,2026-06-24 12:47:00,240.37,239.37868442403425,242.5,239.37868442403425,stop,2026-06-24 13:25:00,2.1486598734463667,-1.0,-1.0484951524676343
META,2025-10-24 12:00:00,short,735.0,25057874,700.0,-3796500,0.151509262118566,+/-,733.95,False,no gap,2025-10-24 12:28:00,734.1,736.6760718994227,700.0,736.6760718994227,stop,2025-10-24 12:49:00,13.237208172505605,-1.0,-1.056993750847134
META,2025-10-30 14:30:00,short,670.0,3872857,650.0,-5872928,0.6594422747903601,+/-,751.99,False,against unfilled gap,2025-10-30 14:32:00,669.285,671.3912986110561,650.0,671.3912986110561,stop,2025-10-30 15:54:00,9.155871773722726,-1.0,-1.0635508181496087
META,2025-11-04 14:00:00,long,630.0,-6766711,645.0,-3884740,0.5740957460722055,-/-,637.85,False,gap already filled,2025-11-04 14:23:00,630.87,628.4889947254348,645.0,628.4889947254348,stop,2025-11-04 14:43:00,5.934468163906344,-1.0,-1.052991902768062
META,2025-11-17 14:00:00,long,600.0,-48974772,610.0,3743120,0.07642955438363246,-/+,609.75,True,no gap,2025-11-17 14:04:00,600.97,598.3978595286093,610.0,598.3978595286093,stop,2025-11-17 14:42:00,3.5106947308820433,-1.0,-1.0467291741399378
META,2025-11-18 15:00:00,long,600.0,-48840417,610.0,3921402,0.08029010071719904,-/+,601.83,False,gap already filled,2025-11-18 15:20:00,600.89,598.3378376667789,610.0,598.3378376667789,stop,2025-11-18 15:55:00,3.569522158295593,-1.0,-1.047088697468677
META,2025-11-24 10:30:00,short,615.0,-3601529,600.0,-55596683,0.0647795660759114,-/-,594.43,False,toward unfilled gap,2025-11-24 10:48:00,613.17,616.8158352513108,600.0,613.13,close,2025-11-24 15:59:00,3.612340956784828,0.010971422799640255,-0.02266531379066741
META,2025-12-18 10:30:00,short,670.0,14109696,600.0,-11655752,0.8260810154945932,+/-,649.29,False,toward unfilled gap,2025-12-18 10:45:00,669.2,671.5240890792003,600.0,664.49,close,2025-12-18 15:59:00,29.775106565112015,2.026600461295933,1.9690123072110404
META,2026-01-12 12:00:00,short,650.0,17345188,640.0,5539344,0.3193591213885949,+/+,652.96,False,no gap,2026-01-12 12:24:00,648.98,651.2295209472501,640.0,641.94,close,2026-01-12 15:59:00,3.991961048852496,3.129555209790799,3.07185581376665
META,2026-01-16 13:00:00,long,625.0,-18476834,630.0,17607334,0.9529410720472998,-/+,620.79,False,against unfilled gap,2026-01-16 13:06:00,625.9,623.871553108852,630.0,623.871553108852,stop,2026-01-16 14:21:00,2.021250848564108,-1.0,-1.0617122393227447
META,2026-02-03 13:00:00,long,690.0,-3368181,700.0,-1087490,0.3228716033966108,-/-,706.43,False,no gap,2026-02-03 13:15:00,691.0,688.4768884370815,700.0,688.4768884370815,stop,2026-02-03 13:44:00,3.5670241983234123,-1.0,-1.054773638245366
META,2026-02-06 14:30:00,long,660.0,-7084309,667.5,2189026,0.3089964031777835,-/+,670.09,True,gap already filled,2026-02-06 14:36:00,660.85,658.4511054099501,667.5,658.4511054099501,stop,2026-02-06 14:47:00,2.772110132551291,-1.0,-1.0550962099577903
META,2026-03-03 11:00:00,long,645.0,4115651,655.0,2043684,0.49656397007423614,+/+,653.55,True,gap already filled,2026-03-03 11:04:00,646.59,643.2483698705016,655.0,655.0,target,2026-03-03 13:23:00,2.5167357469518423,2.5167357469518423,2.4780366704566794
META,2026-03-10 10:00:00,long,650.0,-1953755,662.5,-4342216,0.4499442220285679,-/-,647.23,False,against unfilled gap,2026-03-10 10:19:00,651.0,648.2743983699845,662.5,653.92,close,2026-03-10 15:59:00,4.219251952800837,1.071323104537241,1.0235538346020525
META,2026-03-19 12:00:00,short,607.5,2767295,600.0,-2393219,0.8648225071775868,+/-,615.59,False,against unfilled gap,2026-03-19 12:10:00,606.72,608.9975196770774,600.0,608.9975196770774,stop,2026-03-19 15:07:00,2.950578239843515,-1.0,-1.0532790127880314
META,2026-03-24 13:30:00,short,595.0,-1844346,580.0,-1745874,0.9466087165857165,-/-,604.3,False,against unfilled gap,2026-03-24 13:57:00,594.0,596.4485184004677,580.0,596.4485184004677,stop,2026-03-24 14:39:00,5.71774343101759,-1.0,-1.048519137114635
META,2026-03-25 10:30:00,long,597.5,4695558,605.0,3148704,0.6705707820029058,+/+,593.09,False,against unfilled gap,2026-03-25 10:57:00,598.42,596.0207120698972,605.0,596.0207120698972,stop,2026-03-25 11:13:00,2.7424803490417884,-1.0,-1.0498831334490448
META,2026-03-27 14:30:00,short,525.0,11628144,510.0,-1435374,0.12343964780621912,+/-,547.36,False,against unfilled gap,2026-03-27 14:37:00,523.97,526.3306013867472,510.0,526.3306013867472,stop,2026-03-27 15:27:00,5.91798347591858,-1.0,-1.0443929248658133
META,2026-04-02 13:00:00,long,570.0,-6241393,580.0,4562795,0.7310539490142666,-/+,578.72,True,toward unfilled gap,2026-04-02 13:13:00,570.95,568.4690536543286,580.0,574.54,close,2026-04-02 15:59:00,3.647801580146898,1.4470284721245448,1.4010016806950447
META,2026-04-07 11:00:00,short,567.5,1296994,560.0,-3340872,0.38822020119298195,+/-,573.105,False,no gap,2026-04-07 11:28:00,566.69,568.9840736538554,560.0,568.9840736538554,stop,2026-04-07 12:02:00,2.9162097689222533,-1.0,-1.049404691000016
META,2026-04-14 14:30:00,long,660.0,15638847,680.0,-7247621,0.4634370423855416,+/-,634.55,False,against unfilled gap,2026-04-14 14:57:00,660.955,658.2007197589184,680.0,662.4,close,2026-04-14 15:59:00,6.914692163830222,0.5246379719996982,0.4766432189501375
META,2026-05-13 14:30:00,short,620.0,-23701490,610.0,6461382,0.27261501281143086,-/+,603.05,False,gap already filled,2026-05-13 14:43:00,619.11,621.3913262957122,610.0,616.735,close,2026-05-13 15:59:00,3.9932911031281733,1.0410610724401095,0.9867847507088761
META,2026-05-22 10:00:00,short,610.0,9978767,600.0,2782444,0.2788364534415925,+/+,607.41,False,no gap,2026-05-22 10:05:00,609.08,611.4085515451358,600.0,611.4085515451358,stop,2026-05-22 11:06:00,3.8994197998184297,-1.0,-1.0523140663364183
META,2026-06-11 11:00:00,short,560.0,2810242,550.0,8142000,0.3451537705723409,+/+,570.79,False,against unfilled gap,2026-06-11 11:06:00,559.0,561.4205933676553,550.0,561.4205933676553,stop,2026-06-11 11:12:00,3.7180966122854886,-1.0,-1.046187022361502
META,2026-06-12 14:30:00,short,567.5,17207167,560.0,7584883,0.44079789543508235,+/+,568.49,False,gap already filled,2026-06-12 14:46:00,566.65,568.9415852248894,560.0,566.67,close,2026-06-12 15:59:00,2.9019213109653377,-0.00872758289011341,-0.05818243133698601
META,2026-06-17 15:00:00,long,570.0,11946030,580.0,9393775,0.7863511978456441,+/+,600.27,False,toward unfilled gap,2026-06-17 15:22:00,570.9,568.5046391153271,580.0,568.5046391153271,stop,2026-06-17 15:45:00,3.7990100190029605,-1.0,-1.0476671388977756
MSFT,2025-10-14 13:30:00,short,515.0,-11183166,510.0,-9291632,0.8308588104656588,-/-,514.025,False,gap already filled,2025-10-14 13:55:00,514.57,515.8207440642557,510.0,513.625,close,2025-10-14 15:59:00,3.6538250555039467,0.7555502576480032,0.6732680362558523
MSFT,2025-10-15 13:00:00,long,510.0,-10837562,515.0,-9977995,0.9206863130287052,-/-,513.625,True,no gap,2025-10-15 13:16:00,510.79,509.1737942686955,515.0,513.52,close,2025-10-15 15:59:00,2.604866396929437,1.6891413927832057,1.6259328556389019
MSFT,2025-10-16 10:00:00,short,515.0,-7034950,510.0,-11617581,0.6055434431660085,-/-,513.52,False,no gap,2025-10-16 10:26:00,514.12,515.8203610163104,510.0,515.8203610163104,stop,2025-10-16 10:41:00,2.423014854186715,-1.0,-1.0604718639240036
MSFT,2025-10-16 11:30:00,short,515.0,-7003705,510.0,-10968217,0.638545444533054,-/-,513.52,False,no gap,2025-10-16 11:40:00,514.0,515.8201854526687,510.0,510.0,target,2025-10-16 12:46:00,2.1975782710136698,2.1975782710136698,2.141100509448618
MSFT,2025-10-21 10:30:00,short,515.0,9032356,510.0,-14316707,0.6308961970095498,+/-,516.77,False,no gap,2025-10-21 10:32:00,514.1,515.8304808224669,510.0,515.8304808224669,stop,2025-10-21 10:54:00,2.3692836966290094,-1.0,-1.0594170121188764
MSFT,2025-10-21 13:00:00,short,515.0,9018450,510.0,-15976075,0.5644972247563935,+/-,516.77,False,no gap,2025-10-21 13:15:00,514.54,515.8290934343917,510.0,515.8290934343917,stop,2025-10-21 14:05:00,3.521854877914493,-1.0,-1.0798297448846756
MSFT,2025-10-31 11:00:00,long,520.0,-18777193,525.0,-11564854,0.6158989791498655,-/-,525.63,True,gap already filled,2025-10-31 11:16:00,520.85,519.1690892048613,525.0,519.1690892048613,stop,2025-10-31 11:29:00,2.468899606095655,-1.0,-1.06197235469084
MSFT,2025-11-03 10:00:00,long,520.0,-12200187,525.0,-18432358,0.661889650797798,-/-,517.815,False,against unfilled gap,2025-11-03 10:08:00,521.19,519.1567717611628,525.0,519.1567717611628,stop,2025-11-03 10:30:00,1.8738673441692402,-1.0,-1.0512672399531537
MSFT,2025-11-14 12:00:00,long,510.0,38644278,515.0,-19866574,0.5140883729280697,+/-,503.36,False,gap already filled,2025-11-14 12:06:00,510.51,509.12340221085043,515.0,509.12340221085043,stop,2025-11-14 12:32:00,3.2381416118900987,-1.0,-1.0736349075405796
MSFT,2025-11-20 11:30:00,long,485.0,10018100,500.0,-11323057,0.8847522360790023,+/-,487.14,False,gap already filled,2025-11-20 11:43:00,486.05,484.0906502413905,500.0,484.0906502413905,stop,2025-11-20 11:54:00,7.119708943593565,-1.0,-1.0496133983087264
MSFT,2025-12-04 13:00:00,short,480.0,-7722701,475.0,10650070,0.7251314780090647,-/+,478.075,False,no gap,2025-12-04 13:29:00,478.91,480.95110481505384,475.0,480.95110481505384,stop,2025-12-04 15:59:00,1.915629207849837,-1.0,-1.0469265464926525
MSFT,2025-12-11 14:30:00,long,485.0,-18628890,490.0,14774008,0.7930696890689676,-/+,478.38,False,no gap,2025-12-11 14:46:00,485.57,484.020701014343,490.0,484.020701014343,stop,2025-12-11 15:30:00,2.859357710171997,-1.0,-1.0626825428139148
MSFT,2025-12-19 10:00:00,long,485.0,-23838018,500.0,-23456825,0.9840090312877522,-/-,483.93,False,gap already filled,2025-12-19 10:28:00,485.63,484.12130445491897,500.0,484.12130445491897,stop,2025-12-19 10:53:00,9.52478453777648,-1.0,-1.0643774685467
MSFT,2025-12-19 11:30:00,long,485.0,-33863056,500.0,-22366802,0.6605074863887064,-/-,483.93,False,gap already filled,2025-12-19 11:43:00,485.45,484.12375971860513,500.0,484.12375971860513,stop,2025-12-19 14:17:00,10.970862674067776,-1.0,-1.0732069455000164
MSFT,2026-01-07 14:30:00,long,485.0,-11948826,500.0,-25217595,0.47382892777840235,-/-,478.415,False,no gap,2026-01-07 14:48:00,485.39,484.22511041623403,500.0,484.22511041623403,stop,2026-01-07 15:14:00,12.541961232726925,-1.0,-1.0833366538364588
MSFT,2026-02-02 15:00:00,short,425.0,17094074,420.0,-17699012,0.965820804008721,+/-,430.24,False,no gap,2026-02-02 15:28:00,424.39,425.7378028559863,420.0,423.29,close,2026-02-02 15:59:00,3.2571529140940245,0.8161430992034914,0.753168013772404
MSFT,2026-02-04 13:30:00,long,415.0,5812971,425.0,2201878,0.3787870264620278,+/+,411.195,False,no gap,2026-02-04 13:35:00,415.43,414.25882117651093,425.0,414.25882117651093,stop,2026-02-04 15:50:00,8.171254302131164,-1.0,-1.0709421980090774
MSFT,2026-02-11 13:30:00,short,405.0,13254410,400.0,-8845086,0.6673315522908979,+/-,413.35,False,gap already filled,2026-02-11 13:40:00,404.46,405.966511402364,400.0,404.195,close,2026-02-11 15:59:00,2.9604820733525963,0.17590308283372225,0.12220816895981207
MSFT,2026-02-18 15:00:00,short,400.0,-7327245,395.0,4474081,0.6106088987061303,-/+,396.89,True,no gap,2026-02-18 15:15:00,399.34,401.0043555280218,395.0,399.53,close,2026-02-18 15:59:00,2.607615937177991,-0.11415830139719242,-0.1621456446392507
MSFT,2026-02-25 10:30:00,short,400.0,-16250077,395.0,9435148,0.580621741053904,-/+,389.08,False,no gap,2026-02-25 10:48:00,399.06,400.9966295624461,395.0,400.9966295624461,stop,2026-02-25 15:30:00,2.096425707181659,-1.0,-1.0412118050595032
MSFT,2026-02-26 10:30:00,long,400.0,-15312917,405.0,7241426,0.47289657483286823,-/+,400.495,False,gap already filled,2026-02-26 10:36:00,400.79,398.9993255936538,405.0,398.9993255936538,stop,2026-02-26 11:55:00,2.351069510503729,-1.0,-1.0447641401004653
MSFT,2026-02-26 13:00:00,long,400.0,-21034574,405.0,7213696,0.34294471568570867,-/+,400.495,False,gap already filled,2026-02-26 13:25:00,400.59,399.0005240659205,405.0,401.79,close,2026-02-26 15:59:00,2.77449938400862,0.75496581877788,0.7045605258871769
MSFT,2026-02-27 14:30:00,long,392.5,18663607,397.5,4601652,0.24655748484202436,+/+,401.79,False,toward unfilled gap,2026-02-27 14:57:00,393.0,391.5186759271265,397.5,391.5186759271265,stop,2026-02-27 15:50:00,3.0378227711312062,-1.0,-1.0530606377357583
MSFT,2026-03-02 12:30:00,short,400.0,-24594936,395.0,-7541933,0.306645766429317,-/-,392.81,False,no gap,2026-03-02 12:59:00,399.47,400.99850217536283,395.0,398.48,close,2026-03-02 15:59:00,2.9244315592413432,0.6476928956709036,0.595423424755014
MSFT,2026-03-03 10:00:00,short,395.0,-6804271,390.0,-4582992,0.6735463652167881,-/-,398.48,False,gap already filled,2026-03-03 10:02:00,393.19,395.9856685348403,390.0,395.9856685348403,stop,2026-03-03 10:36:00,1.1410508650240443,-1.0,-1.0281285134557245
MSFT,2026-03-04 14:30:00,short,410.0,-20431713,400.0,-4504808,0.22048117061941894,-/-,403.79,False,gap already filled,2026-03-04 14:55:00,409.31,411.0287274729946,400.0,405.0,close,2026-03-04 15:59:00,5.416798268650964,2.507669230707375,2.4600398064465474
MSFT,2026-03-06 11:00:00,short,412.5,-12701936,407.5,-9262950,0.7292549734150763,-/-,410.68,False,no gap,2026-03-06 11:17:00,411.93,413.53566932729024,407.5,408.67,close,2026-03-06 15:59:00,2.758974045718488,2.030305956894409,1.9789965131629048
MSFT,2026-03-11 10:30:00,short,405.0,18325017,400.0,-8140367,0.4442215251423778,+/-,405.71,False,no gap,2026-03-11 10:32:00,403.99,406.0104868980298,400.0,404.84,close,2026-03-11 15:59:00,1.9747715285314291,-0.4206906765041713,-0.4606800474220365
MSFT,2026-03-13 13:30:00,long,395.0,-9724705,400.0,10070605,0.965652510449968,-/+,401.92,True,no gap,2026-03-13 13:53:00,395.6,394.02219356472426,400.0,395.55,close,2026-03-13 15:59:00,2.78868174297373,-0.031689565261072486,-0.08183513333018219
MSFT,2026-03-18 14:00:00,short,395.0,10506329,390.0,-6691320,0.6368846816047736,+/-,399.46,False,against unfilled gap,2026-03-18 14:02:00,394.2,395.87842414760956,390.0,391.68,close,2026-03-18 15:59:00,2.5023472201479344,1.501408332088754,1.454435699984834
MSFT,2026-03-19 11:00:00,long,390.0,-7100398,395.0,5432731,0.7651304898683144,-/+,391.68,False,no gap,2026-03-19 11:04:00,390.59,389.13218661281513,395.0,389.13218661281513,stop,2026-03-19 11:24:00,3.025078544871987,-1.0,-1.0535857337343102
MSFT,2026-03-19 13:00:00,long,387.5,-4571376,395.0,5083707,0.899220981854383,-/+,391.68,False,no gap,2026-03-19 13:16:00,387.94,386.6358347568605,395.0,388.91,close,2026-03-19 15:59:00,5.413424439225654,0.7437707798936304,0.6842783187901403
MSFT,2026-03-26 11:00:00,long,370.0,5416556,375.0,10669144,0.5076842153409871,+/+,371.09,False,no gap,2026-03-26 11:08:00,370.43,369.17371761850245,375.0,369.17371761850245,stop,2026-03-26 11:33:00,3.6377171783244373,-1.0,-1.0589724102567495
MSFT,2026-04-10 14:30:00,long,370.0,17784085,375.0,4393794,0.24706325908811164,+/+,373.01,False,no gap,2026-04-10 14:52:00,370.62,369.2011031080349,375.0,370.92,close,2026-04-10 15:59:00,3.0869050632240516,0.21143185364549122,0.15919127124676521
MSFT,2026-04-17 11:00:00,long,430.0,59303885,435.0,63644427,0.9318001244633721,+/+,420.12,False,against unfilled gap,2026-04-17 11:02:00,430.72,429.07220495089564,435.0,429.07220495089564,stop,2026-04-17 11:42:00,2.5974104014490416,-1.0,-1.0522783461734644
MSFT,2026-04-27 13:30:00,long,425.0,25859491,445.0,14560097,0.5630465425634248,+/+,424.59,False,gap already filled,2026-04-27 13:34:00,425.55,423.99432830298554,445.0,424.97,close,2026-04-27 15:59:00,12.502637952035078,-0.37282930653882523,-0.4275387932276533
MSFT,2026-05-11 10:30:00,long,410.0,15196651,415.0,12082796,0.795095972132281,+/+,415.025,True,toward unfilled gap,2026-05-11 10:39:00,410.62,409.10897218017055,415.0,409.10897218017055,stop,2026-05-11 10:51:00,2.8986891852820844,-1.0,-1.0543497604228553
MSFT,2026-05-11 11:30:00,long,410.0,19432055,415.0,11171011,0.5748754313426964,+/+,415.025,True,toward unfilled gap,2026-05-11 11:57:00,410.51,409.107539729347,415.0,409.107539729347,stop,2026-05-11 13:06:00,3.2015167159847793,-1.0,-1.0585414087785705
MSFT,2026-05-15 11:00:00,short,425.0,25181420,420.0,16041668,0.6370438204040916,+/+,409.5,False,toward unfilled gap,2026-05-15 11:07:00,424.49,425.8812002280556,420.0,425.8812002280556,stop,2026-05-15 12:24:00,3.227429028153221,-1.0,-1.0610250043724168
MSFT,2026-05-15 15:00:00,short,425.0,72602808,420.0,13900903,0.19146508768641565,+/+,409.5,False,toward unfilled gap,2026-05-15 15:12:00,424.54,425.88292570741123,420.0,421.93,close,2026-05-15 15:59:00,3.380678450747571,1.9435177877645742,1.8802916543072892
MSFT,2026-05-18 10:30:00,long,420.0,14112833,425.0,15105355,0.9342933681465944,+/+,421.93,False,gap already filled,2026-05-18 10:37:00,420.61,419.12320702041916,425.0,419.12320702041916,stop,2026-05-18 10:56:00,2.9526639285299696,-1.0,-1.0565794977211387
MSFT,2026-05-18 13:30:00,short,425.0,26815039,420.0,15289895,0.5701984994316063,+/+,421.93,False,gap already filled,2026-05-18 13:53:00,424.26,425.8783313587654,420.0,423.66,close,2026-05-18 15:59:00,2.6323410078698575,0.3707522546295371,0.31832047077982495
MSFT,2026-05-20 10:00:00,long,412.5,9481436,420.0,16587365,0.5716059181190021,+/+,417.55,False,toward unfilled gap,2026-05-20 10:06:00,413.32,411.63845662576296,420.0,420.0,target,2026-05-20 13:36:00,3.9725410015254035,3.9725410015254035,3.9233814013232933
MSFT,2026-05-26 11:30:00,long,415.0,17636641,420.0,15100211,0.856184065888737,+/+,418.54,True,gap already filled,2026-05-26 11:33:00,415.71,414.1243144155299,420.0,414.1243144155299,stop,2026-05-26 13:01:00,2.7054543738150465,-1.0,-1.0524328409202166
MSFT,2026-05-27 10:30:00,long,415.0,15417237,420.0,11615434,0.7534056848188816,+/+,416.08,False,toward unfilled gap,2026-05-27 10:39:00,415.63,414.09924841475083,420.0,414.09924841475083,stop,2026-05-27 11:11:00,2.8548067773444057,-1.0,-1.0543040430603046
MSFT,2026-06-12 10:00:00,short,385.0,18690525,380.0,13743545,0.7353215064852379,+/+,390.02,False,no gap,2026-06-12 10:11:00,384.53,385.8855576332078,380.0,385.8855576332078,stop,2026-06-12 10:39:00,3.341798156733567,-1.0,-1.0567338474705856
MSFT,2026-06-12 11:00:00,short,390.0,14126105,385.0,15307957,0.9227949229279909,+/+,390.02,False,no gap,2026-06-12 11:16:00,389.44,390.8982826887795,385.0,390.8982826887795,stop,2026-06-12 15:55:00,3.044677163188472,-1.0,-1.053410769118564
MSFT,2026-06-24 10:30:00,short,375.0,25948108,370.0,9573294,0.36893996279035063,+/+,374.02,False,gap already filled,2026-06-24 10:52:00,374.53,375.8779939512083,370.0,370.0,target,2026-06-24 14:43:00,3.360549204200353,3.360549204200353,3.304980705593325
NVDA,2025-10-16 10:30:00,long,182.5,42984441,185.0,96475941,0.4455457034619647,+/+,179.875,False,against unfilled gap,2025-10-16 10:32:00,182.84,182.0114827174646,185.0,182.0114827174646,stop,2025-10-16 11:27:00,2.60706692006472,-1.0,-1.0441366773763552
NVDA,2025-10-17 12:30:00,long,182.5,131097721,185.0,168018040,0.7802597923413462,+/+,181.82,False,gap already filled,2025-10-17 12:37:00,182.81,181.996815920398,185.0,181.996815920398,stop,2025-10-17 13:45:00,2.693117161211358,-1.0,-1.0449615295197305
NVDA,2025-11-05 10:00:00,long,200.0,-69574900,205.0,22218267,0.31934313955176363,-/+,198.71,False,no gap,2025-11-05 10:03:00,200.37,199.39296153492347,205.0,199.39296153492347,stop,2025-11-05 10:15:00,4.738810359566881,-1.0,-1.0410157853886142
NVDA,2025-11-07 11:30:00,long,180.0,-35778755,185.0,26048896,0.728054847073354,-/+,188.17,False,toward unfilled gap,2025-11-07 11:43:00,180.46,179.39821159523137,185.0,185.0,target,2025-11-07 13:39:00,4.275804839844023,4.275804839844023,4.241813133174496
NVDA,2025-11-07 15:00:00,short,187.5,-211677190,180.0,-35426155,0.16735934089072138,-/-,188.17,False,against unfilled gap,2025-11-07 15:05:00,187.14,188.12411146785652,180.0,188.12411146785652,stop,2025-11-07 15:58:00,7.255275680865103,-1.0,-1.0380322770565014
NVDA,2025-11-13 13:30:00,short,185.0,34843946,180.0,-33777602,0.9693965775288482,+/-,193.85,False,against unfilled gap,2025-11-13 13:33:00,184.68,185.61667044682721,180.0,185.61667044682721,stop,2025-11-13 14:25:00,4.996421116789383,-1.0,-1.0394332928140453
NVDA,2025-12-04 11:30:00,long,182.5,39091803,187.5,26711693,0.6833067535923069,+/+,179.645,False,against unfilled gap,2025-12-04 11:32:00,182.84,181.84694782190547,187.5,183.41,close,2025-12-04 15:59:00,4.692603372505171,0.5739879661647892,0.5371641206442378
NVDA,2025-12-08 13:30:00,long,185.0,33900164,190.0,-18883102,0.5570209630844264,+/-,182.34,False,no gap,2025-12-08 13:45:00,185.365,184.3663974134708,190.0,184.3663974134708,stop,2025-12-08 13:58:00,4.641486075165883,-1.0,-1.0371248788057443
NVDA,2025-12-12 12:00:00,short,177.5,-25552091,175.0,-74764337,0.3417684423524012,-/-,180.93,False,no gap,2025-12-12 12:24:00,177.15,178.07753077372678,175.0,178.07753077372678,stop,2025-12-12 13:12:00,2.31798239034314,-1.0,-1.038198193530166
NVDA,2025-12-12 13:30:00,short,177.5,-136453941,175.0,-45664824,0.3346537569039505,-/-,180.93,False,no gap,2025-12-12 13:43:00,177.19,178.0809380349287,175.0,175.0,target,2025-12-12 15:49:00,2.4580834066369968,2.4580834066369968,2.418307351950055
NVDA,2025-12-18 11:00:00,long,175.0,38313455,180.0,-34161732,0.8916379898393397,+/-,170.92,False,against unfilled gap,2025-12-18 11:04:00,175.33,174.44616114477466,180.0,174.44616114477466,stop,2025-12-18 12:09:00,5.283768610522667,-1.0,-1.0396746531256078
NVDA,2025-12-18 13:00:00,long,175.0,44835824,180.0,-26892532,0.5998001062721631,+/-,170.92,False,against unfilled gap,2025-12-18 13:08:00,175.31,174.44654011873047,180.0,174.44654011873047,stop,2025-12-18 14:04:00,5.431636259815972,-1.0,-1.0406064031005688
NVDA,2025-12-23 11:30:00,long,187.5,-18398981,190.0,21440592,0.8581377323909712,-/+,183.615,False,no gap,2025-12-23 11:42:00,187.76,186.98019372669359,190.0,189.19,close,2025-12-23 15:59:00,2.8725083096630284,1.833788786972381,1.7856332369525303
NVDA,2025-12-26 14:00:00,short,192.5,-132406144,190.0,-28104582,0.21226040688867126,-/-,188.35,False,toward unfilled gap,2025-12-26 14:29:00,192.24,193.01494400610812,190.0,190.0,target,2025-12-26 15:59:00,2.89053142206961,2.89053142206961,2.8409175148750876
NVDA,2026-01-05 10:00:00,long,190.0,58792536,192.5,51858096,0.8820523748116598,+/+,188.77,False,against unfilled gap,2026-01-05 10:05:00,190.28,189.5134184179395,192.5,189.5134184179395,stop,2026-01-05 10:44:00,2.895973568831195,-1.0,-1.0496437703312793
NVDA,2026-01-05 11:30:00,long,190.0,58078344,192.5,51780566,0.8915640914279512,+/+,188.77,False,against unfilled gap,2026-01-05 11:48:00,190.38,189.51338003794407,192.5,189.51338003794407,stop,2026-01-05 11:57:00,2.4462856763311036,-1.0,-1.0439362138735768
NVDA,2026-01-07 12:00:00,long,190.0,65993644,192.5,89417924,0.7380359669276151,+/+,187.26,False,gap already filled,2026-01-07 12:03:00,190.27,189.49780953523532,192.5,189.49780953523532,stop,2026-01-07 13:43:00,2.8878885479109564,-1.0,-1.049280587803679
NVDA,2026-01-15 14:30:00,short,189.0,135239248,185.0,77753122,0.574930156369991,+/+,183.21,False,toward unfilled gap,2026-01-15 14:51:00,188.78,189.4117475288201,185.0,187.14,close,2026-01-15 15:59:00,5.9834029063159235,2.5959737477138094,2.5362093667268084
NVDA,2026-01-23 10:00:00,long,187.5,38438811,190.0,92825223,0.41409877356287095,+/+,184.82,False,against unfilled gap,2026-01-23 10:15:00,187.77,187.1176107006948,190.0,187.1176107006948,stop,2026-01-23 15:11:00,3.4182044407762575,-1.0,-1.0575637890443552
NVDA,2026-01-27 10:00:00,long,187.5,45805175,190.0,36895695,0.8054918467181928,+/+,186.37,False,gap already filled,2026-01-27 10:02:00,187.8,187.11442917667992,190.0,190.0,target,2026-01-27 11:19:00,3.209004708435227,3.209004708435227,3.1542182462312143
NVDA,2026-01-27 11:30:00,short,190.0,35261682,187.5,44540880,0.7916700792620173,+/+,186.37,False,gap already filled,2026-01-27 11:35:00,189.78,190.3900900338225,187.5,188.55,close,2026-01-27 15:59:00,3.737153327542045,2.016095874068717,1.9538821057791618
NVDA,2026-01-29 12:30:00,short,190.0,50623488,187.5,73757893,0.6863467208858582,+/+,191.53,False,no gap,2026-01-29 12:40:00,189.69,190.42578231069612,187.5,190.42578231069612,stop,2026-01-29 13:06:00,2.9764238255850963,-1.0,-1.051561446162122
NVDA,2026-01-29 13:30:00,short,190.0,51589467,187.5,68025677,0.758382264979149,+/+,191.53,False,no gap,2026-01-29 13:36:00,189.75,190.4265233093383,187.5,190.4265233093383,stop,2026-01-29 13:40:00,3.3258277563276804,-1.0,-1.0560956281567269
NVDA,2026-01-30 12:00:00,short,192.5,-49269163,190.0,43318663,0.8792246582309506,-/+,192.42,False,gap already filled,2026-01-30 12:24:00,192.23,192.96643809149776,190.0,192.96643809149776,stop,2026-01-30 12:31:00,3.0280888858757913,-1.0,-1.052205338702413
NVDA,2026-02-02 13:00:00,short,190.0,-66012884,187.5,-20310951,0.30768161863674975,-/-,191.29,False,against unfilled gap,2026-02-02 13:26:00,189.76,190.4756950390243,187.5,187.5,target,2026-02-02 14:59:00,3.157769548159837,3.157769548159837,3.1047413756413578
NVDA,2026-02-06 13:00:00,short,185.0,14777734,182.5,24029374,0.6149862247763924,+/+,171.86,False,toward unfilled gap,2026-02-06 13:21:00,184.7,185.4670317659003,182.5,185.4670317659003,stop,2026-02-06 15:19:00,2.8681993338538616,-1.0,-1.0481596742693464
NVDA,2026-02-18 11:00:00,long,190.0,78216037,192.5,65701109,0.8399953707703192,+/+,185.0,False,against unfilled gap,2026-02-18 11:07:00,190.32,189.39586860412746,192.5,189.39586860412746,stop,2026-02-18 11:44:00,2.358971905658199,-1.0,-1.0411889479894374
NVDA,2026-02-23 11:00:00,long,190.0,22912235,192.5,48291544,0.4744564597064861,+/+,189.81,False,gap already filled,2026-02-23 11:27:00,190.48,189.39532812240293,192.5,191.63,close,2026-02-23 15:59:00,1.8623143475195834,1.06022846517204,1.0251063229031758
NVDA,2026-03-04 13:00:00,long,182.5,-52976735,190.0,60912748,0.869715071794167,-/+,180.02,False,no gap,2026-03-04 13:27:00,182.93,181.9030879742098,190.0,182.9,close,2026-03-04 15:59:00,6.884718283983108,-0.029213797527510788,-0.06484099740555976
NVDA,2026-03-09 12:30:00,long,180.0,-113066893,185.0,24279175,0.2147328396120339,-/+,177.67,False,no gap,2026-03-09 12:33:00,180.3,179.42116891123854,185.0,179.42116891123854,stop,2026-03-09 13:21:00,5.348012900435337,-1.0,-1.0410317755722762
NVDA,2026-03-13 11:00:00,short,182.5,-74790323,180.0,-72670043,0.9716503430530712,-/-,183.1,False,gap already filled,2026-03-13 11:19:00,182.07,183.0826047138128,180.0,180.0,target,2026-03-13 15:55:00,2.044233027718911,2.044233027718911,2.008272302370429
NVDA,2026-03-23 13:00:00,long,175.0,-24408060,180.0,24974188,0.9773314752015161,-/+,173.0,False,against unfilled gap,2026-03-23 13:17:00,175.325,174.51196369527727,180.0,175.51,close,2026-03-23 15:59:00,5.750050733090467,0.22754211457149667,0.1844136591798781
NVDA,2026-03-25 10:30:00,long,180.0,37101185,182.5,18376591,0.4953100824138097,+/+,175.31,False,against unfilled gap,2026-03-25 10:41:00,180.33,179.4994299914204,182.5,179.4994299914204,stop,2026-03-25 11:16:00,2.612663565484404,-1.0,-1.043423190853807
NVDA,2026-03-26 10:00:00,long,175.0,-21207024,180.0,38917066,0.5449286439013671,-/+,178.66,False,toward unfilled gap,2026-03-26 10:14:00,175.25,174.51171357701847,180.0,174.51171357701847,stop,2026-03-26 10:41:00,6.433817353456634,-1.0,-1.0474747996291907
NVDA,2026-03-27 11:30:00,short,170.0,-77291337,165.0,-32522627,0.42077971817203785,-/-,171.23,False,against unfilled gap,2026-03-27 11:36:00,169.72,170.46880116573658,165.0,167.48,close,2026-03-27 15:59:00,6.303408990231782,2.9914483343472993,2.9461172083378866
NVDA,2026-03-31 14:00:00,long,172.5,26258052,177.5,25674028,0.9777582891525998,+/+,165.06,False,against unfilled gap,2026-03-31 14:02:00,172.88,172.0245708158137,177.5,174.36,close,2026-03-31 15:59:00,5.400797734525039,1.7301256811898589,1.6897062044649807
NVDA,2026-04-01 14:30:00,long,175.0,-48405743,177.5,46349173,0.9575139255687078,-/+,174.36,False,against unfilled gap,2026-04-01 14:40:00,175.465,174.5177400158787,177.5,175.81,close,2026-04-01 15:59:00,2.1483014527291613,0.3642083543938867,0.3271615028554963
NVDA,2026-04-02 15:00:00,short,177.5,232243489,172.5,36349284,0.15651368379158306,+/+,175.81,False,gap already filled,2026-04-02 15:17:00,177.07,177.98158402266816,172.5,177.385,close,2026-04-02 15:59:00,5.013251533987847,-0.3455523486227927,-0.38440120854065835
NVDA,2026-04-06 12:30:00,short,177.5,-24872098,175.0,45398326,0.5478637692499939,-/+,177.385,False,no gap,2026-04-06 12:39:00,177.25,177.97443178624562,175.0,177.64,close,2026-04-06 15:59:00,3.105882489862396,-0.538352964909463,-0.5872878690275173
NVDA,2026-04-07 14:30:00,long,175.0,-14679366,177.5,33899179,0.4330301332666493,-/+,177.64,True,toward unfilled gap,2026-04-07 14:58:00,175.26,174.53310565397635,177.5,177.5,target,2026-04-07 15:55:00,3.08160327873448,3.08160327873448,3.0333816902852835
NVDA,2026-04-14 13:00:00,short,195.0,-21070161,190.0,-16966657,0.8052457216629716,-/-,189.22,True,toward unfilled gap,2026-04-14 13:29:00,194.72,195.50071668629695,190.0,195.50071668629695,stop,2026-04-14 15:04:00,6.045727064433062,-1.0,-1.049882371779085
NVDA,2026-04-15 13:30:00,short,197.5,-111582839,195.0,-62556275,0.5606263074199072,-/-,196.5,False,no gap,2026-04-15 13:40:00,197.19,198.00744540047083,195.0,198.00744540047083,stop,2026-04-15 15:23:00,2.679078013942711,-1.0,-1.0482454240702614
NVDA,2026-04-20 14:00:00,long,200.0,-126177955,202.5,55597842,0.44063039379581004,-/+,201.645,True,toward unfilled gap,2026-04-20 14:05:00,200.27,199.4851440080107,202.5,202.12,close,2026-04-20 15:59:00,2.841285564180775,2.357120311091678,2.3060867451779123
NVDA,2026-04-21 10:00:00,short,202.5,65592283,195.0,20627295,0.31447746680809996,+/+,202.12,False,no gap,2026-04-21 10:12:00,202.16,203.01284863113443,195.0,199.9,close,2026-04-21 15:59:00,8.395393670827573,2.649942694981878,2.602534516644043
NVDA,2026-04-23 10:00:00,long,202.5,93702309,207.5,-27796618,0.2966481647746802,+/-,202.42,False,no gap,2026-04-23 10:03:00,202.87,201.99377978595604,207.5,201.99377978595604,stop,2026-04-23 10:22:00,5.284059789754707,-1.0,-1.046305710995574
NVDA,2026-04-24 10:00:00,short,202.5,167145188,200.0,24905673,0.14900622206365882,+/+,199.71,True,no gap,2026-04-24 10:03:00,202.23,203.00892960414416,200.0,203.00892960414416,stop,2026-04-24 10:12:00,2.8629031277481816,-1.0,-1.0519251030963692
NVDA,2026-04-24 11:30:00,short,210.0,-48343905,207.5,-88967407,0.5433889401767099,-/-,199.71,False,no gap,2026-04-24 11:37:00,209.48,210.52601639217886,207.5,210.52601639217886,stop,2026-04-24 12:37:00,1.8928957660745784,-1.0,-1.040052909603768
NVDA,2026-04-24 13:00:00,short,210.0,-133157233,207.5,-107658214,0.808504439259413,-/-,199.71,False,no gap,2026-04-24 13:16:00,209.7,210.52790373989993,207.5,208.2,close,2026-04-24 15:59:00,2.6573137600101737,1.8118048363705823,1.7611467731456607
NVDA,2026-04-27 10:00:00,long,210.0,-37836629,212.5,51131851,0.7399816016830684,-/+,208.2,False,against unfilled gap,2026-04-27 10:06:00,210.55,209.47041022946925,212.5,209.47041022946925,stop,2026-04-27 10:17:00,1.8062416421760912,-1.0,-1.0390055566933516
NVDA,2026-04-27 11:30:00,long,210.0,-36088812,212.5,51667558,0.6984810855585627,-/+,208.2,False,gap already filled,2026-04-27 11:37:00,210.27,209.4713916502842,212.5,212.5,target,2026-04-27 12:34:00,2.7923574813531067,2.7923574813531067,2.7396983775321093
NVDA,2026-04-28 10:00:00,short,212.5,22903687,210.0,-41238530,0.5553953305319079,+/-,216.64,False,against unfilled gap,2026-04-28 10:02:00,212.19,213.03419489897016,210.0,213.03419489897016,stop,2026-04-28 10:06:00,2.594187672386554,-1.0,-1.0502703819364112
NVDA,2026-04-29 10:00:00,long,210.0,-58971279,212.5,35524697,0.6024067580423345,-/+,213.15,True,no gap,2026-04-29 10:04:00,210.45,209.47122808014836,212.5,209.47122808014836,stop,2026-04-29 12:30:00,2.0944613943468857,-1.0,-1.043002868335639
NVDA,2026-05-01 10:30:00,long,197.5,-30296517,200.0,-70632890,0.42892931324203215,-/-,199.54,True,gap already filled,2026-05-01 10:33:00,197.92,196.98217017050536,200.0,200.0,target,2026-05-01 10:48:00,2.217886374035321,2.217886374035321,2.1756782902709877
NVDA,2026-05-01 13:00:00,short,200.0,-182875157,197.5,-46601248,0.2548254709085499,-/-,199.54,False,gap already filled,2026-05-01 13:26:00,199.7,200.51931582356812,197.5,198.3999,close,2026-05-01 15:59:00,2.685167229431694,1.5868117795382393,1.5380637890184654
NVDA,2026-05-04 12:00:00,long,195.0,-61396196,200.0,40590349,0.6611215619938408,-/+,198.3999,False,gap already filled,2026-05-04 12:09:00,195.46,194.4891699760004,200.0,198.57,close,2026-05-04 15:59:00,4.676410790527646,3.203444396154391,3.1631778211272303
NVDA,2026-05-06 15:00:00,short,207.5,-174515977,205.0,60945724,0.3492271885226875,-/+,196.45,False,toward unfilled gap,2026-05-06 15:12:00,207.2,208.04162261043052,205.0,208.04162261043052,stop,2026-05-06 15:57:00,2.6139982133733004,-1.0,-1.0492382208919047
NVDA,2026-05-08 13:00:00,long,215.0,-47356871,217.5,-30714964,0.6485851651812047,-/-,211.54,False,against unfilled gap,2026-05-08 13:09:00,215.4,214.40697559548,217.5,215.19,close,2026-05-08 15:59:00,2.1147516520654346,-0.21147516520655207,-0.25485778481178023
NVDA,2026-05-11 13:00:00,long,220.0,-48530362,225.0,-37474908,0.7721951054063846,-/-,215.19,False,no gap,2026-05-11 13:22:00,220.33,219.39132691432937,225.0,219.39132691432937,stop,2026-05-11 15:24:00,4.975108023538849,-1.0,-1.046944991470078
NVDA,2026-05-12 10:30:00,long,217.5,22134596,225.0,-26594089,0.832312624057173,+/-,219.5,False,no gap,2026-05-12 10:52:00,218.45,216.8904977020623,225.0,216.8904977020623,stop,2026-05-12 11:15:00,4.200057934292152,-1.0,-1.028015348267057
NVDA,2026-05-14 11:00:00,short,235.0,69715963,230.0,37188586,0.5334299979475289,+/+,225.84,False,toward unfilled gap,2026-05-14 11:04:00,234.2,235.710199114913,230.0,235.710199114913,stop,2026-05-14 11:31:00,2.7810902274578035,-1.0,-1.0310157776795532
NVDA,2026-05-20 10:00:00,short,225.0,33829565,200.0,-17541828,0.5185354289953181,+/-,220.63,False,gap already filled,2026-05-20 10:22:00,224.38,225.7680038107084,200.0,225.7680038107084,stop,2026-05-20 11:15:00,17.564793274996223,-1.0,-1.0323313233391604
NVDA,2026-05-20 12:30:00,short,225.0,37237259,200.0,-14568925,0.3912459023903988,+/-,220.63,False,gap already filled,2026-05-20 12:45:00,224.45,225.77557256395045,200.0,223.38,close,2026-05-20 15:59:00,18.444859726980415,0.8071983602400379,0.7733337486594999
NVDA,2026-06-01 12:30:00,short,222.5,-20273148,217.5,19779850,0.9756674197810818,-/+,211.2,False,toward unfilled gap,2026-06-01 12:32:00,222.05,223.29059883616884,217.5,223.29059883616884,stop,2026-06-01 13:43:00,3.667583643759616,-1.0,-1.0357972284877723
NVDA,2026-06-15 12:30:00,short,212.5,-33214839,207.5,26832347,0.8078421515154718,-/+,205.14,False,toward unfilled gap,2026-06-15 12:41:00,212.07,213.30009911162492,207.5,212.45,close,2026-06-15 15:59:00,3.7151477932238826,-0.3089181972483721,-0.34339834571703687
TSLA,2025-10-23 11:00:00,long,425.0,10200540,450.0,7353373,0.7208807572932413,+/+,438.92,False,toward unfilled gap,2025-10-23 11:02:00,426.64,423.13216268796776,450.0,449.08,close,2025-10-23 15:59:00,6.65937383124153,6.3971039714494795,6.372779012105636
TSLA,2025-10-27 12:00:00,long,455.0,-4941816,500.0,-4380170,0.8863482574017325,-/-,433.5,False,against unfilled gap,2025-10-27 12:25:00,456.45,452.99698793801923,500.0,452.99698793801923,stop,2025-10-27 15:15:00,12.612177200162558,-1.0,-1.0264377877520743
TSLA,2025-10-29 12:30:00,short,460.0,-6491900,450.0,-5682991,0.8753971872641292,-/-,460.52,False,no gap,2025-10-29 12:36:00,458.88,461.9553933422043,450.0,461.9553933422043,stop,2025-10-29 13:12:00,2.8874355283722117,-1.0,-1.0298420363797172
TSLA,2025-10-29 15:00:00,short,460.0,-6757078,450.0,-5515618,0.8162726551328844,-/-,460.52,False,no gap,2025-10-29 15:04:00,458.33,461.9546273056805,450.0,461.9546273056805,stop,2025-10-29 15:12:00,2.298167314180192,-1.0,-1.0252897725116017
TSLA,2025-11-07 10:00:00,short,435.0,9492001,415.0,-7502844,0.7904386019344077,+/-,446.055,False,against unfilled gap,2025-11-07 10:12:00,433.57,436.865211490597,415.0,436.865211490597,stop,2025-11-07 14:44:00,5.635450123001228,-1.0,-1.026315154656216
TSLA,2025-11-13 12:30:00,long,400.0,-11069012,415.0,-8054444,0.7276569941382303,-/-,430.48,False,toward unfilled gap,2025-11-13 12:53:00,401.03,398.33123811871815,415.0,398.33123811871815,stop,2025-11-13 13:09:00,5.176447798856832,-1.0,-1.029719554198648
TSLA,2025-11-13 15:00:00,long,400.0,-15080369,415.0,-7598184,0.5038460265793231,-/-,430.48,False,toward unfilled gap,2025-11-13 15:03:00,401.48,398.3453661651435,415.0,401.9,close,2025-11-13 15:59:00,4.313103447573438,0.13398694141868858,0.10837119035165031
TSLA,2025-11-19 12:30:00,long,400.0,-10064018,415.0,-13426250,0.7495777301927194,-/-,401.12,False,gap already filled,2025-11-19 12:42:00,402.35,398.0713786226348,415.0,404.04,close,2025-11-19 15:59:00,2.95655980847502,0.3949870416065444,0.3761795817023558
TSLA,2025-11-20 12:30:00,long,400.0,-7140613,415.0,-13829029,0.5163495571525666,-/-,404.04,False,gap already filled,2025-11-20 12:38:00,402.26,398.025104806294,415.0,398.025104806294,stop,2025-11-20 13:52:00,3.008338912125738,-1.0,-1.0189974004833862
TSLA,2025-11-20 14:30:00,long,400.0,-6143456,415.0,-12926967,0.4752434194347367,-/-,404.04,False,gap already filled,2025-11-20 14:44:00,401.12,398.04686901702814,415.0,398.04686901702814,stop,2025-11-20 15:38:00,4.516566354284511,-1.0,-1.0261049725652824
TSLA,2025-11-21 10:30:00,short,390.0,-7456363,380.0,6930563,0.9294830468956514,-/+,395.055,False,gap already filled,2025-11-21 10:33:00,387.79,391.8898346206579,380.0,391.8898346206579,stop,2025-11-21 11:30:00,1.9000766422988085,-1.0,-1.018917348424058
TSLA,2025-11-24 11:00:00,short,420.0,-5947705,410.0,4598108,0.773089452150031,-/+,391.16,False,toward unfilled gap,2025-11-24 11:29:00,417.6,422.1388026624424,410.0,417.56,close,2025-11-24 15:59:00,1.6744504146189032,0.00881289691905134,-0.009588431847918447
TSLA,2025-11-25 11:00:00,long,410.0,7885298,420.0,-7685730,0.9746911277164161,+/-,417.56,True,no gap,2025-11-25 11:03:00,411.14,407.88273063667845,420.0,420.0,target,2025-11-25 12:36:00,2.720069792129562,2.720069792129562,2.694825334018136
TSLA,2025-11-25 13:00:00,short,420.0,-9755296,410.0,8632852,0.884940036673413,-/+,417.56,False,no gap,2025-11-25 13:11:00,418.62,422.15302082167057,410.0,419.33,close,2025-11-25 15:59:00,2.4398384371604425,-0.2009611705781744,-0.2246587382478752
TSLA,2025-11-26 10:00:00,short,420.0,-7790401,410.0,10175462,0.7656066132427206,-/+,419.33,False,gap already filled,2025-11-26 10:03:00,418.82,422.15513293952694,410.0,422.15513293952694,stop,2025-11-26 12:45:00,2.644572243423384,-1.0,-1.0251156405213284
TSLA,2025-12-03 11:00:00,long,440.0,6814988,450.0,4659747,0.6837498466615055,+/+,429.02,False,no gap,2025-12-03 11:04:00,441.26,437.72653694544755,450.0,446.89,close,2025-12-03 15:59:00,2.4734940949048756,1.5933377293265931,1.5683616651545629
TSLA,2025-12-17 10:00:00,long,490.0,-8622355,500.0,-9251723,0.9319728876448203,-/-,489.7,False,no gap,2025-12-17 10:05:00,492.24,488.39614178439064,500.0,488.39614178439064,stop,2025-12-17 10:25:00,2.018804951880824,-1.0,-1.0256117667400468
TSLA,2025-12-19 12:30:00,short,480.0,33851656,470.0,-21609959,0.6383722852435934,+/-,483.31,False,gap already filled,2025-12-19 12:42:00,479.15,481.56258730858804,470.0,481.56258730858804,stop,2025-12-19 13:30:00,3.7926088591400737,-1.0,-1.0397208422919555
TSLA,2025-12-26 11:00:00,long,477.5,-24067530,485.0,21637772,0.8990441478622858,-/+,484.35,True,no gap,2025-12-26 11:21:00,478.21,476.0947843918652,485.0,476.0947843918652,stop,2025-12-26 15:54:00,3.210074648601633,-1.0,-1.045216194336017
TSLA,2026-01-02 12:30:00,long,440.0,20531740,450.0,9813314,0.47795822468042165,+/+,449.62,True,gap already filled,2026-01-02 12:55:00,440.75,438.8095156880526,450.0,438.8095156880526,stop,2026-01-02 13:20:00,4.766851214951126,-1.0,-1.045426803740318
TSLA,2026-01-08 10:00:00,long,430.0,9474012,450.0,7559291,0.7978975538557477,+/+,431.35,False,gap already filled,2026-01-08 10:06:00,430.84,428.78626900148663,450.0,435.91,close,2026-01-08 15:59:00,9.329362031283342,2.468677740010801,2.426720930641719
TSLA,2026-01-12 10:00:00,short,450.0,11187047,445.0,7844943,0.7012523501510274,+/+,445.0,True,gap already filled,2026-01-12 10:16:00,449.01,451.22739317563907,445.0,451.22739317563907,stop,2026-01-12 11:37:00,1.8084298463867463,-1.0,-1.0404989069988089
TSLA,2026-01-13 10:00:00,short,450.0,15212684,445.0,8278200,0.544164330239161,+/+,448.94,False,no gap,2026-01-13 10:21:00,448.3,451.23860153913483,445.0,451.23860153913483,stop,2026-01-13 10:59:00,1.122983145571887,-1.0,-1.0305111117672652
TSLA,2026-01-13 15:00:00,long,445.0,9444035,450.0,14058523,0.6717658035627213,+/+,448.94,True,no gap,2026-01-13 15:22:00,445.82,443.76667345404155,450.0,447.17,close,2026-01-13 15:59:00,2.035721014870963,0.6574697057597707,0.6140455362454276
TSLA,2026-01-20 15:00:00,long,420.0,5178176,430.0,6953398,0.7446971969675833,+/+,437.55,False,toward unfilled gap,2026-01-20 15:11:00,420.64,418.88257211645845,430.0,418.88257211645845,stop,2026-01-20 15:25:00,5.3259653426790425,-1.0,-1.0478699585842843
TSLA,2026-01-21 13:00:00,short,425.0,-5841103,420.0,9524325,0.6132826210781341,-/+,419.24,True,toward unfilled gap,2026-01-21 13:20:00,424.33,426.12525542434,420.0,426.12525542434,stop,2026-01-21 13:33:00,2.4119130577710117,-1.0,-1.0472723818847103
TSLA,2026-01-23 12:00:00,long,447.5,37753252,452.5,17368888,0.4600633608993472,+/+,449.37,False,no gap,2026-01-23 12:13:00,448.44,446.31029340074673,452.5,446.31029340074673,stop,2026-01-23 12:46:00,1.906365882241031,-1.0,-1.0421128431641462
TSLA,2026-01-23 15:00:00,long,447.5,71712225,452.5,8998106,0.1254752031470227,+/+,449.37,False,no gap,2026-01-23 15:12:00,448.12,446.3110098197351,452.5,449.07,close,2026-01-23 15:59:00,2.4212403404857485,0.5251548683701909,0.47561120529354817
TSLA,2026-01-30 11:30:00,short,440.0,11672751,435.0,-17514905,0.6664467206644855,+/-,416.51,False,toward unfilled gap,2026-01-30 11:39:00,438.37,441.19443692088765,435.0,435.0,target,2026-01-30 11:58:00,1.1931581743170596,1.1931581743170596,1.1621169429297973
TSLA,2026-01-30 12:00:00,long,435.0,-24881571,440.0,8950925,0.3597411513927316,-/+,416.51,False,against unfilled gap,2026-01-30 12:02:00,435.86,433.81495930169774,440.0,433.81495930169774,stop,2026-01-30 13:16:00,2.024409589225721,-1.0,-1.0426260465487887
TSLA,2026-01-30 14:30:00,short,435.0,-53441876,430.0,-6004016,0.11234665489662077,-/-,416.51,False,toward unfilled gap,2026-01-30 14:45:00,434.4,436.17945743560654,430.0,430.27,close,2026-01-30 15:59:00,2.4726638086176864,2.320932165816156,2.272108294976905
TSLA,2026-02-03 10:00:00,long,420.0,2984298,425.0,2657041,0.8903403748553261,+/+,421.98,False,no gap,2026-02-03 10:02:00,420.81,418.82791477293847,425.0,425.0,target,2026-02-03 10:34:00,2.1139353357734922,2.1139353357734922,2.0714739931173183
TSLA,2026-02-04 15:00:00,long,407.5,-12388130,420.0,8190791,0.6611805817342892,-/+,421.81,True,no gap,2026-02-04 15:09:00,408.45,406.3321509659,420.0,406.3321509659,stop,2026-02-04 15:53:00,5.453646513056711,-1.0,-1.03857215442871
TSLA,2026-02-05 13:00:00,long,400.0,-8477572,420.0,5340208,0.6299218691389469,-/+,405.93,False,toward unfilled gap,2026-02-05 13:11:00,400.75,398.85513409530466,420.0,398.85513409530466,stop,2026-02-05 13:22:00,10.159030225991154,-1.0,-1.0422985076682176
TSLA,2026-02-06 13:30:00,short,412.5,-11473712,405.0,10617867,0.9254081852499,-/+,396.9,False,toward unfilled gap,2026-02-06 13:34:00,411.82,413.726724143599,405.0,413.726724143599,stop,2026-02-06 14:25:00,3.576815252953745,-1.0,-1.043196599925848
TSLA,2026-02-11 10:30:00,long,420.0,-30594402,440.0,16040296,0.5242885937107057,-/+,425.0999,False,gap already filled,2026-02-11 10:38:00,422.28,418.7003157222501,440.0,428.145,close,2026-02-11 15:59:00,4.950157227591708,1.6384126489743436,1.6148195068291131
TSLA,2026-02-20 10:00:00,short,412.5,-7452401,405.0,30012955,0.24830613979863028,-/+,411.7,False,gap already filled,2026-02-20 10:03:00,410.78,413.8746765303959,405.0,413.8746765303959,stop,2026-02-20 11:01:00,1.8677234739168316,-1.0,-1.0265475241735487
TSLA,2026-02-24 10:30:00,short,407.5,4313738,400.0,-3995673,0.9262669638258049,+/-,399.57,True,no gap,2026-02-24 10:35:00,406.76,408.9210020143333,400.0,408.9210020143333,stop,2026-02-24 14:03:00,3.128178481631621,-1.0,-1.0376454993842745
TSLA,2026-03-09 11:30:00,short,390.0,37083452,385.0,16171843,0.43609324719823817,+/+,396.63,False,against unfilled gap,2026-03-09 11:58:00,389.35,391.2449899436106,385.0,391.2449899436106,stop,2026-03-09 14:16:00,2.295526693778544,-1.0,-1.0410925663550654
TSLA,2026-03-13 10:00:00,long,395.0,12849739,402.5,9572597,0.7449643140611649,+/+,395.01,False,against unfilled gap,2026-03-13 10:19:00,395.67,393.73519270044267,402.5,393.73519270044267,stop,2026-03-13 10:46:00,3.530067310353115,-1.0,-1.0409001971504368
TSLA,2026-03-13 11:00:00,short,395.0,30780202,387.5,11008362,0.35764424158100067,+/+,395.01,False,gap already filled,2026-03-13 11:25:00,394.11,396.24453612161864,387.5,391.2,close,2026-03-13 15:59:00,3.0966915635925787,1.3632938653637614,1.3263668725611149
TSLA,2026-03-20 11:00:00,short,375.0,27533008,370.0,27304732,0.99170900615,+/+,380.255,False,no gap,2026-03-20 11:20:00,374.25,376.16219011082393,370.0,376.16219011082393,stop,2026-03-20 12:01:00,2.222582355144987,-1.0,-1.0391435974782595
TSLA,2026-03-30 10:00:00,short,365.0,7212338,360.0,9858175,0.7316098567939806,+/+,361.77,True,toward unfilled gap,2026-03-30 10:05:00,363.45,366.16375666007553,360.0,360.0,target,2026-03-30 12:30:00,1.271300426731683,1.271300426731683,1.2445146794797621
TSLA,2026-03-30 15:00:00,short,355.0,6994489,350.0,-4295039,0.6140604410129175,+/-,361.77,False,gap already filled,2026-03-30 15:03:00,354.23,356.13488678913524,350.0,355.28,close,2026-03-30 15:59:00,2.220604407635351,-0.551213860051302,-0.5884055716029174
TSLA,2026-04-01 14:00:00,short,380.0,21229441,375.0,14155793,0.6668000820181746,+/+,371.71,False,toward unfilled gap,2026-04-01 14:02:00,379.07,381.21503108717786,375.0,381.21503108717786,stop,2026-04-01 15:54:00,1.8974083985676529,-1.0,-1.0353440099088471
TSLA,2026-04-02 10:30:00,long,365.0,-7745341,370.0,7530308,0.9722371164807334,-/+,381.29,False,toward unfilled gap,2026-04-02 10:54:00,365.83,363.8280176671621,370.0,363.8280176671621,stop,2026-04-02 12:30:00,2.0829354643149562,-1.0,-1.036546776062846
TSLA,2026-04-08 14:00:00,short,347.5,-8291640,342.5,10221407,0.8112033891224564,-/+,346.53,False,gap already filled,2026-04-08 14:17:00,346.82,348.6083853998464,342.5,342.5,target,2026-04-08 14:40:00,2.4155867076364244,2.4155867076364244,2.3768008843983472
TSLA,2026-04-15 10:00:00,long,370.0,14578781,375.0,-8148192,0.5589076343214154,+/-,364.195,False,gap already filled,2026-04-15 10:02:00,371.49,368.7623963313563,375.0,375.0,target,2026-04-15 10:11:00,1.2868438477153488,1.2868438477153488,1.2596045530721707
TSLA,2026-04-23 11:30:00,short,380.0,4634675,370.0,9251699,0.5009539328938393,+/+,387.21,False,against unfilled gap,2026-04-23 11:54:00,379.31,381.3795453217514,370.0,370.0,target,2026-04-23 13:46:00,4.498572658520619,4.498572658520619,4.461916297723551
TSLA,2026-05-01 11:00:00,long,390.0,-13516052,400.0,10393571,0.7689798026820258,-/+,381.56,False,no gap,2026-05-01 11:03:00,390.83,388.6100766262547,400.0,390.67,close,2026-05-01 15:59:00,4.130773209765803,-0.07207455982141722,-0.10728568509017986
TSLA,2026-05-08 13:30:00,short,427.5,35945376,420.0,24561589,0.6833031597722055,+/+,411.86,False,toward unfilled gap,2026-05-08 13:41:00,426.71,429.06105975615066,420.0,429.06105975615066,stop,2026-05-08 14:33:00,2.85403209443986,-1.0,-1.0362993751123228
TSLA,2026-05-18 11:00:00,long,410.0,-18587463,420.0,13301673,0.715626064729759,-/+,422.18,True,no gap,2026-05-18 11:11:00,410.89,408.42191262072544,420.0,408.42191262072544,stop,2026-05-18 11:29:00,3.6911172904574125,-1.0,-1.0332962279577615
TSLA,2026-05-21 13:00:00,long,417.5,6498343,425.0,14513427,0.44774697251035195,+/+,417.28,False,gap already filled,2026-05-21 13:04:00,418.31,415.89950694354474,425.0,417.81,close,2026-05-21 15:59:00,2.7753658041388145,-0.20742644276074854,-0.242133864869248
TSLA,2026-06-05 10:00:00,long,410.0,16538797,420.0,12448843,0.7527054718671498,+/+,418.44,True,no gap,2026-06-05 10:02:00,410.93,408.4708495903909,420.0,408.4708495903909,stop,2026-06-05 10:13:00,3.688265656528816,-1.0,-1.033420485253305
TSLA,2026-06-10 10:00:00,long,390.0,10537612,400.0,9860146,0.9357097224684302,+/+,396.56,False,gap already filled,2026-06-10 10:09:00,390.8,388.5409592442324,400.0,388.5409592442324,stop,2026-06-10 10:42:00,4.0725250204146315,-1.0,-1.0345987560430008
TSLA,2026-06-22 10:30:00,short,410.0,7927002,400.0,5041801,0.6360287281370687,+/+,400.44,True,gap already filled,2026-06-22 10:32:00,408.77,411.591951492866,400.0,411.591951492866,stop,2026-06-22 11:15:00,3.107778437074804,-1.0,-1.0289707318522936
