hypothesis,test,period,n,mean_r_net,ci95_low,ci95_high,extra,passed
H1,"negative King, all Rug-family trades",Jul-Sep 2026,83,0.0549,-0.1693,0.2806,positive King mean -0.142 (n=263),False
H2,Rug at price S/R,Jul-Sep 2026,24,0.1311,-0.3688,0.5702,,False
H3,"Rug+Reverse Rug, King between entry and target",Jul-Sep 2026,43,0.3702,-0.0001,0.7054,King behind (not the level) mean -0.931 (n=20),True
H4,15:00 map: close ends nearer the King,Jul-Sep 2026,1416,,,,toward King 0.472 vs mirror 0.428,True
H5,rug on SPY/QQQ/SPXW,Jul-Sep 2026,54,-0.0517,-0.37,0.2428,,False
H5,reverse_rug on SPY/QQQ/SPXW,Jul-Sep 2026,42,-0.0919,-0.4307,0.2611,,False
H1,"negative King, all Rug-family trades",Oct 2025-Jun 2026,290,-0.1248,-0.2734,0.0309,positive King mean -0.112 (n=1027),False
H2,Rug at price S/R,Oct 2025-Jun 2026,62,-0.2088,-0.5605,0.1891,,False
H3,"Rug+Reverse Rug, King between entry and target",Oct 2025-Jun 2026,111,-0.0424,-0.3152,0.2349,King behind (not the level) mean -0.044 (n=79),True
H4,15:00 map: close ends nearer the King,Oct 2025-Jun 2026,997,,,,toward King 0.441 vs mirror 0.489,False
H5,rug on SPY/QQQ/SPXW,Oct 2025-Jun 2026,182,-0.1557,-0.3946,0.099,,False
H5,reverse_rug on SPY/QQQ/SPXW,Oct 2025-Jun 2026,166,0.0161,-0.2194,0.2475,,False
